user_id,item_id,timestamp
7980,50,1388564410
7980,58,1388564299
7980,160,1388564268
7980,318,1388564400
7980,329,1388564392
7980,497,1389960175
7980,527,1388564412
7980,553,1388564257
7980,653,1388564248
7980,750,1388564434
7980,785,1388564327
7980,805,1388564309
7980,858,1388564403
7980,904,1388564431
7980,908,1388564447
7980,1136,1388564604
7980,1197,1388564602
7980,1198,1388564461
7980,1203,1388564464
7980,1242,1388564305
7980,1356,1388564382
7980,1371,1388564406
7980,1372,1388564321
7980,1374,1388564389
7980,1375,1388564325
7980,1376,1388564387
7980,1747,1388564317
7980,2302,1388564239
7980,2321,1388564283
7980,2393,1388564398
7980,2657,1388564278
7980,2763,1388564291
7980,2959,1388564471
7980,3114,1388564544
7980,5618,1388564482
7980,6539,1388564542
7980,6934,1388564331
7980,79132,1388564818
11599,356,1447548693
11599,2571,1447548634
11599,4896,1447549090
11599,5418,1447548761
11599,5574,1447549346
11599,6365,1447549361
11599,6874,1447548773
11599,7090,1447548758
11599,8368,1447548984
11599,8636,1447549152
11599,8665,1447548791
11599,8961,1447548777
11599,33493,1447549237
11599,33794,1447548657
11599,40815,1447549009
11599,45186,1447549350
11599,49272,1447548938
11599,51662,1447549068
11599,53972,1447549124
11599,53996,1447549380
11599,58559,1447548640
11599,59315,1447548694
11599,60072,1447549376
11599,68319,1447549359
11599,68358,1447548670
11599,69844,1447548950
11599,73321,1447549198
11599,77561,1447549103
11599,81834,1447548713
11599,85020,1447549316
11599,86644,1447549182
11599,87232,1447548700
11599,88129,1447548962
11599,89745,1447548676
11599,91529,1447548682
11599,91630,1447549075
11599,93838,1447549050
11599,96079,1447548721
11599,99112,1447549213
11599,99114,1447548704
11599,102445,1447548697
11599,107953,1447549310
11599,110102,1447548716
11599,111362,1447548687
11599,111759,1447548680
11599,115149,1447549095
11599,122882,1447548772
11599,122892,1447549041
11599,130634,1447549285
17915,47,1338002014
17915,110,1338001973
17915,260,1338001675
17915,296,1338001857
17915,318,1338001755
17915,356,1338002036
17915,481,1338001209
17915,527,1338001761
17915,541,1338002112
17915,745,1338001775
17915,839,1338001286
17915,899,1338001990
17915,1179,1338001184
17915,1196,1338001678
17915,1208,1338002146
17915,1210,1338001681
17915,1214,1338002126
17915,1222,1338002065
17915,1245,1338001202
17915,1283,1338001950
17915,1284,1338001226
17915,1299,1338001933
17915,1374,1338002198
17915,1515,1338001317
17915,2028,1338001920
17915,2115,1338002210
17915,2247,1338001454
17915,2571,1338001787
17915,2628,1338001664
17915,2762,1338001938
17915,2858,1338001802
17915,2948,1338001168
17915,2949,1338001158
17915,3452,1338001297
17915,3704,1338001221
17915,3744,1338001304
17915,3811,1338002005
17915,4011,1338002048
17915,4427,1338001961
17915,4993,1338001851
17915,5378,1338001668
17915,5952,1338001889
17915,6873,1338001439
17915,6893,1338001463
17915,7149,1338001409
17915,7153,1338001836
17915,33493,1338001672
17915,46970,1338001472
17915,58559,1338001767
24687,2,1247284558
24687,47,1247284404
24687,50,1247283622
24687,60,1247283018
24687,104,1247284621
24687,296,1247284229
24687,318,1247283718
24687,356,1247284369
24687,364,1247284419
24687,480,1247284373
24687,500,1247284429
24687,527,1247291895
24687,555,1247284765
24687,586,1247284490
24687,593,1247284258
24687,924,1247284546
24687,1036,1247292018
24687,1089,1247284242
24687,1193,1247284209
24687,1198,1247291911
24687,1265,1247284450
24687,1270,1247284402
24687,1405,1247282938
24687,1485,1247284655
24687,1527,1247284505
24687,1617,1247284468
24687,1641,1247284688
24687,1682,1247284583
24687,1833,1247283194
24687,2011,1247284634
24687,2012,1247284600
24687,2028,1247284423
24687,2321,1247284789
24687,2329,1247283988
24687,2359,1247282993
24687,2502,1247291999
24687,2533,1247283137
24687,2542,1247286315
24687,2571,1247284007
24687,2683,1247284518
24687,2692,1247284710
24687,2694,1247282936
24687,2716,1247284480
24687,2717,1247282957
24687,2762,1247283763
24687,2770,1247282908
24687,2805,1247283085
24687,2858,1247284036
24687,2959,1247283759
24687,2997,1247284499
24687,3114,1247284576
24687,3147,1247284645
24687,3174,1247282964
24687,3275,1247287553
24687,3301,1247283015
24687,3578,1247284470
24687,3751,1247284701
24687,4011,1247284835
24687,4022,1247284681
24687,4027,1247284675
24687,4226,1247283706
24687,4306,1247284476
24687,4878,1247284095
24687,4963,1247284631
24687,4973,1247284033
24687,4993,1247284172
24687,5445,1247284587
24687,5669,1247287757
24687,5747,1247283302
24687,5952,1247284176
24687,5989,1247284813
24687,6433,1247287942
24687,6874,1247284696
24687,7022,1247287589
24687,7153,1247284174
24687,7361,1247284102
24687,7438,1247284796
24687,8874,1247287588
24687,32587,1247282913
24687,33794,1247287303
24687,46578,1247287517
24687,46976,1247287601
24687,47610,1247283784
24687,48516,1247287249
24687,48780,1247287279
24687,49530,1247287574
24687,51255,1247287613
24687,52973,1247287924
24687,53322,1247283208
24687,53953,1247283500
24687,53956,1247292061
24687,54503,1247287904
24687,54997,1247283187
24687,56367,1247287561
24687,57669,1247291933
24687,58559,1247284001
24687,59315,1247287540
24687,60069,1247284306
24687,63082,1247284263
24687,68554,1247283398
24687,69122,1247283928
27267,1,1039120154
27267,150,1132344881
27267,165,1132344932
27267,260,1024273779
27267,296,1039120538
27267,329,1039742328
27267,377,1132344914
27267,380,1132344893
27267,457,1132344866
27267,480,1132344855
27267,485,1078299774
27267,541,1024273779
27267,589,1132344906
27267,593,1024273674
27267,780,1099770073
27267,786,1099770098
27267,924,1024273802
27267,1036,1133422356
27267,1079,1039119302
27267,1097,1024273601
27267,1127,1200635490
27267,1136,1024273872
27267,1196,1133422352
27267,1197,1024273699
27267,1198,1024273715
27267,1199,1099770106
27267,1210,1024273661
27267,1220,1024274018
27267,1240,1024273779
27267,1265,1024273914
27267,1267,1097021037
27267,1270,1024273629
27267,1275,1133422378
27267,1288,1024273715
27267,1297,1133422374
27267,1307,1024273859
27267,1356,1039742328
27267,1371,1039742328
27267,1372,1039742328
27267,1373,1240548465
27267,1374,1039742328
27267,1375,1039742328
27267,1376,1039742328
27267,1527,1200635484
27267,1641,1024273962
27267,1682,1108250304
27267,1876,1108250280
27267,1923,1024273962
27267,1968,1024274018
27267,2115,1108250253
27267,2393,1039742328
27267,2407,1099770127
27267,2470,1108250263
27267,2571,1074621151
27267,2657,1099770112
27267,2716,1108250447
27267,2762,1039120538
27267,2797,1039111345
27267,2916,1200635517
27267,2948,1024273699
27267,2997,1039120538
27267,3039,1024274036
27267,3104,1024274037
27267,3114,1108250293
27267,3210,1024274053
27267,3255,1099770133
27267,3300,1348591643
27267,3471,1024273802
27267,3703,1024273802
27267,3751,1039111345
27267,3793,1133422371
27267,3977,1108250247
27267,4015,1099371849
27267,4226,1074620732
27267,4306,1024273629
27267,4361,1039120154
27267,4369,1296786998
27267,4571,1099770140
27267,5049,1024274037
27267,5060,1024273645
27267,5309,1108250510
27267,5349,1108250299
27267,5418,1077514773
27267,6365,1074621172
27267,6377,1074620711
27267,6595,1078199789
27267,6934,1074621175
27267,6979,1074620760
27267,7299,1099770035
27267,7360,1099329188
27267,8376,1102563835
27267,8972,1200635867
27267,27266,1133899590
27267,31658,1130431948
27267,34405,1133422413
27267,36517,1133899612
27267,38038,1133422426
27267,38061,1133422417
27267,39427,1133422448
27267,40339,1133422439
27267,43928,1278034220
27267,45186,1148319281
27267,46948,1169333293
27267,49274,1169333275
27267,65577,1240547990
27267,89745,1348591491
27267,91094,1326312359
27267,94864,1348591529
27267,96610,1360941108
35806,1214,1446692271
35806,57669,1446694065
35806,77561,1446695121
35806,91529,1446692162
35806,101962,1449967729
35806,106782,1446692053
37862,1,1451796094
37862,32,1451796106
37862,47,1451796114
37862,50,1451796109
37862,150,1451796088
37862,260,1451796197
37862,296,1451796194
37862,318,1451795767
37862,356,1451796244
37862,527,1451795834
37862,593,1451796065
37862,608,1451796103
37862,778,1451795931
37862,780,1451796090
37862,1704,1451795862
37862,2028,1451795865
37862,2692,1451796288
37862,2726,1451796297
37862,2762,1451795871
37862,2858,1451796203
37862,2959,1451796014
37862,3481,1451796432
37862,3793,1451796383
37862,3948,1451796421
37862,3949,1451796258
37862,3977,1451796425
37862,4011,1451796240
37862,4022,1451796406
37862,4027,1451796402
37862,4226,1451796188
37862,4878,1451796293
37862,4973,1451796190
37862,4993,1451796211
37862,4995,1451796395
37862,5010,1451796479
37862,5502,1451796476
37862,5669,1451796458
37862,5902,1451795956
37862,6502,1451796450
37862,6711,1451796429
37862,6874,1451796393
37862,6942,1451795962
37862,7147,1451796444
37862,7153,1451796210
37862,7361,1451796230
37862,7438,1451796401
37862,30749,1451795966
37862,33166,1451795959
37862,46578,1451796443
37862,48516,1451796214
37862,55820,1451796466
37862,56367,1451796460
37862,61240,1451796314
37862,63082,1451796463
37862,68157,1451796269
37862,68237,1451795889
37862,68954,1451796273
37862,76251,1451795891
37862,99114,1451796250
37862,109374,1451796280
37862,122882,1451796132
37862,122886,1451796120
37862,127098,1451796127
37862,131724,1451796122
43474,47,1442004156
43474,50,1443252182
43474,97,1442004840
43474,111,1443249281
43474,260,1442004227
43474,293,1442004520
43474,296,1442004206
43474,306,1442004620
43474,318,1442003866
43474,349,1443855209
43474,356,1442004166
43474,457,1443260355
43474,527,1443252344
43474,541,1442004243
43474,593,1442003868
43474,608,1442004141
43474,778,1442004514
43474,858,1442004118
43474,924,1445842542
43474,1203,1444200997
43474,1208,1444200814
43474,1209,1443250972
43474,1213,1442003861
43474,1221,1441998166
43474,1244,1444201398
43474,1252,1444201024
43474,1258,1444201468
43474,1266,1444200737
43474,1483,1442004086
43474,1572,1444201430
43474,1617,1444201041
43474,2571,1443420670
43474,2594,1446103220
43474,2731,1443419119
43474,2732,1441998247
43474,2763,1446102197
43474,2858,1444201455
43474,2951,1443419177
43474,2959,1442003873
43474,3503,1441998224
43474,3645,1443251389
43474,3681,1443250963
43474,4226,1442004126
43474,4235,1442004618
43474,4262,1442004196
43474,4878,1442004138
43474,4914,1441998196
43474,4973,1442004132
43474,5147,1442004553
43474,5225,1446103028
43474,5269,1442004080
43474,5291,1443249062
43474,5881,1442127866
43474,5995,1442004528
43474,6016,1441998174
43474,6214,1442004003
43474,6787,1443420611
43474,6971,1442004054
43474,6993,1445848358
43474,7043,1442010022
43474,7256,1443420678
43474,7361,1442004152
43474,7438,1442004160
43474,7748,1443249814
43474,7767,1442010169
43474,8930,1442004055
43474,26082,1442008625
43474,32587,1442003890
43474,33794,1442004202
43474,48394,1444201429
43474,48516,1442004191
43474,48774,1442004149
43474,55276,1443855161
43474,55820,1442003950
43474,56782,1442003977
43474,60950,1446103228
43474,64614,1442004622
43474,64839,1442004213
43474,65514,1442004835
43474,68157,1442004122
43474,69134,1442004032
43474,78039,1443855158
43474,78836,1442010064
43474,79132,1442004183
43474,80126,1442008726
43474,81932,1443249297
43474,86320,1442004061
43474,88129,1442003925
43474,89804,1443249067
43474,90531,1443249079
43474,91658,1443426946
43474,91976,1442127831
43474,94959,1444201703
43474,98056,1443418962
43474,103984,1441998264
43474,105954,1444201661
43474,107314,1443426879
43474,108727,1442004057
43474,108981,1442004580
43474,109374,1442004557
43474,109487,1442008527
43474,114439,1446102798
43474,115713,1441998208
43474,116797,1442127850
43474,117533,1442008529
43474,118898,1444200838
43474,122882,1443251381
44283,6,1401432196
44283,32,1401647260
44283,47,1401374797
44283,50,1401374540
44283,293,1401432175
44283,296,1401374657
44283,356,1401431935
44283,593,1401374625
44283,1089,1401646522
44283,1093,1401372394
44283,1625,1401646466
44283,1997,1401646441
44283,2085,1401372422
44283,2167,1401647908
44283,2194,1401431946
44283,2513,1401372716
44283,2571,1401374603
44283,2762,1401374756
44283,2826,1401372424
44283,2872,1401372465
44283,2959,1401374573
44283,3081,1401647334
44283,3147,1401374836
44283,3793,1401646218
44283,3798,1401372482
44283,3994,1401648031
44283,4148,1401647312
44283,4310,1401372431
44283,4448,1401372686
44283,4865,1401372626
44283,4878,1401646250
44283,4993,1401647849
44283,4995,1401431975
44283,5313,1401374197
44283,5445,1401647253
44283,5481,1401372441
44283,5782,1401431965
44283,5952,1401647881
44283,6333,1401646350
44283,6539,1401431924
44283,7019,1401648450
44283,7153,1401432166
44283,8874,1401432254
44283,32587,1401647921
44283,33437,1401374355
44283,42723,1401374336
44283,44191,1401432237
44283,45081,1401650421
44283,45499,1401648082
44283,48516,1401374685
44283,51255,1401554150
44283,51540,1401647304
44283,53953,1401374827
44283,54503,1401432410
44283,55820,1401646389
44283,58559,1401374568
44283,59369,1401647907
44283,60684,1401647272
44283,63082,1401432306
44283,64716,1401433584
44283,68157,1401432330
44283,68319,1401648012
44283,69122,1401432380
44283,69818,1401433570
44283,71535,1401432444
44283,73017,1401647256
44283,74458,1401432302
44283,76093,1401432384
44283,76251,1401432394
44283,79132,1401374640
44283,79357,1401374444
44283,81591,1401432359
44283,84152,1401647942
44283,84601,1401650293
44283,87232,1401432441
44283,92259,1401374587
44283,93510,1401374433
44283,97921,1401646233
44283,98809,1401646310
44283,99114,1401432273
44283,102481,1401650223
44283,103772,1401648159
44283,105653,1401650244
44283,106487,1401648573
44283,106782,1401648574
44283,111362,1401433416
72193,47,1449803463
72193,50,1449803303
72193,296,1443808793
72193,318,1443808626
72193,356,1443808555
72193,377,1449803490
72193,380,1449678045
72193,527,1443808634
72193,539,1450364786
72193,586,1450364679
72193,597,1450364617
72193,858,1443808629
72193,1193,1449302191
72193,1203,1443808723
72193,1213,1443808734
72193,1221,1443808632
72193,1246,1450614631
72193,1704,1450364670
72193,1961,1450365960
72193,2028,1449933044
72193,2706,1450614498
72193,2858,1443808795
72193,2959,1443808949
72193,3897,1443808888
72193,4011,1443808892
72193,4226,1443808855
72193,4973,1450364684
72193,4995,1443808974
72193,5989,1443808890
72193,47099,1450614662
72193,48516,1449803652
72193,55098,1450364066
72193,57183,1449245574
72193,64957,1443808669
72193,69844,1443808659
72193,76251,1443808656
72193,77846,1444405270
72193,79132,1449245577
72193,81845,1449677978
72193,88125,1443808671
72193,92259,1449244996
72193,106918,1450614652
72193,109487,1443808694
72193,112552,1443808690
73671,1,1443281783
73671,260,1443281570
73671,318,1443281566
73671,356,1443281793
73671,589,1443281720
73671,593,1443281760
73671,1196,1443281569
73671,1200,1443281762
73671,1210,1443281707
73671,1214,1443281767
73671,1240,1443281792
73671,2959,1443281776
73671,3793,1443295201
73671,3996,1443281788
73671,4022,1443295215
73671,4226,1443295204
73671,4306,1443295199
73671,4886,1443295180
73671,4993,1443281637
73671,4995,1443295246
73671,5349,1443295208
73671,5378,1443295283
73671,5952,1443281711
73671,6377,1443295209
73671,6539,1443295205
73671,7153,1443281583
73671,8961,1443295178
73671,33794,1443295219
73671,58559,1443281634
73671,59784,1443281666
73671,69844,1443281664
73671,76251,1443281656
73671,77561,1443281680
73671,79132,1443281769
73671,81834,1443281683
73671,88125,1443281673
73671,88140,1443363408
73671,88744,1443363410
73671,91542,1443363414
73671,97921,1443363404
73671,99114,1443281779
73671,109374,1443295232
73671,109487,1443281687
73671,111759,1443281773
73671,111921,1443363355
73671,112852,1443281715
73671,115617,1443281765
73671,116797,1443295273
75698,6,1441032493
75698,32,1441009607
75698,47,1441009425
75698,50,1441029924
75698,110,1441029968
75698,293,1441009166
75698,296,1441029941
75698,318,1441009129
75698,858,1441009931
75698,2028,1441009177
75698,2329,1441009194
75698,2571,1441009080
75698,2858,1441029949
75698,2959,1441009204
75698,3147,1441009200
75698,3198,1441030073
75698,4011,1441030219
75698,4874,1441099275
75698,4995,1441098964
75698,5418,1441009548
75698,5445,1441009638
75698,5903,1441009361
75698,5952,1441029953
75698,6016,1441009213
75698,6187,1441098929
75698,7153,1441009175
75698,7254,1441009623
75698,7438,1441032408
75698,8665,1441032435
75698,8798,1441009247
75698,27904,1441009652
75698,32587,1441032416
75698,36529,1441032835
75698,38061,1441009556
75698,44191,1441030047
75698,44199,1441030129
75698,48516,1441009192
75698,48774,1441009264
75698,48780,1441029964
75698,49272,1441009290
75698,49530,1441009273
75698,52319,1441032528
75698,54286,1441009190
75698,55765,1441009145
75698,58559,1441029944
75698,59315,1441030084
75698,63082,1441030062
75698,68157,1441009256
75698,70286,1441009286
75698,72998,1441009356
75698,73017,1441009349
75698,74458,1441030076
75698,79132,1441009180
75698,81845,1441029995
75698,84152,1441009579
75698,91542,1441009871
75698,92259,1441009405
75698,96610,1441009377
75698,97752,1441009649
75698,99114,1441009243
75698,101864,1441009478
75698,106487,1441009627
75698,106782,1441009344
75698,109487,1444119533
87647,296,1141171146
87647,318,1141210404
87647,356,1141171059
87647,370,1141169988
87647,750,1141211435
87647,778,1141242162
87647,784,1141169984
87647,1089,1141171214
87647,2329,1141210450
87647,2502,1141169979
87647,2580,1141210221
87647,2762,1141171031
87647,2858,1141171441
87647,2959,1141171166
87647,3052,1141169882
87647,3275,1141171019
87647,3481,1141210077
87647,3556,1141170996
87647,3617,1141242390
87647,3825,1141170634
87647,3897,1141169974
87647,3949,1141171220
87647,4025,1141170164
87647,4255,1141210423
87647,4389,1141210594
87647,4878,1141170983
87647,4890,1141170517
87647,4973,1141210120
87647,4974,1141241143
87647,4995,1141169912
87647,6188,1141170612
87647,6249,1141242409
87647,6281,1141240790
87647,6711,1141171004
87647,6863,1141210091
87647,6874,1141170975
87647,7034,1141211442
87647,7147,1141211421
87647,7285,1141242963
87647,7317,1141242383
87647,7361,1141171648
87647,7438,1141170156
87647,7451,1141170816
87647,7773,1148071665
87647,8464,1141170473
87647,8873,1141210143
87647,30707,1141171185
87647,32587,1141171113
87647,33679,1141170869
87647,34162,1141170870
88724,2,1117299619
88724,5,1114994900
88724,10,1121899979
88724,11,1121900068
88724,19,1114994870
88724,36,1121900315
88724,39,1121900019
88724,62,1121900035
88724,95,1121900023
88724,110,1114994739
88724,112,1114994384
88724,150,1121899832
88724,153,1117299633
88724,163,1114994416
88724,196,1117299625
88724,208,1117299945
88724,225,1114994846
88724,231,1121899969
88724,266,1121900120
88724,277,1117299581
88724,292,1121899992
88724,296,1121899754
88724,318,1121899845
88724,349,1121899944
88724,356,1121899797
88724,357,1117299855
88724,367,1121899977
88724,377,1121899938
88724,380,1121899856
88724,440,1114994856
88724,457,1121899823
88724,480,1121899812
88724,500,1117299599
88724,508,1121900100
88724,509,1114994830
88724,527,1114994727
88724,539,1121899997
88724,586,1114995020
88724,587,1121899995
88724,588,1121899934
88724,593,1121899783
88724,597,1121899965
88724,736,1117299561
88724,762,1114994808
88724,780,1117299447
88724,784,1117299556
88724,788,1121900094
88724,858,1117299551
88724,904,1218316307
88724,905,1117300113
88724,908,1114994374
88724,909,1143324894
88724,910,1114994800
88724,912,1114994788
88724,1035,1143324821
88724,1036,1121900046
88724,1079,1121900103
88724,1084,1114994783
88724,1092,1117299523
88724,1096,1121899621
88724,1097,1121899990
88724,1101,1117299513
88724,1193,1121900038
88724,1198,1121899955
88724,1203,1188166070
88724,1206,1121900128
88724,1207,1117299865
88724,1208,1117299971
88724,1219,1114994360
88724,1221,1143324872
88724,1225,1117299516
88724,1228,1117300102
88724,1230,1114994349
88724,1240,1121899406
88724,1262,1218316320
88724,1267,1117299939
88724,1272,1143324867
88724,1291,1117299536
88724,1293,1143324819
88724,1307,1121900082
88724,1370,1117299491
88724,1387,1114994795
88724,1393,1121900072
88724,1485,1114994395
88724,1517,1114994337
88724,1544,1114994813
88724,1580,1121900029
88724,1616,1121899597
88724,1617,1121900026
88724,1645,1117299959
88724,1682,1114994733
88724,1704,1121900090
88724,1721,1117299480
88724,1784,1121900107
88724,1923,1117299476
88724,1945,1117300096
88724,1950,1143324876
88724,1952,1121899607
88724,1954,1143324811
88724,1955,1143324840
88724,1959,1117299761
88724,1961,1121900079
88724,2001,1114994465
88724,2002,1121899560
88724,2019,1117299779
88724,2028,1121899987
88724,2054,1114994420
88724,2058,1121899564
88724,2100,1114994473
88724,2194,1143324756
88724,2268,1121899419
88724,2324,1117299496
88724,2338,1121899573
88724,2353,1114994451
88724,2396,1121900053
88724,2424,1121899578
88724,2470,1114994699
88724,2571,1121899972
88724,2617,1114994720
88724,2683,1121899431
88724,2712,1117299459
88724,2762,1114994730
88724,2805,1121899543
88724,2858,1121899444
88724,2881,1121899547
88724,2947,1114994990
88724,2950,1117299954
88724,2990,1121899552
88724,2991,1114994979
88724,3147,1114994455
88724,3173,1117299874
88724,3247,1114994962
88724,3252,1114994950
88724,3408,1121899441
88724,3448,1117299932
88724,3471,1117299455
88724,3507,1121899529
88724,3552,1114994947
88724,3578,1121900085
88724,3635,1117299723
88724,3948,1114994724
88724,3977,1114994487
88724,3996,1114994712
88724,4018,1121899494
88724,4041,1114994924
88724,4326,1218316291
88724,4327,1117299681
88724,4370,1117299687
88724,4447,1117299936
88724,4886,1117299439
88724,4896,1121899451
88724,4963,1114994746
88724,4993,1121900142
88724,4995,1143324806
88724,5266,1114994933
88724,5459,1121899506
88724,5669,1117299662
88724,5816,1121899511
88724,5952,1114994400
88724,5989,1143324763
88724,5991,1117299650
88724,5992,1117299884
88724,6373,1117299641
88724,6787,1188166052
88724,8360,1117299609
88724,8622,1121899482
90436,296,1424837018
90436,318,1424836785
90436,527,1424836786
90436,593,1424836948
90436,858,1424837022
90436,1704,1424836796
90436,2028,1424836791
90436,2324,1424836789
90436,2329,1424836933
90436,2571,1424836793
90436,2762,1424836800
90436,2858,1424837049
90436,2959,1424836937
90436,4993,1424837010
90436,5952,1424837044
90436,7153,1424837045
90436,79132,1424836941
90436,91077,1424836846
90436,96821,1424836831
90436,112183,1424836855
90436,112290,1424836849
90436,112556,1424836834
94767,1,1440326215
94767,32,1441403814
94767,260,1441403936
94767,318,1441403472
94767,527,1440325705
94767,589,1442053045
94767,1214,1449355568
94767,1653,1442053034
94767,1732,1440325552
94767,2324,1440326110
94767,2571,1440326117
94767,2762,1440326124
94767,2858,1440325997
94767,3147,1442068264
94767,3578,1442068322
94767,4226,1440325853
94767,4993,1440325588
94767,4995,1442068309
94767,5903,1443287246
94767,5952,1440325696
94767,5995,1442068391
94767,7153,1440325697
94767,7254,1440325764
94767,8783,1445720385
94767,27773,1445719583
94767,30707,1440325768
94767,34048,1442068024
94767,41285,1442067665
94767,48774,1440325756
94767,50872,1441403552
94767,51662,1442068353
94767,56174,1443287180
94767,58559,1440326024
94767,60069,1441403488
94767,60684,1449355335
94767,62376,1451692812
94767,63082,1441403480
94767,64614,1442005555
94767,64957,1449355344
94767,65642,1441404261
94767,68157,1440326283
94767,68237,1441403785
94767,68954,1440326205
94767,70286,1449355116
94767,71530,1442068148
94767,72998,1441403711
94767,73321,1440325608
94767,74458,1440326357
94767,74545,1442067879
94767,76093,1441403537
94767,77795,1447520441
94767,78349,1441404319
94767,78499,1441403494
94767,79132,1440326001
94767,81591,1440326368
94767,84152,1442067862
94767,85414,1442067855
94767,87232,1449355197
94767,87306,1442067957
94767,88163,1440325606
94767,88744,1449355229
94767,88810,1449355500
94767,89745,1449355171
94767,91500,1443287100
94767,92420,1449355292
94767,94864,1442068035
94767,95510,1440325623
94767,96610,1441403715
94767,97752,1449355266
94767,97921,1449355484
94767,97938,1449355400
94767,98809,1443287238
94767,99114,1440326206
94767,100556,1442068489
94767,101864,1442068078
94767,103253,1442068088
94767,104841,1440326287
94767,104879,1442068420
94767,105844,1449355495
94767,106002,1443287248
94767,106487,1443287174
94767,106489,1443287241
94767,106782,1440326218
94767,106920,1440326115
94767,108190,1443346384
94767,108729,1445719799
94767,109374,1440326273
94767,109487,1440325630
94767,111362,1449355203
94767,111759,1440326351
94767,112290,1442053088
94767,112556,1440325636
94767,112852,1441403723
94767,113741,1441404294
94767,114180,1443287157
94767,114935,1441404206
94767,115569,1440325784
94767,115617,1440325650
94767,115713,1440325640
94767,116797,1440325654
94767,116823,1443287177
94767,117529,1443287262
94767,118696,1443287239
94767,122882,1440325634
94767,130490,1443346389
96928,1,1434302827
96928,47,1434304876
96928,356,1434302817
96928,480,1434302814
96928,593,1434302823
96928,608,1434303480
96928,1270,1434302810
96928,1282,1434303407
96928,1704,1434303535
96928,1732,1434303315
96928,1968,1434303488
96928,2144,1434303387
96928,2542,1434304938
96928,2571,1434302807
96928,2726,1434304979
96928,2762,1434303546
96928,2858,1434303548
96928,2918,1434305004
96928,2959,1434303572
96928,3186,1434304727
96928,3677,1434304967
96928,4011,1434303523
96928,4878,1434303537
96928,4973,1434303567
96928,4979,1434303361
96928,4993,1434303565
96928,5952,1434303561
96928,6377,1434303511
96928,7147,1434303492
96928,7153,1434303569
96928,7361,1434303559
96928,8784,1434303573
96928,27815,1434303509
96928,33166,1434303507
96928,36517,1434303368
96928,46578,1434303532
96928,48394,1434303527
96928,55247,1434304948
96928,55442,1434303518
96928,55814,1434303494
96928,55820,1434304926
96928,56367,1434303498
96928,58559,1434304818
96928,63082,1434303533
96928,68954,1434303542
96928,72998,1434303497
96928,76093,1434304780
96928,79132,1434304847
96928,81591,1434304760
96928,88810,1434303501
96928,91529,1434303945
96928,92259,1434303540
96928,94959,1434303519
96928,96821,1434303490
96928,97921,1434303479
96928,99114,1434303544
96928,100556,1436707286
96928,105844,1434304753
96928,106100,1434303486
96928,106487,1434303341
96928,106782,1434303327
96928,106920,1434303970
96928,109374,1434303950
96928,109487,1434303575
96928,112290,1434304898
96928,114028,1434304030
96928,116797,1434303563
96928,120478,1436707258
97626,110,1445621354
97626,170,1445621164
97626,260,1446774998
97626,318,1451342496
97626,364,1446776040
97626,1907,1445621040
97626,3114,1451342670
97626,4886,1445621294
97626,4993,1445619960
97626,5952,1445619962
97626,5971,1445621101
97626,6377,1446776037
97626,7153,1445619955
97626,8665,1445621270
97626,8874,1445621128
97626,26662,1446776032
97626,31685,1446775181
97626,44191,1446776095
97626,47099,1445621450
97626,51662,1445621667
97626,54286,1445621269
97626,56174,1445621456
97626,56587,1451342527
97626,63082,1446776046
97626,64716,1446775510
97626,64969,1445621837
97626,65514,1445621998
97626,69406,1446775629
97626,72998,1445621227
97626,79132,1451342515
97626,84152,1445620956
97626,87232,1445620970
97626,91500,1445620965
97626,97938,1445621009
97626,98621,1445621085
97626,98809,1445620976
97626,104374,1446776100
97626,106489,1445621020
97626,106918,1445621861
97626,109374,1445620980
97626,109487,1445621648
97626,111364,1445621435
97626,111759,1445620947
97626,112852,1445620985
97626,113089,1445621215
97626,115617,1445620997
97626,115713,1445621137
97626,116797,1445619988
97626,132480,1445621481
97626,134130,1445621143
97626,134853,1445621308
97894,1,1174975936
97894,50,1159312633
97894,110,1174975921
97894,150,1174975926
97894,260,1159312628
97894,293,1174976454
97894,296,1174975899
97894,318,1159312809
97894,356,1174975904
97894,380,1174975934
97894,410,1159312485
97894,442,1159312521
97894,457,1174975911
97894,474,1159312497
97894,480,1174975911
97894,527,1216790010
97894,589,1159312800
97894,590,1174975931
97894,592,1174975916
97894,593,1174975909
97894,608,1174977702
97894,745,1159312674
97894,780,1159312792
97894,858,1174976419
97894,1036,1159836760
97894,1148,1174976435
97894,1193,1159836620
97894,1196,1159836502
97894,1197,1159836547
97894,1198,1159836498
97894,1200,1159312662
97894,1210,1216790084
97894,1213,1159312494
97894,1214,1159836569
97894,1218,1159312669
97894,1221,1216789976
97894,1222,1216790054
97894,1259,1174977739
97894,1270,1174976814
97894,1291,1159836613
97894,1307,1159312508
97894,1517,1159312517
97894,1610,1159312523
97894,1923,1159312505
97894,2028,1174976814
97894,2329,1159836573
97894,2571,1159312640
97894,2683,1159312489
97894,2762,1159836580
97894,2858,1174977679
97894,2959,1229043283
97894,2987,1159312533
97894,3000,1174976536
97894,3114,1159312531
97894,3147,1174976829
97894,3265,1159312667
97894,3751,1174976831
97894,3793,1159312510
97894,3948,1174976833
97894,3996,1159312492
97894,4226,1159836510
97894,4235,1216790044
97894,4973,1174977671
97894,4993,1159312501
97894,5349,1174976824
97894,5618,1159836583
97894,5782,1159836561
97894,5952,1159312526
97894,6016,1216789970
97894,6350,1174976475
97894,6365,1174976819
97894,7153,1159312630
97894,7256,1174976491
97894,7361,1174976501
97894,7981,1159836556
97894,8961,1159312638
97894,30749,1159836616
97894,33794,1159836520
97894,38061,1174977726
97894,40732,1174977831
97894,46578,1160363151
97894,46948,1174977781
97894,48516,1174976417
97894,48774,1174976519
97894,48780,1174976042
97894,49272,1229046409
97894,55290,1229046020
97894,55820,1216790027
97894,57669,1220245769
97894,58559,1216789917
97894,59315,1229046436
97894,60074,1216790148
97894,61132,1223615480
97894,61240,1232606520
97894,63113,1229046383
102817,97,1443354200
102817,293,1449433880
102817,306,1422046990
102817,307,1422046965
102817,308,1422047001
102817,527,1422047792
102817,750,1422047726
102817,1178,1445795368
102817,1206,1444940974
102817,1222,1422047710
102817,1258,1422047646
102817,2691,1422048026
102817,2692,1443354595
102817,2712,1422047692
102817,2731,1443353654
102817,2858,1443354184
102817,2959,1443354352
102817,3462,1443353946
102817,3949,1443354573
102817,4144,1449433870
102817,4720,1443354471
102817,4973,1422047857
102817,5618,1449434068
102817,7178,1422048411
102817,7323,1443353606
102817,8951,1443354037
102817,27834,1443354013
102817,44555,1443353577
102817,46723,1444857317
102817,52579,1443353925
102817,54997,1444940945
102817,55442,1443354246
102817,61236,1443354094
102817,76111,1443353716
102817,77307,1445803162
102817,79132,1443354610
102817,81447,1422047499
102817,87004,1422047209
102817,87790,1422047621
102817,89759,1443353789
102817,90430,1443353993
102817,91902,1443353674
102817,96606,1445881984
102817,98056,1443353933
102817,102753,1443353861
102817,106452,1443353906
102817,106920,1422047520
102817,109487,1443354408
102817,112183,1443354219
102817,126245,1422047315
104310,47,1371592275
104310,150,1366491607
104310,170,1227308906
104310,318,1302654517
104310,586,1364850013
104310,836,1227308940
104310,920,1364169200
104310,1240,1302819845
104310,1265,1305499722
104310,1270,1308175439
104310,1527,1326705438
104310,1682,1302819839
104310,1721,1302819834
104310,1895,1370107502
104310,1907,1227125692
104310,2539,1227310182
104310,2541,1227125655
104310,2571,1302733092
104310,2572,1305520713
104310,2706,1227310168
104310,2959,1302814957
104310,3147,1302733069
104310,3301,1227310134
104310,3510,1227308884
104310,3515,1227309464
104310,3821,1227309032
104310,4022,1364168284
104310,4226,1306444318
104310,4228,1227309399
104310,4306,1305499697
104310,4340,1227309442
104310,4718,1305583256
104310,4738,1306881469
104310,4886,1302819824
104310,4963,1386078667
104310,4973,1227310036
104310,4993,1302814170
104310,4995,1400724153
104310,5377,1364345214
104310,5617,1322301180
104310,5903,1364353055
104310,5952,1302814175
104310,5989,1302819922
104310,6365,1369952567
104310,6377,1302814186
104310,6378,1364850022
104310,6539,1306881354
104310,6586,1305583306
104310,6619,1227309605
104310,6942,1305499742
104310,7022,1373963525
104310,7143,1230623115
104310,7153,1302733080
104310,7254,1305499774
104310,7293,1227310151
104310,7346,1305583444
104310,7361,1305583062
104310,7451,1305583463
104310,7541,1227308561
104310,7827,1372161212
104310,8131,1302814105
104310,8361,1364849996
104310,8529,1227308970
104310,8531,1227307424
104310,8644,1302819910
104310,8961,1302733284
104310,32460,1399508856
104310,32825,1366500313
104310,33615,1230622940
104310,34405,1302814230
104310,35836,1302819898
104310,42718,1386078549
104310,43744,1338813574
104310,44191,1227445108
104310,44665,1372161101
104310,45722,1306881352
104310,46965,1227309475
104310,47099,1416953329
104310,47997,1399508775
104310,48774,1364849551
104310,49272,1305583214
104310,50872,1302641648
104310,50912,1338977948
104310,50954,1311549874
104310,51255,1347820835
104310,51412,1338813473
104310,51705,1305499707
104310,52694,1227309669
104310,53125,1306881313
104310,53996,1321220367
104310,54259,1305499685
104310,55668,1334582846
104310,56174,1373963664
104310,56367,1308175446
104310,57865,1311538622
104310,58803,1371071396
104310,59315,1369952488
104310,60069,1302641859
104310,60074,1322254535
104310,60950,1306275071
104310,61352,1334654849
104310,62155,1373970968
104310,62376,1230623588
104310,62434,1334582859
104310,62999,1230622862
104310,63082,1302814204
104310,63479,1334582909
104310,63853,1230623338
104310,63859,1234216616
104310,64030,1338813517
104310,64620,1370080778
104310,66171,1334582831
104310,67087,1306881974
104310,67197,1387770017
104310,68237,1386078586
104310,68358,1387667509
104310,68954,1302814146
104310,69134,1347820850
104310,69757,1302691493
104310,70208,1382254782
104310,70286,1376223341
104310,70599,1306881501
104310,70663,1370126367
104310,72356,1302641609
104310,72998,1302691539
104310,73042,1302642184
104310,73290,1322254334
104310,74668,1386078553
104310,76093,1302642160
104310,77561,1369952491
104310,77810,1326705361
104310,79091,1374754154
104310,79132,1302654337
104310,79357,1372161217
104310,79702,1374781117
104310,80463,1302641558
104310,80489,1374754175
104310,80549,1306881810
104310,80820,1311704786
104310,81562,1364169165
104310,81834,1302642206
104310,81845,1334582959
104310,81847,1302642142
104310,82095,1345753736
104310,82202,1371071548
104310,83910,1302641737
104310,84152,1322941193
104310,84374,1302641815
104310,84944,1322262284
104310,85367,1302641765
104310,85414,1339074084
104310,86059,1324585854
104310,86190,1322941163
104310,86320,1347820898
104310,86880,1306881306
104310,86882,1364345209
104310,88163,1370101160
104310,88356,1320517083
104310,88405,1373970977
104310,89864,1354525187
104310,90522,1320517116
104310,90746,1320847999
104310,91261,1322254422
104310,91500,1373963633
104310,91542,1369961171
104310,91789,1324285595
104310,91978,1387667458
104310,92198,1345753763
104310,92259,1378470091
104310,92371,1326705171
104310,92374,1326705223
104310,93270,1370909933
104310,93805,1387770072
104310,93831,1375756193
104310,95858,1416953367
104310,96610,1364334448
104310,97913,1377326951
104310,97921,1416953181
104310,97923,1364169253
104310,99910,1387770051
104310,100083,1364346877
104310,100302,1387667426
104310,100507,1371071405
104310,102445,1387675916
104310,102903,1387667472
104310,103253,1386078578
104310,103335,1374754156
104310,104374,1416953284
104310,104841,1386078423
104310,105504,1387484136
104310,109487,1416953544
104310,109846,1416953451
104310,112580,1416953528
110284,6,1200352526
110284,111,1200352562
110284,141,1200352495
110284,288,1200352536
110284,367,1200352421
110284,377,1200352339
110284,431,1200353510
110284,454,1200352457
110284,475,1200353458
110284,509,1200352716
110284,527,1200352331
110284,733,1200352391
110284,805,1200353173
110284,832,1200352928
110284,852,1200353221
110284,858,1200351614
110284,1186,1200348081
110284,1263,1200351720
110284,1271,1200353493
110284,1393,1200352604
110284,1457,1200351442
110284,1485,1200352876
110284,1589,1200348194
110284,1641,1200352922
110284,2020,1200348027
110284,2054,1200351703
110284,2302,1200353038
110284,2329,1200353008
110284,2379,1200351429
110284,2424,1200351688
110284,2470,1200353239
110284,2677,1200351484
110284,2881,1200348060
110284,3100,1200348179
110284,3147,1200352912
110284,3246,1200351342
110284,3450,1200348161
110284,3505,1200351469
110284,3513,1200351492
110284,3702,1200353622
110284,3703,1200353638
110284,4007,1200351358
110284,4235,1200687623
110284,4963,1200351645
110284,5989,1407185488
110284,6565,1200351791
110284,7361,1389476053
110284,55820,1389476299
110284,63082,1389476271
110284,72011,1390724915
110284,92259,1389479439
110284,97921,1391863644
110284,104944,1390774089
110284,105844,1389713825
110284,106441,1390138440
110284,106920,1391863634
110660,1136,1442933800
110660,1265,1442933823
110660,5618,1442933647
110660,6016,1442933650
110660,44397,1442933486
110660,53318,1442933462
110660,55052,1442933291
110660,55442,1442933283
110660,57274,1442933429
110660,58301,1442933622
110660,61236,1442933437
110660,62434,1442933317
110660,64957,1442933198
110660,67255,1442933237
110660,68952,1442933404
110660,109487,1442933655
110660,112556,1442933661
110660,116797,1442933786
124781,110,1444895504
124781,318,1444895702
124781,1198,1444895432
124781,1610,1444895573
124781,2000,1444895599
124781,2028,1444895681
124781,2571,1444895418
124781,2959,1444895857
124781,4306,1444895569
124781,4993,1444895449
124781,5952,1444895461
124781,6539,1444895536
124781,7153,1444895446
124781,8368,1444895666
124781,8961,1444895507
124781,49272,1444895545
124781,58559,1444895829
124781,68954,1444895496
124781,72998,1444895617
124781,79132,1444895494
124781,81834,1444895589
124781,89745,1444895493
124781,91529,1444895515
124781,109487,1444895749
124781,111759,1444895534
132557,1,1444057295
132557,32,1444058062
132557,47,1445026148
132557,50,1445026126
132557,111,1447533769
132557,318,1444057712
132557,356,1444057286
132557,480,1444057304
132557,593,1444057288
132557,858,1444057709
132557,1196,1444057437
132557,1213,1444057745
132557,1270,1444057298
132557,1617,1445026142
132557,1653,1444058010
132557,2571,1444057292
132557,2959,1444057607
132557,4878,1444057758
132557,4993,1444057390
132557,5010,1444058292
132557,5378,1444058090
132557,5445,1444058026
132557,5903,1444057875
132557,5952,1444057412
132557,6016,1445026043
132557,6333,1444057445
132557,6377,1445026073
132557,6539,1444057957
132557,6541,1444058742
132557,6870,1447533779
132557,6874,1444057730
132557,6934,1444058093
132557,7143,1444058291
132557,7153,1444057387
132557,7438,1444057771
132557,8360,1444057449
132557,8644,1444058035
132557,8961,1444057833
132557,31658,1445025994
132557,31696,1444058735
132557,32587,1444148076
132557,33794,1444057619
132557,34150,1444058765
132557,34405,1444058068
132557,44191,1444057863
132557,44665,1445026072
132557,45499,1444058772
132557,48516,1444147858
132557,48780,1444147851
132557,49272,1445026086
132557,50872,1445026026
132557,51662,1444057904
132557,52722,1444058780
132557,53464,1444058765
132557,54259,1444147984
132557,58559,1444057381
132557,59315,1444057909
132557,60040,1444148107
132557,60069,1444057763
132557,60072,1444148133
132557,60684,1444057877
132557,63082,1444058133
132557,66097,1444148093
132557,68157,1444057774
132557,68237,1444147942
132557,68319,1444148091
132557,68358,1444057615
132557,68954,1444057609
132557,69526,1444148143
132557,70286,1444057724
132557,71535,1444057819
132557,72998,1444058053
132557,73017,1444057821
132557,74458,1447533879
132557,76093,1444057716
132557,77561,1444147910
132557,78499,1444057713
132557,79091,1444057767
132557,79132,1444057720
132557,81564,1444057781
132557,81591,1445025925
132557,81847,1444147880
132557,85414,1444058031
132557,87232,1444147914
132557,88140,1444147875
132557,89745,1444147924
132557,89774,1444148169
132557,91529,1444057735
132557,96610,1444057911
132557,99114,1444058124
132557,101864,1444058077
132557,102125,1444147920
132557,103335,1444057796
132557,104913,1444148193
132557,107406,1444057889
132557,109487,1444058298
132557,110102,1444147897
132557,111362,1444057926
132557,111759,1444057906
132557,112175,1444057808
132557,112556,1445025944
132557,112852,1444057623
132557,115617,1444057963
132557,116797,1444058307
132557,122882,1444148215
132557,122892,1444147923
132557,122900,1444147907
132557,134130,1444057401
132557,134853,1444057840
132557,143385,1445025946
132770,1,1444074420
132770,65,1444074933
132770,246,1444075217
132770,296,1444076825
132770,356,1444074409
132770,441,1444074885
132770,480,1444074434
132770,608,1444075342
132770,750,1444075312
132770,902,1444077317
132770,1029,1444078374
132770,1077,1444075544
132770,1089,1444075352
132770,1091,1444074582
132770,1100,1444077084
132770,1197,1444076718
132770,1230,1444075529
132770,1234,1445298704
132770,1247,1444075387
132770,1270,1444074414
132770,1278,1444075495
132770,1282,1444078368
132770,1307,1444076750
132770,1449,1444077277
132770,1663,1444074822
132770,1732,1444075953
132770,2072,1444076663
132770,2078,1444078426
132770,2109,1444074559
132770,2174,1444078448
132770,2291,1444078467
132770,2301,1444075518
132770,2330,1444074520
132770,2450,1444078152
132770,2478,1444074575
132770,2502,1444077220
132770,2571,1444074424
132770,2712,1444077077
132770,2716,1444078101
132770,2791,1444075474
132770,2859,1444075690
132770,2918,1444077246
132770,3007,1444074536
132770,3034,1444078437
132770,3039,1444074810
132770,3359,1444077256
132770,3363,1444078064
132770,3552,1444075505
132770,3671,1444075499
132770,3814,1444075540
132770,3868,1444075493
132770,4308,1444076988
132770,4373,1444074728
132770,4649,1444074830
132770,4973,1444076911
132770,4993,1444076896
132770,5059,1444075134
132770,5541,1444074588
132770,5669,1444077719
132770,5952,1444076901
132770,6229,1444078045
132770,6331,1444074684
132770,6452,1448301192
132770,6863,1444074912
132770,6874,1444076920
132770,6978,1444074894
132770,7147,1444078462
132770,7153,1444075365
132770,7162,1444077017
132770,7225,1444075866
132770,7836,1444075249
132770,8376,1444075408
132770,8512,1448301249
132770,8641,1444075590
132770,8917,1444075462
132770,26163,1444076107
132770,26524,1444074783
132770,30793,1444078482
132770,33779,1444075944
132770,33847,1444074629
132770,38304,1444075231
132770,43396,1444076619
132770,46970,1444077145
132770,48385,1444075620
132770,52245,1444075426
132770,53996,1444076019
132770,54881,1444075884
132770,56563,1444076430
132770,58559,1444077441
132770,60069,1444078231
132770,60333,1444075059
132770,60766,1444075241
132770,69122,1444077177
132770,79318,1444074644
132770,80551,1444077610
132770,81910,1444077854
132770,85774,1444074756
132770,88129,1444076050
132770,89904,1444074606
132770,94896,1444074905
132770,96488,1444075706
132770,102590,1444074697
132770,111303,1444075986
132770,112290,1444074866
132770,131013,1444077128
132770,143639,1444075812
132770,143641,1444076277
137172,17,1449430252
137172,19,1449430267
137172,22,1449432728
137172,32,1449258214
137172,70,1449432654
137172,150,1449258259
137172,160,1449432567
137172,172,1449432610
137172,173,1449432554
137172,260,1449256647
137172,296,1449258046
137172,303,1449432861
137172,318,1449433561
137172,356,1449258060
137172,480,1449257361
137172,515,1449432751
137172,541,1449434014
137172,593,1449433522
137172,750,1449433508
137172,849,1449432782
137172,858,1449433530
137172,904,1449256985
137172,908,1449257801
137172,924,1449257694
137172,1193,1449433552
137172,1196,1449256644
137172,1198,1449256680
137172,1206,1449433906
137172,1207,1449433631
137172,1208,1449433590
137172,1210,1449256650
137172,1212,1449434003
137172,1214,1449256864
137172,1221,1449433541
137172,1233,1449256840
137172,1333,1449257824
137172,1393,1449430254
137172,1527,1449257020
137172,1610,1449257133
137172,2009,1449435102
137172,2021,1449434051
137172,2180,1449257861
137172,2181,1449257851
137172,2571,1449256572
137172,3000,1449433660
137172,3300,1449434877
137172,3527,1449257010
137172,3755,1449256714
137172,3801,1449256889
137172,4993,1449433496
137172,4995,1449433981
137172,5004,1449435160
137172,5266,1449434913
137172,5445,1449257325
137172,5618,1449433783
137172,5881,1449258481
137172,5952,1449433479
137172,6365,1449257713
137172,6662,1449435212
137172,6874,1449257092
137172,6934,1449257722
137172,7153,1449433488
137172,7438,1449257120
137172,33493,1449257529
137172,47610,1449258411
137172,48304,1449257384
137172,48774,1449258216
137172,49272,1449258318
137172,59315,1449257030
137172,67255,1449258242
137172,68237,1449258563
137172,68954,1449258557
137172,72998,1449434624
137172,79132,1449256850
137172,97752,1449257400
137172,98809,1449257232
137172,104841,1449257251
137172,109487,1449258037
137172,115713,1449256734
137172,116797,1449258067
137172,134130,1449256726
137172,134853,1449256753
145219,97,1444875777
145219,110,1444875726
145219,293,1444875863
145219,296,1444875608
145219,377,1445052453
145219,380,1445052343
145219,593,1444875618
145219,608,1444875850
145219,858,1444875492
145219,912,1444875663
145219,1196,1444875557
145219,1198,1444875604
145219,1208,1444875690
145219,1221,1444875612
145219,1247,1444875706
145219,1291,1444875761
145219,1704,1444875710
145219,2329,1444875645
145219,2571,1444875589
145219,2858,1444876033
145219,2918,1444875983
145219,2959,1444875571
145219,2997,1444875966
145219,3083,1444875961
145219,3578,1444875954
145219,3949,1444875685
145219,4226,1444875822
145219,4973,1444875813
145219,4993,1444875616
145219,4995,1444875981
145219,5878,1444875964
145219,5952,1444875640
145219,6016,1444875630
145219,6377,1445052361
145219,7153,1444875610
145219,7361,1444875857
145219,7669,1444875949
145219,8636,1445052438
145219,44191,1444875997
145219,48394,1444875877
145219,55247,1444875989
145219,55442,1444875978
145219,55820,1444875909
145219,58559,1444875576
145219,64614,1444875951
145219,81845,1444875915
145219,92259,1444875845
145219,99114,1444875668
145219,106489,1445052444
145219,109374,1444875893
145219,109487,1444875718
145219,112556,1444875995
145219,116797,1444875882
145219,116897,1444876004
