user_id,silhouette,essence_recall,recency_recall,essence_lt,recency_lt,stratum
67,0.03565967082977295,0.0,0.04,0.0,0.0,medium
92,0.02501296065747738,0.0,0.0,,,low
182,0.09055082499980927,0.0,0.0,0.0,0.0,high
264,0.02683282271027565,0.0,0.0,,,low
335,0.08278679847717285,0.0,0.0,,,high
400,0.03397626429796219,0.0,0.0,,,medium
419,0.0493457056581974,0.0,0.0,,,high
509,0.06168586388230324,0.0,0.0,,,high
559,0.018009325489401817,0.0,0.0,,,low
890,0.0441427119076252,0.0,0.0,,,high
953,0.01593736931681633,0.0,0.0,,,low
1049,0.03591494634747505,0.0,0.0,,,high
1159,0.02929706498980522,0.0,0.0,0.0,0.0,medium
1264,0.05075709521770477,0.0,0.0,,,high
1310,0.03252458944916725,0.0,0.0,,,medium
1510,0.02846965752542019,0.0,0.0,,,medium
1523,0.03972754627466202,0.0,0.0,,,high
1568,0.038403045386075974,0.0,0.0,,,high
1649,0.032925184816122055,0.0,0.0,0.0,0.0,medium
1873,0.024505648761987686,0.0,0.0,,,low
2002,0.021290218457579613,0.0,0.0,,,low
2063,0.016950076445937157,0.0,0.0,,,low
2226,0.03082604892551899,0.0,0.0,,,medium
2260,0.03204865753650665,0.0,0.0,,,medium
2297,0.019538670778274536,0.0,0.0,,,low
2396,0.05674656480550766,0.0,0.0,,,high
2501,0.04186049848794937,0.0,0.0,,,high
2810,0.023819362744688988,0.0,0.0,,,low
3146,0.02582794986665249,0.0,0.0,,,low
3161,0.04715031757950783,0.0,0.0,,,high
3171,0.025739844888448715,0.0,0.0,,,low
3307,0.019318489357829094,0.0,0.0,,,low
3367,0.030885376036167145,0.0,0.0,0.0,0.0,medium
3413,0.06073402613401413,0.0,0.0,,,high
3461,0.019748473539948463,0.0,0.0,,,low
3561,0.019323119893670082,0.0,0.0,0.0,0.0,low
3835,0.02142963744699955,0.0,0.0,,,low
3964,0.04538584128022194,0.0,0.0,,,high
4022,0.03419565036892891,0.0,0.0,,,medium
4057,0.028448520228266716,0.0,0.037037037037037,,,medium
4059,0.0324571393430233,0.0,0.0,,,medium
4157,0.037223316729068756,0.0,0.0,,,high
4186,0.04219897836446762,0.0,0.0,0.0,0.0,high
4291,0.04293474927544594,0.0,0.0,,,high
4359,0.039038628339767456,0.0,0.0555555555555555,0.0,0.0,high
4378,0.032266147434711456,0.0,0.0,,,medium
4462,0.033746376633644104,0.0,0.0,,,medium
4643,0.04469814896583557,0.0,0.0,,,high
4673,0.045752763748168945,0.0,0.0,,,high
4686,0.050402019172906876,0.2,0.0,,,high
4701,0.015860842540860176,0.0,0.0,,,low
4827,0.025815505534410477,0.0,0.0,,,low
5025,0.03157962113618851,0.0,0.0,,,medium
5087,0.02420777641236782,0.0,0.0333333333333333,0.0,0.0,low
5152,0.026181157678365707,0.0,0.0,,,low
5205,0.021129347383975983,0.0,0.0,0.0,0.0,low
5295,0.02478586509823799,0.0,0.1428571428571428,0.0,0.0,low
5307,0.027207057923078537,0.0,0.0,,,low
5418,0.040263157337903976,0.0,0.0,0.0,0.0,high
5833,0.03483806177973747,0.0,0.0,0.0,0.0,medium
5856,0.038635313510894775,0.0,0.0,,,high
5961,0.0211164727807045,0.0,0.0,,,low
6017,0.023908212780952454,0.0,0.0666666666666666,,,low
6052,0.03269844874739647,0.0,0.0,,,medium
6221,0.024536892771720886,0.0,0.0,,,low
6296,0.027753498405218124,0.0,0.032258064516129,,,medium
6409,0.02281004562973976,0.0,0.0,,,low
6463,0.018648847937583923,0.0,0.0,,,low
6483,0.031128080561757088,0.0,0.0,,,medium
6488,0.03413797914981842,0.0,0.2,,,medium
6544,0.024961840361356735,0.0,0.0,,,low
6547,0.04811977967619896,0.0,0.0,,,high
6673,0.03994699940085411,0.0,0.0,,,high
6798,0.033721648156642914,0.0,0.0,0.0,0.0,medium
7071,0.02342110127210617,0.0,0.0,,,low
7100,0.027265049517154694,0.0476190476190476,0.0,0.0,0.0,low
7170,0.035651542246341705,0.0,0.0,0.0,0.0,medium
7216,0.04531149938702583,0.0,0.0,0.0,0.0,high
7378,0.016785092651844025,0.0,0.0909090909090909,,,low
7408,0.028775595128536224,0.0,0.0,,,medium
7462,0.03742878884077072,0.0,0.0,,,high
7489,0.02953973226249218,0.0,0.0,,,medium
7525,0.034575048834085464,0.0,0.0,,,medium
7675,0.028331901878118515,0.0,0.0,0.0,0.0,medium
7980,0.061983924359083176,0.0,0.0,,,high
8163,0.06409573554992676,0.0,0.0,0.0,0.0,high
8174,0.06992930173873901,0.0,0.1,0.0,0.0,high
8184,0.020629359409213066,0.0,0.0,,,low
8231,0.03693548962473869,0.0,0.0,0.0,0.0,high
8232,0.035780370235443115,0.1111111111111111,0.0,,,high
8268,0.020481061190366745,0.0,0.0,0.0,0.0,low
8358,0.028613653033971786,0.0,0.0,0.0,0.0,medium
8397,0.026785515248775482,0.0,0.0,0.0,0.0,low
8474,0.018830448389053345,0.0,0.0,,,low
8727,0.03242633864283562,0.0,0.0,,,medium
8826,0.019862312823534012,0.0,0.0,,,low
8830,0.04213051497936249,0.0,0.0,,,high
8882,0.02709387056529522,0.0,0.0,,,low
9118,0.03369465097784996,0.0,0.0,,,medium
9146,0.027450643479824066,0.0,0.0,0.0,0.0,medium
9269,0.029525306075811386,0.0,0.0285714285714285,0.0,0.0,medium
9312,0.03399626910686493,0.0,0.2,,,medium
9441,0.03638599440455437,0.0,0.0,,,high
9533,0.02863876335322857,0.0,0.0555555555555555,,,medium
9557,0.06485863029956818,0.0,0.0,,,high
9604,0.02351939119398594,0.0,0.0,,,low
9736,0.030878057703375816,0.0,0.0,,,medium
9839,0.02395017258822918,0.0,0.0,0.0,0.0,low
9889,0.06466098129749298,0.0,0.0,,,high
9898,0.02417553775012493,0.0,0.0,,,low
9950,0.017018644139170647,0.0,0.0,0.0,0.0,low
10169,0.033400654792785645,0.0,0.0,,,medium
10314,0.024583803489804268,0.0,0.0,,,low
10372,0.01523053552955389,0.0,0.0,0.0,0.0,low
10450,0.026269456371665,0.0,0.0,,,low
10477,0.023990044370293617,0.0,0.0,0.0,0.0,low
10667,0.0681433156132698,0.0,0.0,,,high
10796,0.03388714790344238,0.0,0.0,,,medium
11007,0.019607853144407272,0.0,0.0,,,low
11097,0.020734969526529312,0.0,0.0,,,low
11176,0.03495239093899727,0.0,0.1666666666666666,,,medium
11196,0.05751932039856911,0.0,0.0,,,high
11212,0.01937146671116352,0.0,0.0,0.0,0.0,low
11245,0.020628834143280983,0.0,0.0,0.0,0.0,low
11272,0.020150039345026016,0.0,0.0,,,low
11319,0.030082635581493378,0.0,0.0,0.0,0.0,medium
11355,0.10176871716976166,0.0,0.0,,,high
11376,0.026860039681196213,0.0,0.0,,,low
11415,0.028325537219643593,0.0,0.0,,,medium
11439,0.020365528762340546,0.0,0.0,,,low
11576,0.03372493013739586,0.0,0.0,0.0,0.0,medium
11599,0.04140838608145714,0.032258064516129,0.064516129032258,0.0,0.0,high
11632,0.04197400435805321,0.0,0.0,0.0,0.0,high
11667,0.024893470108509064,0.0,0.1111111111111111,,,low
11668,0.019748538732528687,0.0,0.0,,,low
11866,0.021832861006259918,0.0,0.0,,,low
11912,0.02616843953728676,0.0,0.0,0.0,0.0,low
11981,0.03886055946350098,0.0,0.0,,,high
12077,0.021477406844496727,0.0,0.0,,,low
12114,0.03903937712311745,0.0,0.0,0.0,0.0,high
12234,0.02071821130812168,0.0,0.0,0.0,0.0,low
12279,0.04023156687617302,0.0,0.0,,,high
12306,0.03200807794928551,0.0,0.0,,,medium
12315,0.034257274121046066,0.0,0.0,,,medium
12330,0.03104623593389988,0.0,0.0,0.0,0.0,medium
12428,0.05303679779171944,0.0,0.0,,,high
12670,0.03157258406281471,0.0,0.0,,,medium
12867,0.02751952037215233,0.0,0.0,0.0,0.0,medium
12874,0.020334970206022263,0.0,0.0,,,low
12903,0.07450801134109497,0.0,0.0,,,high
13044,0.034415338188409805,0.0,0.0,0.0,0.0,medium
13093,0.03265627473592758,0.0,0.0,,,medium
13122,0.04416806250810623,0.0,0.0,,,high
13144,0.01956704817712307,0.0,0.0,,,low
13171,0.024026626721024513,0.0,0.0,,,low
13275,0.017051000148057938,0.0,0.0,,,low
13387,0.027341334149241447,0.0,0.0,0.0,0.0,medium
13402,0.02239527925848961,0.0,0.0,,,low
13728,0.043334852904081345,0.0,0.0,,,high
13855,0.028919534757733345,0.0,0.0,0.0,0.0,medium
13912,0.028236571699380875,0.0,0.0,,,medium
13981,0.05063198134303093,0.0,0.0,,,high
13986,0.029622811824083328,0.0,0.0,,,medium
14146,0.024784212931990623,0.0,0.0,,,low
14194,0.021723713725805283,0.0,0.0,0.0,0.0,low
14373,0.033300165086984634,0.0,0.0,,,medium
14720,0.03745287284255028,0.0,0.0,,,high
14748,0.055510830134153366,0.0,0.0,0.0,0.0,high
14760,0.0207027867436409,0.0,0.0,,,low
14843,0.020390184596180916,0.0,0.0,0.0,0.0,low
14896,0.036947257816791534,0.0,0.0,,,high
14910,0.04612245410680771,0.0,0.0,,,high
14970,0.02287580631673336,0.0,0.0,0.0,0.0,low
15071,0.03118925355374813,0.0,0.0,,,medium
15147,0.03301849588751793,0.0,0.0,0.0,0.0,medium
15202,0.030441077426075935,0.0666666666666666,0.0,,,medium
15230,0.03507404401898384,0.0625,0.0,,,medium
15239,0.056638672947883606,0.0,0.0,,,high
15259,0.018471000716090202,0.0,0.0,,,low
15308,0.031939245760440826,0.0,0.04,,,medium
15404,0.05757397785782814,0.0,0.0,,,high
15799,0.025861311703920364,0.0,0.0,,,low
15834,0.029229240491986275,0.0,0.0,,,medium
15868,0.044017452746629715,0.0,0.0,,,high
15872,0.03834685683250427,0.0,0.0,,,high
15980,0.02857431024312973,0.0,0.0,,,medium
16059,0.032143961638212204,0.0,0.0,,,medium
16064,0.03159714862704277,0.0,0.0,,,medium
16164,0.02773536555469036,0.0,0.0,,,medium
16195,0.02857116237282753,0.0,0.0,,,medium
16211,0.029762884601950645,0.0,0.0,0.0,0.0,medium
16273,0.023331740871071815,0.0,0.0,,,low
16312,0.029052944853901863,0.0,0.0,0.0,0.0,medium
16385,0.030573097988963127,0.0,0.0,,,medium
16409,0.034155573695898056,0.0,0.0,,,medium
16413,0.0312797948718071,0.0,0.0,,,medium
16490,0.032254479825496674,0.0,0.0,,,medium
16643,0.03154778480529785,0.0,0.0,,,medium
16692,0.02684047445654869,0.0,0.0,,,low
16740,0.034594420343637466,0.0,0.0,,,medium
16759,0.05489885434508324,0.0,0.0,,,high
16791,0.06115080788731575,0.0,0.0,,,high
16918,0.029267722740769386,0.0,0.0,,,medium
17085,0.07521062344312668,0.0,0.0,,,high
17233,0.051051147282123566,0.0,0.0,,,high
17381,0.03643963858485222,0.0,0.25,,,high
17407,0.031095340847969055,0.0,0.0,,,medium
17420,0.05916910991072655,0.1428571428571428,0.0,,,high
17494,0.03444267064332962,0.0,0.0,,,medium
17660,0.017829298973083496,0.0,0.0,,,low
17705,0.013899034820497036,0.0,0.0,,,low
17713,0.027929170057177544,0.0256410256410256,0.0,0.0,0.0,medium
17857,0.036412518471479416,0.0,0.0,,,high
17915,0.0327766090631485,0.0,0.0,,,medium
18185,0.040332160890102386,0.0,0.0,,,high
18219,0.039792854338884354,0.0,0.0,,,high
18270,0.034564752131700516,0.0,0.0,0.0,0.0,medium
18271,0.03268279880285263,0.0,0.0,,,medium
18530,0.02684127725660801,0.0,0.0,,,low
18647,0.019860360771417618,0.0,0.0,,,low
18694,0.029020344838500023,0.0,0.0,0.0,0.0,medium
18715,0.03249450773000717,0.0714285714285714,0.0357142857142857,,,medium
18717,0.032884810119867325,0.0,0.0,,,medium
18753,0.04014190286397934,0.0,0.0,,,high
18820,0.038812458515167236,0.0,0.0,,,high
18851,0.04038671404123306,0.0,0.0,,,high
18864,0.06264151632785797,0.0,0.0,,,high
18900,0.042394496500492096,0.0,0.0,,,high
18947,0.023583978414535522,0.0,0.0,,,low
18980,0.04443445801734924,0.0,0.25,,,high
19076,0.044711437076330185,0.0,0.0,,,high
19202,0.02297547273337841,0.0,0.0,,,low
19366,0.03673890233039856,0.0,0.0,,,high
19544,0.03180057927966118,0.0,0.0,0.0,0.0,medium
19592,0.04354757070541382,0.0,0.0,,,high
19724,0.04927357658743858,0.0,0.0,,,high
19779,0.019157888367772102,0.0,0.0,,,low
19787,0.030189968645572662,0.0,0.0333333333333333,0.0,0.0,medium
19836,0.057301413267850876,0.0666666666666666,0.0666666666666666,,,high
19849,0.0225557591766119,0.0,0.0,0.0,0.0,low
19966,0.01617785170674324,0.0,0.0,0.0,0.0,low
20207,0.029430203139781952,0.0,0.0526315789473684,,,medium
20334,0.03413219377398491,0.0,0.0,0.0,0.0,medium
20379,0.028202805668115616,0.0,0.0,,,medium
20411,0.034369904547929764,0.0,0.0,0.0,0.0,medium
20560,0.0372350849211216,0.0,0.0,,,high
20587,0.052799779921770096,0.0,0.0,,,high
20630,0.049880243837833405,0.0,0.0,,,high
20635,0.03328261896967888,0.0,0.088235294117647,0.0,0.0,medium
20640,0.025405319407582283,0.0,0.0,,,low
20689,0.03883298486471176,0.0,0.0,,,high
20798,0.030510133132338524,0.0,0.0,,,medium
20825,0.04037060588598251,0.0,0.0,,,high
20858,0.025064999237656593,0.0,0.0,,,low
20981,0.014393861405551434,0.0,0.0,0.0,0.0,low
21387,0.03765081986784935,0.0,0.0,,,high
21396,0.02456841990351677,0.0,0.1428571428571428,,,low
21419,0.021955318748950958,0.0,0.0,,,low
21483,0.03483240306377411,0.0,0.0,,,medium
21606,0.04004065692424774,0.0,0.0588235294117647,,,high
21633,0.02083231322467327,0.0,0.0,,,low
21657,0.022843167185783386,0.0666666666666666,0.0,,,low
21795,0.029913783073425293,0.0,0.0,,,medium
21944,0.0450315997004509,0.0,0.0,,,high
22162,0.0319083034992218,0.0,0.0,0.0,0.0,medium
22169,0.022112146019935608,0.0416666666666666,0.0416666666666666,,,low
22317,0.020577525720000267,0.0,0.0,,,low
22364,0.033817823976278305,0.0,0.0,,,medium
22624,0.022837165743112564,0.0,0.0,,,low
22629,0.03699341043829918,0.0,0.0,,,high
22822,0.04330763593316078,0.0,0.0,,,high
22835,0.04747939854860306,0.0,0.0,,,high
22862,0.03274776414036751,0.0,0.0,,,medium
22923,0.03440726175904274,0.0,0.0,,,medium
23016,0.04471389949321747,0.0,0.0,0.0,0.0,high
23266,0.029254665598273277,0.0,0.0,0.0,0.0,medium
23374,0.02609393373131752,0.0,0.0,,,low
23420,0.03792675584554672,0.0,0.0,0.0,0.0,high
23587,0.02435687929391861,0.0333333333333333,0.0,,,low
23670,0.028519269078969955,0.0,0.0,,,medium
23825,0.028105635195970535,0.0,0.0,,,medium
24115,0.021268382668495178,0.0,0.0,,,low
24145,0.02637280896306038,0.0,0.0909090909090909,,,low
24226,0.023194173350930214,0.0,0.0,,,low
24307,0.036963652819395065,0.0,0.0416666666666666,0.0,0.0,high
24365,0.03398264944553375,0.0,0.0,0.0,0.0,medium
24375,0.029295997694134712,0.0,0.0,,,medium
24400,0.034565519541502,0.0,0.0,,,medium
24687,0.025833068415522575,0.0,0.0,0.0,0.0,low
24831,0.030808016657829285,0.0,0.0,,,medium
24896,0.031176120042800903,0.0,0.0,,,medium
24943,0.04435568302869797,0.0,0.0,,,high
25014,0.028606245294213295,0.0,0.0,,,medium
25018,0.022531291469931602,0.0,0.0,,,low
25019,0.019706152379512787,0.0,0.0,,,low
25044,0.03677934780716896,0.0,0.0,0.0,0.0,high
25202,0.03745489940047264,0.0,0.0,0.0,0.0,high
25278,0.03401101380586624,0.125,0.125,,,medium
25306,0.02013780176639557,0.0,0.0,,,low
25311,0.031764671206474304,0.0,0.0,,,medium
25351,0.037560366094112396,0.0,0.0,,,high
25459,0.03323443979024887,0.1666666666666666,0.0,,,medium
25465,0.04476489871740341,0.0,0.0,,,high
25642,0.042673930525779724,0.1363636363636363,0.0,,,high
25729,0.024937422946095467,0.0555555555555555,0.0,,,low
25792,0.031169388443231583,0.0,0.0,,,medium
25838,0.0760415717959404,0.0,0.0,,,high
25876,0.03438771516084671,0.0,0.0,,,medium
25907,0.045964885503053665,0.0,0.0,,,high
25939,0.026903212070465088,0.0,0.0,0.0,0.0,low
26064,0.027287408709526062,0.0,0.0,0.0,0.0,medium
26072,0.04762912541627884,0.0,0.0,,,high
26147,0.02853511832654476,0.0,0.0,,,medium
26198,0.06816795468330383,0.0,0.0,,,high
26339,0.015927186235785484,0.0,0.0,,,low
26465,0.035040777176618576,0.0,0.0,,,medium
26472,0.024472037330269814,0.0,0.0,0.0,0.0,low
26630,0.027189696207642555,0.0,0.0,,,low
26653,0.10398031026124954,0.0,0.0,,,high
26780,0.030381666496396065,0.0,0.0,,,medium
26839,0.032470665872097015,0.0,0.0,,,medium
26971,0.04532558098435402,0.0,0.0,,,high
26985,0.02424659952521324,0.0,0.0,0.0,0.0,low
27050,0.061737459152936935,0.0,0.0,,,high
27061,0.03769930452108383,0.0,0.0,,,high
27194,0.028237242251634598,0.0,0.0,0.0,0.0,medium
27256,0.022477872669696808,0.0,0.0,,,low
27267,0.03804166615009308,0.0,0.0,0.0,0.0,high
27503,0.02843439020216465,0.0,0.0333333333333333,0.0,0.0,medium
27800,0.026105837896466255,0.0,0.0,,,low
27850,0.029667893424630165,0.0,0.0,,,medium
28045,0.024969764053821564,0.0,0.0,0.0,0.0,low
28494,0.02425796538591385,0.0,0.0,0.0,0.0,low
28529,0.027543598785996437,0.0,0.0,,,medium
28705,0.02455967664718628,0.2,0.0,,,low
28724,0.031412988901138306,0.0,0.0,,,medium
28799,0.06670462340116501,0.6,0.4,,,high
28841,0.0214270930737257,0.0,0.0,,,low
28881,0.029955532401800156,0.0,0.0,,,medium
29027,0.02144886553287506,0.0,0.0,,,low
29269,0.033899690955877304,0.0,0.0,,,medium
29281,0.03311242163181305,0.0,0.0,0.0,0.0,medium
29398,0.036370258778333664,0.0,0.0,,,high
29412,0.0389106385409832,0.0,0.0,,,high
29514,0.07160410284996033,0.0,0.0,,,high
29751,0.04929428547620773,0.0,0.0,,,high
29792,0.030030617490410805,0.0,0.0,,,medium
29812,0.02568129077553749,0.0,0.0,,,low
30092,0.022061992436647415,0.0,0.0,,,low
30236,0.02511768788099289,0.0,0.0,,,low
30367,0.02873552031815052,0.0,0.0,,,medium
30481,0.04311897233128548,0.0,0.0,,,high
30761,0.036121662706136703,0.0,0.0,0.0,0.0,high
30943,0.034985627979040146,0.0,0.0,,,medium
31129,0.0450102873146534,0.0,0.0,,,high
31144,0.015384103171527386,0.0,0.0,,,low
31181,0.01867782324552536,0.0,0.0,0.0,0.0,low
31188,0.041113294661045074,0.0,0.0,,,high
31204,0.023714855313301086,0.0,0.0,,,low
31236,0.05314836651086807,0.0,0.0,,,high
31264,0.023081839084625244,0.025,0.05,0.0,0.0,low
31338,0.0685410425066948,0.0,0.0,0.0,0.0,high
31421,0.03389677777886391,0.0,0.0,,,medium
31429,0.03825150802731514,0.0,0.0,,,high
31468,0.029906470328569412,0.0,0.0,0.0,0.0,medium
31537,0.04741016775369644,0.0,0.0,,,high
31593,0.02813025936484337,0.0,0.0,,,medium
31678,0.038837697356939316,0.0,0.0,,,high
31835,0.0348331555724144,0.0,0.0,0.0,0.0,medium
31886,0.041151877492666245,0.0,0.0,,,high
32298,0.022820645943284035,0.0,0.0,0.0,0.0,low
32435,0.05773770809173584,0.0,0.0,,,high
32516,0.020953860133886337,0.0,0.0,,,low
32599,0.03085361048579216,0.0,0.0,,,medium
32609,0.01600942574441433,0.0,0.0,,,low
32650,0.031042102724313736,0.0,0.0,,,medium
32663,0.036251746118068695,0.0,0.0,,,high
32693,0.02636403776705265,0.0,0.0,0.0,0.0,low
32726,0.11166635155677795,0.0,0.0,,,high
32934,0.03137433901429176,0.0,0.0,,,medium
32993,0.025800423696637154,0.0,0.0,,,low
33396,0.027982711791992188,0.0,0.0,,,medium
33405,0.04243111610412598,0.0,0.0416666666666666,,,high
33517,0.029167868196964264,0.0,0.0,0.0,0.0,medium
33946,0.024995438754558563,0.0,0.0,,,low
34106,0.038359131664037704,0.0,0.0909090909090909,,,high
34405,0.03467162325978279,0.0,0.0,,,medium
34498,0.019917042925953865,0.0526315789473684,0.0,0.0,0.0,low
34514,0.07201861590147018,0.0,0.0,,,high
34593,0.0359392985701561,0.0,0.0,0.0,0.0,high
34650,0.035164084285497665,0.0,0.0,0.0,0.0,medium
34659,0.025744915008544922,0.0,0.0833333333333333,,,low
34761,0.022398313507437706,0.0,0.0,,,low
34788,0.02873336896300316,0.0,0.0,,,medium
34836,0.020562725141644478,0.0,0.0,,,low
34837,0.037019990384578705,0.0,0.0,,,high
34920,0.03204681724309921,0.0,0.0,,,medium
35007,0.030340174213051796,0.0,0.0,0.0,0.0,medium
35096,0.026360297575592995,0.0,0.0,,,low
35104,0.026569539681077003,0.0,0.0,,,low
35142,0.029998669400811195,0.0,0.0,0.0,0.0,medium
35190,0.11431802809238434,0.0,0.0,,,high
35377,0.039727289229631424,0.0,0.0,,,high
35546,0.04453238472342491,0.0,0.0,,,high
35689,0.061185307800769806,0.0,0.0,,,high
35760,0.042620278894901276,0.0,0.0,,,high
35806,0.03365269675850868,0.0,0.0,0.0,0.0,medium
35925,0.030853573232889175,0.0,0.0,0.0,0.0,medium
35958,0.03446093946695328,0.0,0.0,,,medium
35986,0.03308867663145065,0.0,0.0,,,medium
36036,0.023159615695476532,0.0,0.0,0.0,0.0,low
36051,0.030033785849809647,0.1,0.1,,,medium
36082,0.02399221993982792,0.0,0.0,,,low
36176,0.01908227615058422,0.0,0.0,,,low
36210,0.01807512156665325,0.1428571428571428,0.0,0.0,0.0,low
36226,0.03826737031340599,0.0,0.0,,,high
36364,0.051396556198596954,0.0,0.0,,,high
36401,0.029943235218524933,0.0,0.0,,,medium
36541,0.06310820579528809,0.0,0.0,,,high
36619,0.039016999304294586,0.0,0.0,0.0,0.0,high
36661,0.06344790011644363,0.0,0.0,,,high
36829,0.0348033532500267,0.0,0.1111111111111111,,,medium
36906,0.050167351961135864,0.0,0.25,,,high
36914,0.028890486806631088,0.0,0.0,0.0,0.0,medium
36934,0.018133530393242836,0.0,0.0,,,low
37065,0.026744462549686432,0.0,0.0,0.0,0.0,low
37076,0.01963719166815281,0.0,0.0,,,low
37355,0.05149216577410698,0.0,0.0,,,high
37356,0.0289087425917387,0.0,0.0,,,medium
37371,0.04220271855592728,0.0,0.0,,,high
37418,0.02418060041964054,0.0,0.0,,,low
37586,0.017906248569488525,0.0,0.0,,,low
37590,0.029048871248960495,0.0,0.0,,,medium
37607,0.023913223296403885,0.0,0.0,0.0,0.0,low
37790,0.032905448228120804,0.0,0.125,,,medium
37791,0.030369389802217484,0.0,0.0,,,medium
37862,0.024490242823958397,0.0,0.0,,,low
37979,0.019866622984409332,0.0,0.0,,,low
38020,0.048385005444288254,0.0,0.0,,,high
38137,0.031215541064739227,0.0,0.0,,,medium
38219,0.028096221387386322,0.0,0.0,,,medium
38238,0.042112406343221664,0.0,0.0,,,high
38345,0.018441149964928627,0.0,0.0,,,low
38368,0.02021128311753273,0.0,0.0,,,low
38413,0.025590796023607254,0.0,0.0,,,low
38524,0.024666529148817062,0.0,0.0,,,low
38573,0.028677577152848244,0.0,0.0,0.0,0.0,medium
38577,0.020172320306301117,0.0,0.0,,,low
38587,0.03323737904429436,0.0,0.0,,,medium
38641,0.019710173830389977,0.0,0.0,,,low
38787,0.022878659889101982,0.0,0.0,,,low
38833,0.01985103264451027,0.0,0.0,0.0,0.0,low
38891,0.02728240191936493,0.0,0.0,,,low
38971,0.050551485270261765,0.0,0.0,,,high
39107,0.023687295615673065,0.0,0.0,0.0,0.0,low
39195,0.022716669365763664,0.0,0.0,,,low
39220,0.09052044153213501,0.0,0.0,,,high
39238,0.04306189343333244,0.0,0.0,,,high
39307,0.03795895725488663,0.0,0.0,,,high
39316,0.021886002272367477,0.0,0.0,,,low
39342,0.030161941424012184,0.0,0.0,,,medium
39405,0.021118631586432457,0.0,0.0,,,low
39482,0.022180864587426186,0.0,0.0,0.0,0.0,low
39566,0.024937761947512627,0.0,0.0833333333333333,0.0,0.0,low
39572,0.0819237232208252,0.0,0.0,,,high
39645,0.02398858219385147,0.0,0.0,,,low
39895,0.02986295148730278,0.125,0.0,,,medium
39921,0.030297813937067986,0.0,0.0,,,medium
39972,0.04869901388883591,0.0,0.0,,,high
40013,0.019806310534477234,0.0,0.0,,,low
40049,0.04492815583944321,0.0,0.0,,,high
40071,0.05590539798140526,0.0,0.0,,,high
40088,0.03408224880695343,0.0,0.0,0.0,0.0,medium
40121,0.031117962673306465,0.0,0.0,,,medium
40136,0.028383569791913033,0.0,0.0,,,medium
40219,0.01951267383992672,0.0,0.0,,,low
40225,0.029357116669416428,0.0,0.0,0.0,0.0,medium
40234,0.03791810944676399,0.0,0.0,,,high
40343,0.02794688567519188,0.0,0.0,,,medium
40451,0.020860929042100906,0.0,0.0,,,low
40517,0.024929864332079887,0.0,0.0,,,low
40618,0.025727972388267517,0.0,0.0,,,low
40624,0.033449120819568634,0.0,0.0,,,medium
40730,0.03163686394691467,0.0,0.0,0.0,0.0,medium
40768,0.03344409167766571,0.0,0.0,,,medium
40771,0.036236874759197235,0.0,0.0,,,high
40846,0.025059537962079048,0.0,0.0,,,low
40935,0.04055892676115036,0.0,0.0,,,high
40989,0.07871775329113007,0.0,0.0,,,high
41042,0.024995099753141403,0.0,0.0,,,low
41088,0.03724353015422821,0.0,0.0303030303030303,,,high
41129,0.032129134982824326,0.0,0.0,0.0,0.0,medium
41168,0.02022016979753971,0.0,0.0,0.0,0.0,low
41242,0.03626963868737221,0.0,0.0,,,high
41289,0.026731234043836594,0.0,0.0,0.0,0.0,low
41292,0.037871796637773514,0.0,0.0,,,high
41426,0.03357069939374924,0.0,0.1212121212121212,0.0,0.0,medium
41448,0.03125060722231865,0.0,0.0,,,medium
41461,0.03615948185324669,0.0,0.0,,,high
41723,0.055571459233760834,0.0,0.0,,,high
41846,0.03191943094134331,0.0,0.0,,,medium
41948,0.020070528611540794,0.0,0.0,,,low
42094,0.03082859143614769,0.0,0.0,0.0,0.0,medium
42228,0.034555260092020035,0.0,0.0,,,medium
42456,0.024197017773985863,0.0,0.0,,,low
42600,0.018073633313179016,0.0,0.0,0.0,0.0,low
42758,0.02774282731115818,0.0,0.0434782608695652,,,medium
42864,0.0313776470720768,0.0,0.0,0.0,0.0,medium
42937,0.01627201773226261,0.0,0.0,0.0,0.0,low
43060,0.042117293924093246,0.0,0.0,,,high
43096,0.06077268719673157,0.0,0.0,0.0,0.0,high
43198,0.03441041335463524,0.0,0.0,,,medium
43304,0.05335719510912895,0.0,0.0,,,high
43401,0.04162106662988663,0.0,0.0,0.0,0.0,high
43474,0.028129905462265015,0.0,0.0,0.0,0.0,medium
43475,0.02597455494105816,0.0,0.0,,,low
43486,0.026111340150237083,0.0,0.0,0.0,0.0,low
43493,0.05132434517145157,0.0,0.0,,,high
43506,0.03184611350297928,0.0,0.0,,,medium
43546,0.02822796069085598,0.0,0.0,,,medium
43570,0.022678274661302567,0.0,0.0,,,low
43575,0.025039000436663628,0.0,0.0333333333333333,,,low
43596,0.05505814403295517,0.0,0.0,,,high
43643,0.03446453437209129,0.0,0.0,,,medium
43666,0.032723963260650635,0.0,0.0,,,medium
43668,0.03937065228819847,0.0,0.0,,,high
43856,0.03312576562166214,0.0,0.0,0.0,0.0,medium
43859,0.038192156702280045,0.0,0.0,,,high
43884,0.03632060065865517,0.0,0.0,,,high
43894,0.08375109732151031,0.0,0.0,,,high
43910,0.02082325704395771,0.0,0.0,,,low
44005,0.03580467775464058,0.0,0.0,,,high
44110,0.02716659940779209,0.0,0.0,,,low
44283,0.05380789190530777,0.0,0.0,,,high
44356,0.03584103658795357,0.0,0.0,,,high
44376,0.020852256566286087,0.0,0.0,,,low
44502,0.027943989261984825,0.0,0.0,,,medium
44638,0.031516291201114655,0.0,0.0,,,medium
44728,0.025114797055721283,0.0,0.0,,,low
44746,0.022582389414310455,0.0,0.0,,,low
44776,0.020921366289258003,0.0,0.0,,,low
44839,0.02806362695991993,0.0,0.0,,,medium
44916,0.03794187679886818,0.0,0.0,,,high
45068,0.0326211117208004,0.0,0.0,,,medium
45092,0.024622146040201187,0.0,0.0,,,low
45114,0.01915143057703972,0.0,0.0,,,low
45191,0.04713898152112961,0.0,0.0,,,high
45326,0.02723480574786663,0.0,0.0,,,low
45393,0.03636600449681282,0.0,0.0,,,high
45400,0.024704979732632637,0.0,0.0,0.0,0.0,low
45435,0.029275815933942795,0.0,0.0,,,medium
45466,0.05559249222278595,0.0,0.0,,,high
45564,0.02709723636507988,0.0,0.0,,,low
45667,0.01982266828417778,0.0,0.0,,,low
45684,0.01809912547469139,0.0,0.0,,,low
45717,0.03885122388601303,0.0,0.0,0.0,0.0,high
45722,0.036741264164447784,0.0,0.0,0.0,0.0,high
45731,0.04049011692404747,0.0,0.0,0.0,0.0,high
45770,0.03500036895275116,0.0,0.0,0.0,0.0,medium
45779,0.025511419400572777,0.0,0.0909090909090909,,,low
45789,0.011122215539216995,0.0,0.0,0.0,0.0,low
45844,0.07231664657592773,0.0714285714285714,0.0714285714285714,,,high
45878,0.027733227238059044,0.0,0.0,0.0,0.0,medium
45969,0.05384009703993797,0.0625,0.0,0.0,0.0,high
45985,0.03835253790020943,0.0,0.0,,,high
46311,0.03433924913406372,0.0,0.0,0.0,0.0,medium
46466,0.029245205223560333,0.0,0.0,,,medium
46482,0.034610066562891006,0.0,0.0,,,medium
46507,0.0160635057836771,0.0,0.0,,,low
46647,0.02107219584286213,0.0,0.0,0.0,0.0,low
46737,0.047474563121795654,0.0,0.0,,,high
46838,0.020615145564079285,0.0,0.0,,,low
46885,0.025101235136389732,0.0,0.0,0.0,0.0,low
46959,0.05235182121396065,0.0,0.0,,,high
47033,0.03515595197677612,0.0,0.0,0.0,0.0,medium
47164,0.03589814528822899,0.0,0.0,,,high
47242,0.018994253128767014,0.0,0.0,0.0,0.0,low
47283,0.04437370225787163,0.0,0.0,,,high
47346,0.028796829283237457,0.0357142857142857,0.0,,,medium
47357,0.02851104736328125,0.0,0.0,,,medium
47377,0.02784634940326214,0.0,0.0,,,medium
47438,0.045579660683870316,0.0,0.0,,,high
47575,0.019918831065297127,0.125,0.0,,,low
47866,0.033270061016082764,0.0,0.0,0.0,0.0,medium
47967,0.04104745388031006,0.0,0.0,,,high
48015,0.025513535365462303,0.0,0.0,0.0,0.0,low
48182,0.023617561906576157,0.0,0.0,,,low
48213,0.055967457592487335,0.0,0.0714285714285714,,,high
48231,0.027886126190423965,0.0,0.0,,,medium
48353,0.019205793738365173,0.0,0.0,,,low
48488,0.02785460278391838,0.0,0.0,,,medium
48492,0.0422707125544548,0.0,0.0,,,high
48509,0.03650213032960892,0.0,0.0,,,high
48580,0.045489657670259476,0.0,0.0,,,high
48616,0.04219324141740799,0.0,0.0,,,high
48684,0.028910620138049126,0.0,0.0,,,medium
48760,0.033309854567050934,0.0,0.0,,,medium
48866,0.03235834091901779,0.0,0.0,,,medium
49055,0.06218773126602173,0.0,0.0,,,high
49076,0.04814452305436134,0.0,0.0,0.0,0.0,high
49085,0.02830480970442295,0.0,0.0,,,medium
49171,0.02893807180225849,0.0,0.0,,,medium
49208,0.02193181775510311,0.0,0.0,,,low
49220,0.02315615676343441,0.0,0.0,,,low
49304,0.030142389237880707,0.0,0.0,,,medium
49360,0.0321178175508976,0.0,0.0,,,medium
49469,0.05431362986564636,0.0,0.0,,,high
49569,0.04201224818825722,0.0,0.0,,,high
49654,0.035710033029317856,0.0,0.0,,,medium
49664,0.027584541589021683,0.0,0.0,,,medium
49678,0.028217738494277,0.0,0.0,0.0,0.0,medium
49718,0.035222895443439484,0.0,0.0,0.0,0.0,medium
49939,0.0213609766215086,0.0,0.0,,,low
49944,0.03807513788342476,0.0,0.0,,,high
49977,0.023196740075945854,0.0,0.0,0.0,0.0,low
50019,0.03542504459619522,0.1111111111111111,0.0,,,medium
50149,0.03151353821158409,0.0,0.0,,,medium
50182,0.061530739068984985,0.0,0.0,,,high
50316,0.026855917647480965,0.0,0.0,,,low
50382,0.02530062384903431,0.0,0.0,0.0,0.0,low
50526,0.030427325516939163,0.0,0.0,0.0,0.0,medium
50544,0.016413802281022072,0.0,0.0,,,low
50648,0.022072013467550278,0.0,0.0,,,low
50756,0.020056171342730522,0.0,0.0,0.0,0.0,low
50821,0.03999694436788559,0.0,0.0,,,high
51011,0.02610240876674652,0.0,0.0,0.0,0.0,low
51064,0.03941766172647476,0.0,0.0,,,high
51115,0.024874649941921234,0.0,0.0,0.0,0.0,low
51221,0.03685056418180466,0.0,0.0,0.0,0.0,high
51259,0.03286738321185112,0.0,0.0,,,medium
51530,0.03200826048851013,0.0,0.0,,,medium
51542,0.022842416539788246,0.0,0.0,,,low
51579,0.03541821986436844,0.0,0.0,,,medium
51619,0.027018116787075996,0.0,0.0,,,low
51676,0.032948680222034454,0.0,0.0,,,medium
51704,0.03639860078692436,0.0,0.0,,,high
51837,0.030353685840964317,0.0,0.2,0.0,0.0,medium
51849,0.01700984127819538,0.0,0.0,,,low
51952,0.055815067142248154,0.2,0.0,,,high
51983,0.03010321967303753,0.0,0.0,,,medium
52027,0.0341835618019104,0.0,0.0,,,medium
52130,0.05088852718472481,0.0,0.0,,,high
52278,0.02949315682053566,0.0,0.0,,,medium
52540,0.03493024408817291,0.0,0.0,,,medium
52756,0.03099856711924076,0.0,0.0,0.0,0.0,medium
52863,0.03681490942835808,0.0,0.0,,,high
52939,0.01734830252826214,0.0,0.0,,,low
52949,0.01872064545750618,0.0,0.0,0.0,0.0,low
52952,0.026845132932066917,0.0,0.0,,,low
53111,0.02845522202551365,0.0714285714285714,0.1428571428571428,,,medium
53264,0.03411111235618591,0.0,0.0,,,medium
53283,0.022118475288152695,0.0,0.0666666666666666,0.0,0.0,low
53299,0.02271447516977787,0.0,0.0,,,low
53407,0.027049995958805084,0.0,0.0,,,low
53597,0.0878807082772255,0.0,0.0,0.0,0.0,high
53680,0.031105736270546913,0.0,0.0,,,medium
53704,0.030582943931221962,0.0,0.0,,,medium
53782,0.021740185096859932,0.0,0.0,,,low
53887,0.027972472831606865,0.0,0.0454545454545454,0.0,0.0,medium
53925,0.031120240688323975,0.0,0.0,,,medium
53970,0.04262510687112808,0.0769230769230769,0.0769230769230769,0.0,0.0,high
54171,0.04858844727277756,0.0,0.0,0.0,0.0,high
54226,0.028050949797034264,0.0,0.0,0.0,0.0,medium
54259,0.036939091980457306,0.0,0.0,,,high
54320,0.0214034765958786,0.0,0.0,,,low
54336,0.020274298265576363,0.0,0.0,,,low
54379,0.03521658480167389,0.0,0.0,,,medium
54515,0.056307435035705566,0.0,0.0,,,high
54548,0.030098343268036842,0.0,0.0,,,medium
54590,0.01767672784626484,0.0,0.0,,,low
54749,0.024862946942448616,0.0,0.0285714285714285,0.0,0.0,low
54784,0.026871593669056892,0.0,0.0,,,low
54794,0.02035576105117798,0.0,0.0,,,low
55060,0.013680096715688705,0.0,0.0,,,low
55168,0.05825778469443321,0.0,0.0,,,high
55210,0.06952240318059921,0.0,0.0,0.0,0.0,high
55254,0.026839474216103554,0.0,0.0,,,low
55285,0.022118059918284416,0.0,0.0,,,low
55422,0.02087262086570263,0.0,0.0,,,low
55524,0.04597902297973633,0.0,0.0,,,high
55599,0.03628331050276756,0.0,0.0,,,high
55625,0.030973097309470177,0.0,0.0,,,medium
55719,0.04537099972367287,0.1428571428571428,0.0,,,high
55817,0.017533184960484505,0.0,0.0,,,low
55872,0.038195524364709854,0.0,0.0,0.0,0.0,high
55885,0.02958640642464161,0.0,0.0,,,medium
55898,0.030751913785934448,0.0,0.0,,,medium
55952,0.06292911618947983,0.0,0.0,,,high
56042,0.026869870722293854,0.0,0.0,,,low
56316,0.026927584782242775,0.0,0.0,,,low
56468,0.021728677675127983,0.0,0.0,,,low
56505,0.011583099141716957,0.0,0.0,,,low
56698,0.0890916958451271,0.0,0.0,,,high
56772,0.025842322036623955,0.0,0.0,0.0,0.0,low
56792,0.02917129546403885,0.0,0.0555555555555555,0.0,0.0,medium
57032,0.03175815939903259,0.0,0.0,,,medium
57167,0.031682223081588745,0.0,0.0,,,medium
57336,0.06604151427745819,0.0,0.0,,,high
57446,0.05711939185857773,0.0,0.0,,,high
57493,0.033365052193403244,0.0,0.0,,,medium
57692,0.03995091840624809,0.0,0.0,,,high
57795,0.026847995817661285,0.0,0.0,0.0,0.0,low
57802,0.024366574361920357,0.0,0.0,,,low
57895,0.04941272363066673,0.0,0.0,,,high
58120,0.02686375193297863,0.0,0.0,,,low
58223,0.03834215924143791,0.0,0.0769230769230769,0.0,0.0,high
58311,0.03500571474432945,0.0,0.0,,,medium
58380,0.03184371069073677,0.0,0.0,,,medium
58795,0.021311378106474876,0.0,0.125,,,low
58899,0.02967233955860138,0.0277777777777777,0.0,,,medium
58936,0.04108814895153046,0.0,0.0,,,high
58986,0.023877577856183052,0.0,0.0,,,low
58991,0.0382775217294693,0.0,0.2,,,high
59304,0.029925966635346413,0.0,0.0,0.0,0.0,medium
59430,0.023253900930285454,0.0,0.0,0.0,0.0,low
59456,0.04769233614206314,0.0,0.0,,,high
59493,0.03701184317469597,0.0,0.0,0.0,0.0,high
59522,0.031038710847496986,0.0,0.0,,,medium
59601,0.030764946714043617,0.0,0.0,,,medium
59648,0.023845713585615158,0.125,0.0,,,low
59855,0.042018141597509384,0.0,0.0,,,high
59925,0.043961528688669205,0.0,0.0,,,high
59956,0.05413799732923508,0.0,0.0,,,high
59960,0.03478480875492096,0.0,0.0,0.0,0.0,medium
60121,0.031123459339141846,0.0,0.0,,,medium
60133,0.027945056557655334,0.0,0.0,0.0,0.0,medium
60374,0.03850695490837097,0.0,0.0,0.0,0.0,high
60580,0.020388498902320862,0.0,0.0,,,low
60642,0.030196961015462875,0.0,0.0,,,medium
60663,0.040007129311561584,0.0,0.0,,,high
60697,0.01777631789445877,0.0,0.0,,,low
60746,0.032963402569293976,0.0,0.0,,,medium
60870,0.024386070668697357,0.0,0.0,,,low
60923,0.02436315454542637,0.0,0.0,,,low
60930,0.023876264691352844,0.0,0.0,0.0,0.0,low
61009,0.042076971381902695,0.0,0.0,,,high
61085,0.0288291834294796,0.0,0.0,,,medium
61407,0.019000019878149033,0.0,0.0,0.0,0.0,low
61484,0.02781081199645996,0.0,0.0,,,medium
61641,0.07069961726665497,0.0,0.0,,,high
61725,0.04964885488152504,0.0,0.0,,,high
62036,0.043869778513908386,0.0,0.0,,,high
62256,0.03716553747653961,0.0,0.0,,,high
62336,0.048617828637361526,0.0,0.0,,,high
62339,0.0636945441365242,0.0,0.0,,,high
62359,0.0253103319555521,0.0,0.0,,,low
62362,0.01825791597366333,0.0,0.0,0.0,0.0,low
62365,0.034470707178115845,0.0,0.0357142857142857,0.0,0.0,medium
62416,0.021450204774737358,0.0,0.0,,,low
62495,0.05403373762965202,0.0,0.0,,,high
62509,0.023392483592033386,0.0,0.0,,,low
62529,0.015268047340214252,0.0,0.0,,,low
62568,0.03305043652653694,0.0,0.0,,,medium
62569,0.03281892091035843,0.0,0.0,,,medium
62672,0.02587985247373581,0.0,0.0277777777777777,,,low
62706,0.1105252131819725,0.0714285714285714,0.0714285714285714,,,high
62726,0.027207694947719574,0.0,0.0,,,low
62769,0.02962791547179222,0.0,0.0,,,medium
62907,0.022620579227805138,0.0,0.0,,,low
62984,0.05624312907457352,0.0,0.0,,,high
62994,0.025920014828443527,0.0,0.0,,,low
63086,0.0345904566347599,0.0,0.0,0.0,0.0,medium
63145,0.0157451331615448,0.0,0.0,0.0,0.0,low
63263,0.015628989785909653,0.0,0.0,,,low
63274,0.015135586261749268,0.0,0.0,,,low
63343,0.03721226006746292,0.0,0.0,,,high
63484,0.03391920402646065,0.0,0.0,,,medium
63909,0.03266996517777443,0.0,0.0,0.0,0.0,medium
63943,0.01861628331243992,0.0,0.0,,,low
64048,0.02592192403972149,0.0476190476190476,0.0,,,low
64131,0.026714105159044266,0.0,0.0,,,low
64200,0.028917253017425537,0.0,0.0,0.0,0.0,medium
64792,0.04350122809410095,0.0,0.0,,,high
64886,0.02351423352956772,0.0,0.0,,,low
65062,0.03462471812963486,0.0,0.0,,,medium
65085,0.025192635133862495,0.0,0.0,,,low
65089,0.024188494309782982,0.0,0.0,0.0,0.0,low
65231,0.02569247968494892,0.0,0.0,,,low
65360,0.028911331668496132,0.0,0.0,0.0,0.0,medium
65372,0.03266039490699768,0.0,0.0,,,medium
65482,0.02855714224278927,0.0,0.0,,,medium
65537,0.028684863820672035,0.0,0.0,0.0,0.0,medium
65624,0.02993696741759777,0.0,0.0,,,medium
65688,0.014212412759661674,0.0,0.0,0.0,0.0,low
65726,0.020275261253118515,0.0,0.0,,,low
65729,0.020350396633148193,0.0,0.0,,,low
65861,0.04032468795776367,0.0,0.0,0.0,0.0,high
65904,0.027776725590229034,0.0,0.0,,,medium
65960,0.052349843084812164,0.0,0.0,,,high
65985,0.055687543004751205,0.0,0.0,,,high
66193,0.02282213419675827,0.0,0.0,0.0,0.0,low
66209,0.017039258033037186,0.0,0.0,,,low
66230,0.048799898475408554,0.0,0.0,,,high
66436,0.023285960778594017,0.0,0.1111111111111111,,,low
66499,0.02269546128809452,0.0,0.0,,,low
66522,0.04966088384389877,0.0,0.0,0.0,0.0,high
66534,0.026993246749043465,0.0,0.0,,,low
66802,0.03397776931524277,0.0,0.0,,,medium
66851,0.03509388491511345,0.0,0.0,,,medium
66859,0.030422773212194443,0.0,0.0,,,medium
66861,0.027927275747060776,0.0,0.0,0.0,0.0,medium
66961,0.027941759675741196,0.0,0.0,0.0,0.0,medium
67045,0.03550538420677185,0.0,0.0,,,medium
67110,0.03524956852197647,0.0,0.0,,,medium
67130,0.023515969514846802,0.0,0.0,0.0,0.0,low
67160,0.02886989526450634,0.0,0.0,,,medium
67167,0.02576998434960842,0.0,0.0,0.0,0.0,low
67172,0.025338008999824524,0.0,0.0,0.0,0.0,low
67191,0.05719541758298874,0.0,0.0,,,high
67431,0.024769490584731102,0.0,0.0,0.0,0.0,low
67552,0.021186871454119682,0.0,0.0,,,low
67603,0.05134204030036926,0.0,0.0,,,high
67696,0.023088006302714348,0.0,0.0,0.0,0.0,low
67709,0.02464558370411396,0.0,0.0,,,low
67761,0.03203883394598961,0.0,0.0,,,medium
67803,0.024772189557552338,0.0,0.0,,,low
67960,0.026166049763560295,0.0,0.0,,,low
68155,0.034458890557289124,0.0,0.0,0.0,0.0,medium
68224,0.029303930699825287,0.0769230769230769,0.0769230769230769,,,medium
68226,0.010862286202609539,0.0,0.0,,,low
68236,0.028948193415999413,0.0,0.0,,,medium
68329,0.029479771852493286,0.0,0.0,,,medium
68330,0.10362698882818222,0.0,0.6,,,high
68377,0.025272540748119354,0.0,0.0,,,low
68445,0.01426483504474163,0.0,0.0,,,low
68913,0.03575613722205162,0.0,0.0,,,high
68930,0.05865943431854248,0.0,0.0,,,high
68945,0.03145350515842438,0.0,0.037037037037037,,,medium
68991,0.03418247774243355,0.0,0.0,,,medium
69083,0.0834721103310585,0.1666666666666666,0.0,,,high
69096,0.03200451657176018,0.0,0.0,,,medium
69145,0.025589633733034134,0.0,0.0,0.0,0.0,low
69327,0.06012198328971863,0.0,0.0,,,high
69372,0.02730461396276951,0.0,0.0384615384615384,,,medium
69379,0.0432729572057724,0.0,0.0,,,high
69421,0.06474488228559494,0.0,0.0,,,high
69495,0.037567637860774994,0.0,0.0,,,high
69559,0.019205546006560326,0.0,0.0,,,low
69580,0.02731489948928356,0.0,0.0,,,medium
69649,0.02507137879729271,0.0,0.0,,,low
69650,0.030748950317502022,0.0,0.0,,,medium
69769,0.03153424710035324,0.0,0.0,,,medium
69917,0.02333764173090458,0.0,0.0,,,low
69919,0.023252079263329506,0.0,0.0,0.0,0.0,low
69979,0.025506483390927315,0.0,0.0,,,low
70184,0.029209081083536148,0.0,0.0,,,medium
70345,0.023370081558823586,0.0,0.0454545454545454,0.0,0.0,low
70458,0.024778088554739952,0.0,0.0,,,low
70468,0.04217277467250824,0.0,0.0,,,high
70498,0.034589849412441254,0.0,0.0,,,medium
70532,0.06206069886684418,0.1111111111111111,0.1111111111111111,,,high
70701,0.029583092778921127,0.0,0.0,,,medium
70718,0.027757320553064346,0.0,0.0,0.0,0.0,medium
70846,0.039333973079919815,0.0,0.0,0.0,0.0,high
70898,0.018100334331393242,0.0,0.0,,,low
70945,0.050217337906360626,0.0,0.0,,,high
71058,0.02326275035738945,0.0,0.0,,,low
71304,0.034026850014925,0.0,0.0,,,medium
71372,0.04932999610900879,0.0,0.0,,,high
71463,0.03369273617863655,0.0,0.0,0.0,0.0,medium
71492,0.024219471961259842,0.0,0.0,0.0,0.0,low
71605,0.08736572414636612,0.0,0.0,,,high
71616,0.025408100336790085,0.0,0.0,,,low
71656,0.05338463559746742,0.0,0.0,,,high
71664,0.017205726355314255,0.0,0.0,,,low
71691,0.040147535502910614,0.0,0.0,,,high
71743,0.05086509510874748,0.0,0.0,,,high
71968,0.0677214190363884,0.0,0.0,0.0,0.0,high
72027,0.03577820584177971,0.0,0.0526315789473684,0.0,0.0,high
72029,0.040782589465379715,0.0,0.0,,,high
72041,0.055507224053144455,0.0,0.0,,,high
72193,0.026088399812579155,0.0,0.0,,,low
72318,0.02327726036310196,0.0,0.0,0.0,0.0,low
72390,0.020298663526773453,0.0,0.0,,,low
72416,0.028800366446375847,0.0,0.0,,,medium
72469,0.015979578718543053,0.0,0.0,,,low
72620,0.030377093702554703,0.0,0.0,,,medium
72628,0.030570929870009422,0.0,0.0,,,medium
72636,0.019124535843729973,0.0,0.0,,,low
72679,0.03294283151626587,0.0,0.0,0.0,0.0,medium
72699,0.04578576982021332,0.0,0.0,,,high
72710,0.06934326887130737,0.0,0.0,,,high
72772,0.021413249894976616,0.0,0.0,,,low
72795,0.06533331423997879,0.0,0.0,,,high
72860,0.03035479038953781,0.0,0.0,0.0,0.0,medium
72904,0.041072797030210495,0.0,0.1666666666666666,,,high
72950,0.05139949917793274,0.0,0.0,,,high
73122,0.03720949962735176,0.0,0.0,0.0,0.0,high
73313,0.050460997968912125,0.0,0.0,,,high
73417,0.04090343788266182,0.0,0.0,,,high
73671,0.050992272794246674,0.0,0.0,0.0,0.0,high
73740,0.02289508655667305,0.0,0.0,0.0,0.0,low
73847,0.032616619020700455,0.0,0.0,,,medium
73994,0.026202097535133362,0.0,0.0,,,low
74068,0.02343328669667244,0.0,0.0,,,low
74070,0.06068534776568413,0.0,0.0,,,high
74119,0.02851119451224804,0.0,0.0,,,medium
74242,0.021151291206479073,0.0,0.0,,,low
74559,0.036097340285778046,0.0,0.0,0.0,0.0,high
74604,0.04679782688617706,0.0,0.0,,,high
74619,0.02890251949429512,0.0,0.0,,,medium
74623,0.03572411090135574,0.0,0.0,0.0,0.0,medium
74667,0.06445898860692978,0.0,0.0,,,high
74768,0.028624702244997025,0.0,0.0,,,medium
74771,0.029051953926682472,0.0,0.0,,,medium
74780,0.04113267734646797,0.0,0.0,0.0,0.0,high
74786,0.02578716166317463,0.0,0.0,,,low
74822,0.04444465413689613,0.0,0.0,,,high
74874,0.03798161819577217,0.3333333333333333,0.1666666666666666,0.0,0.0,high
74886,0.04793102294206619,0.0,0.0,0.0,0.0,high
75062,0.03249911218881607,0.0,0.04,0.0,0.0,medium
75119,0.05122360214591026,0.0,0.0,,,high
75127,0.03044094331562519,0.0,0.0,0.0,0.0,medium
75143,0.033492594957351685,0.0,0.0,,,medium
75192,0.021899497136473656,0.0,0.0,,,low
75366,0.027202272787690163,0.0,0.05,,,low
75450,0.038268666714429855,0.0,0.0,,,high
75548,0.02328193187713623,0.0,0.0,,,low
75576,0.030508199706673622,0.0,0.0,,,medium
75606,0.03202146291732788,0.0,0.0,,,medium
75698,0.037474311888217926,0.0,0.0,0.0,0.0,high
75834,0.021743174642324448,0.0,0.0,,,low
75882,0.033127881586551666,0.0,0.0,,,medium
75919,0.03155280649662018,0.0,0.0,,,medium
75961,0.04998606815934181,0.0,0.0,,,high
76005,0.01740291342139244,0.0,0.0,,,low
76064,0.03980517387390137,0.0,0.0,0.0,0.0,high
76344,0.024317670613527298,0.0,0.0,,,low
76393,0.08695052564144135,0.0,0.0,,,high
76409,0.026795534417033195,0.0,0.0,,,low
76424,0.024000879377126694,0.0,0.0,,,low
76449,0.026916706934571266,0.0,0.0,0.0,0.0,low
76470,0.07369807362556458,0.0,0.0,0.0,0.0,high
76482,0.024863963946700096,0.0,0.0,0.0,0.0,low
76519,0.015963569283485413,0.0,0.0,,,low
76633,0.053583044558763504,0.0,0.0,,,high
76820,0.03328859061002731,0.0,0.0,,,medium
76885,0.02013268694281578,0.0,0.0,,,low
76978,0.04876714199781418,0.0,0.0,,,high
77023,0.03197384253144264,0.0,0.0,,,medium
77083,0.028784211724996567,0.0,0.0,,,medium
77198,0.025665732100605965,0.0,0.0,0.0,0.0,low
77212,0.02680700458586216,0.0,0.0,,,low
77275,0.03807881474494934,0.0,0.0,,,high
77293,0.03577068820595741,0.0,0.0,,,high
77342,0.03481132909655571,0.0,0.0,,,medium
77372,0.04130280017852783,0.0909090909090909,0.0,,,high
77405,0.02873014099895954,0.0,0.0,0.0,0.0,medium
77550,0.026485497131943703,0.0,0.0,,,low
77670,0.01675504259765148,0.0,0.0,,,low
77743,0.017496205866336823,0.0,0.0,0.0,0.0,low
77791,0.034460123628377914,0.0,0.0,,,medium
77825,0.03572650998830795,0.0,0.0,,,medium
77838,0.02927715890109539,0.0,0.0,0.0,0.0,medium
77889,0.058141227811574936,0.0,0.0,,,high
78074,0.04653071612119675,0.0,0.0,,,high
78148,0.06137711554765701,0.0,0.0,0.0,0.0,high
78173,0.024129755795001984,0.0,0.0,,,low
78316,0.03346846625208855,0.0,0.0,,,medium
78428,0.07547450065612793,0.0,0.2,,,high
78457,0.03342670947313309,0.0,0.0,0.0,0.0,medium
78583,0.0391000360250473,0.0,0.0,,,high
78748,0.04959333315491676,0.0,0.1666666666666666,,,high
79177,0.0261472687125206,0.0,0.0,,,low
79262,0.03342080116271973,0.0,0.0,,,medium
79370,0.02469743974506855,0.0,0.0,0.0,0.0,low
79495,0.02460608072578907,0.0,0.0,,,low
79537,0.03043927252292633,0.0,0.0,,,medium
79651,0.03243432939052582,0.0,0.0,0.0,0.0,medium
79679,0.03675423935055733,0.0,0.0,,,high
79724,0.03741328418254852,0.0,0.0,,,high
79740,0.02751096896827221,0.0,0.0,0.0,0.0,medium
79860,0.018377788364887238,0.0,0.0,,,low
79895,0.10785800218582153,0.125,0.125,,,high
79896,0.03246220946311951,0.0,0.0666666666666666,0.0,0.0,medium
79956,0.025621699169278145,0.0,0.0,,,low
80071,0.03294890373945236,0.0,0.0,0.0,0.0,medium
80217,0.05214002728462219,0.0,0.0,,,high
80288,0.018025323748588562,0.0,0.0,,,low
80331,0.017038270831108093,0.0,0.0,0.0,0.0,low
80381,0.040288858115673065,0.0,0.0,,,high
80387,0.0340588353574276,0.0,0.0,,,medium
80391,0.028227441012859344,0.0,0.0,,,medium
80514,0.01947765238583088,0.0,0.0,,,low
80560,0.022310152649879456,0.0,0.0,,,low
80656,0.029499856755137444,0.0,0.0,,,medium
80757,0.031405363231897354,0.0,0.0,,,medium
80768,0.021118944510817528,0.0,0.0,,,low
80905,0.06976038962602615,0.0,0.0,,,high
80911,0.03563158959150314,0.0,0.0,0.0,0.0,medium
81060,0.019859882071614265,0.0,0.0,,,low
81208,0.03166956827044487,0.0,0.0,,,medium
81253,0.013516964390873909,0.0,0.0,,,low
81337,0.019247842952609062,0.0,0.0,0.0,0.0,low
81351,0.016864700242877007,0.0,0.0,,,low
81510,0.04732927307486534,0.0,0.0,,,high
81530,0.03802964463829994,0.0,0.0,0.0,0.0,high
81735,0.040989309549331665,0.0,0.0,,,high
81891,0.028997059911489487,0.0,0.0,,,medium
82007,0.014830191619694233,0.0,0.0625,0.0,0.0,low
82024,0.02890864945948124,0.0,0.0,,,medium
82148,0.04280557483434677,0.0,0.0,,,high
82361,0.03541835397481918,0.0,0.0,0.0,0.0,medium
82381,0.017752043902873993,0.0434782608695652,0.0434782608695652,,,low
82579,0.039853040128946304,0.0,0.0,,,high
82655,0.029930729418992996,0.0,0.0,0.0,0.0,medium
82741,0.05944149196147919,0.0,0.0,,,high
83064,0.021512947976589203,0.0,0.0,,,low
83161,0.05873408541083336,0.0,0.0,,,high
83169,0.020662127062678337,0.0,0.0,0.0,0.0,low
83249,0.02470724657177925,0.0,0.0,0.0,0.0,low
83259,0.02248537354171276,0.0,0.0,,,low
83439,0.03202236443758011,0.0,0.0,,,medium
83534,0.050943050533533096,0.0,0.0,,,high
83537,0.03633379563689232,0.0,0.0,,,high
83549,0.028086146339774132,0.0,0.0,,,medium
83561,0.029649630188941956,0.0,0.0,,,medium
83627,0.02988489344716072,0.0,0.0,0.0,0.0,medium
83720,0.037353985011577606,0.0,0.0,,,high
83802,0.047293711453676224,0.0,0.0,,,high
83824,0.03187405690550804,0.0,0.1111111111111111,0.0,0.0,medium
84092,0.02416139841079712,0.0,0.0,,,low
84133,0.02883368544280529,0.0,0.0,,,medium
84598,0.026602216064929962,0.0,0.0,,,low
84673,0.04001086577773094,0.0,0.0,0.0,0.0,high
84810,0.03564087674021721,0.0,0.0,,,medium
84991,0.03783082589507103,0.0,0.0476190476190476,0.0,0.0,high
85142,0.022757483646273613,0.0,0.0,,,low
85211,0.04451265186071396,0.0,0.0,,,high
85297,0.022267989814281464,0.0,0.0,,,low
85382,0.06341899186372757,0.0,0.0,,,high
85537,0.031009260565042496,0.0,0.0,0.0,0.0,medium
85769,0.03641510754823685,0.0,0.0,,,high
85842,0.023947468027472496,0.0,0.0,,,low
85971,0.037097327411174774,0.0666666666666666,0.0666666666666666,,,high
86006,0.03164123743772507,0.0,0.0,,,medium
86309,0.028967831283807755,0.0,0.0,,,medium
86522,0.024905724450945854,0.0,0.0,,,low
86819,0.019628344103693962,0.0,0.0,,,low
87023,0.02595173940062523,0.0,0.0,0.0,0.0,low
87049,0.02901928871870041,0.0,0.0,,,medium
87241,0.034627269953489304,0.0294117647058823,0.0,0.0,0.0,medium
87331,0.023208435624837875,0.0,0.0,0.0,0.0,low
87348,0.055152468383312225,0.0,0.0,,,high
87382,0.04045923799276352,0.0,0.0,,,high
87383,0.043399129062891006,0.0,0.0,,,high
87389,0.01983441784977913,0.0,0.0,0.0,0.0,low
87642,0.03206788748502731,0.0,0.0,0.0,0.0,medium
87647,0.029518842697143555,0.0,0.0,0.0,0.0,medium
87801,0.05700356140732765,0.0,0.0,,,high
87877,0.03911187872290611,0.0,0.0,,,high
87880,0.01565619558095932,0.0,0.0,,,low
88163,0.043172165751457214,0.0,0.0,,,high
88224,0.034127261489629745,0.0,0.0,,,medium
88227,0.04290741682052612,0.0,0.0,,,high
88236,0.02947435900568962,0.0,0.0,,,medium
88283,0.028527453541755676,0.0,0.0,,,medium
88346,0.038463544100522995,0.0,0.0,,,high
88448,0.06998270004987717,0.0,0.0,,,high
88461,0.021025879308581352,0.0,0.0,0.0,0.0,low
88544,0.026672961190342903,0.0,0.0,,,low
88553,0.023475153371691704,0.0,0.0,,,low
88587,0.025296276435256004,0.0,0.0,,,low
88606,0.0289723239839077,0.0,0.0,0.0,0.0,medium
88666,0.07524534314870834,0.0,0.0,,,high
88704,0.02814466506242752,0.0,0.0,,,medium
88712,0.04393751174211502,0.0,0.0,,,high
88724,0.027376001700758934,0.0,0.0,,,medium
88728,0.022489862516522408,0.0,0.0,,,low
88730,0.01759135164320469,0.0,0.0,,,low
88824,0.015178089030086994,0.0,0.0,,,low
88849,0.02193906344473362,0.0,0.0,,,low
88857,0.03330311179161072,0.0,0.0,,,medium
88922,0.03503439202904701,0.0,0.0,0.0,0.0,medium
88991,0.049498267471790314,0.0,0.0,,,high
89181,0.023524750024080276,0.0,0.0,,,low
89244,0.026261642575263977,0.0,0.0,0.0,0.0,low
89248,0.03698911517858505,0.0,0.0,,,high
89351,0.022536247968673706,0.0,0.0,0.0,0.0,low
89384,0.037962328642606735,0.0,0.0,0.0,0.0,high
89556,0.026514932513237,0.0,0.0,0.0,0.0,low
89571,0.04566548392176628,0.0,0.0,,,high
89632,0.03478436544537544,0.0,0.0555555555555555,0.0,0.0,medium
89702,0.031081929802894592,0.0,0.0,0.0,0.0,medium
89740,0.036955248564481735,0.0625,0.125,,,high
89823,0.02658567763864994,0.0,0.0,0.0,0.0,low
89907,0.030311573296785355,0.0,0.0,,,medium
90112,0.035213403403759,0.0,0.0,,,medium
90125,0.027324091643095016,0.0,0.0,0.0,0.0,medium
90336,0.01844790205359459,0.0,0.0,,,low
90436,0.04380699247121811,0.0,0.0,,,high
90483,0.04568247124552727,0.0,0.0,,,high
90522,0.027045905590057373,0.0,0.0,,,low
90533,0.038814615458250046,0.0,0.0,,,high
90605,0.029183557257056236,0.0344827586206896,0.0,0.0,0.0,medium
90677,0.021504653617739677,0.0,0.0,,,low
90745,0.027293188497424126,0.0,0.0,0.0,0.0,medium
90781,0.023454241454601288,0.0,0.0,0.0,0.0,low
90793,0.022926023229956627,0.0,0.0,,,low
90803,0.04325291886925697,0.0,0.0,,,high
90835,0.028820741921663284,0.0,0.0,,,medium
90880,0.033750128000974655,0.0,0.0,,,medium
90989,0.04705902934074402,0.0,0.0,,,high
91011,0.03825336694717407,0.0,0.0,,,high
91029,0.03132990002632141,0.0,0.0,,,medium
91100,0.01588740013539791,0.0,0.0,,,low
91179,0.030227335169911385,0.0,0.0416666666666666,,,medium
91211,0.02937396988272667,0.0,0.0,,,medium
91301,0.04327136278152466,0.0,0.0,,,high
91405,0.05817374959588051,0.0,0.0,,,high
91408,0.037818823009729385,0.0,0.0,,,high
91612,0.019750388339161873,0.0,0.0,0.0,0.0,low
91676,0.01732522062957287,0.0,0.0,,,low
91691,0.04249775409698486,0.0,0.0,,,high
91798,0.0332861952483654,0.0,0.0,,,medium
91941,0.024644220247864723,0.0,0.0,0.0,0.0,low
92101,0.02181512489914894,0.0,0.0,0.0,0.0,low
92272,0.02346879057586193,0.0,0.0,,,low
92328,0.05411737412214279,0.0,0.0,,,high
92350,0.016880575567483902,0.0,0.0,0.0,0.0,low
92358,0.027873864397406578,0.0,0.0,0.0,0.0,medium
92585,0.044351618736982346,0.0,0.0,,,high
92608,0.02362377569079399,0.0,0.0,,,low
92758,0.08713109791278839,0.25,0.125,,,high
92826,0.05518440157175064,0.0,0.0,0.0,0.0,high
92963,0.028850261121988297,0.0,0.0,,,medium
93077,0.04141506925225258,0.0,0.0,,,high
93288,0.040200162678956985,0.0,0.0,,,high
93317,0.020820187404751778,0.0,0.0,,,low
93532,0.033043935894966125,0.0,0.0,,,medium
93604,0.03482852876186371,0.0,0.0,,,medium
93622,0.025543009862303734,0.0,0.0,,,low
93690,0.06241965293884277,0.0,0.0,,,high
93716,0.026953013613820076,0.0,0.0,,,low
93911,0.020766669884324074,0.0,0.0,,,low
94034,0.04379063472151756,0.0,0.0333333333333333,,,high
94055,0.04467770457267761,0.0,0.0,,,high
94399,0.05335135757923126,0.0,0.0,,,high
94515,0.0185394287109375,0.0,0.0,,,low
94585,0.023899191990494728,0.0,0.0,,,low
94674,0.03443804383277893,0.0,0.0,,,medium
94676,0.027810823172330856,0.0,0.0,0.0,0.0,medium
94692,0.03743395581841469,0.0,0.0,,,high
94767,0.03830227255821228,0.0,0.0,0.0,0.0,high
94772,0.03929241746664047,0.0,0.0,0.0,0.0,high
94833,0.044463012367486954,0.0,0.0,,,high
94909,0.160279780626297,0.0,0.0,,,high
94965,0.032068606466054916,0.0,0.0,0.0,0.0,medium
95177,0.05638367682695389,0.0,0.0,0.0,0.0,high
95215,0.030012913048267365,0.0,0.0,,,medium
95260,0.05613794922828674,0.1,0.05,,,high
95316,0.040841829031705856,0.0,0.0,,,high
95368,0.020752202719449997,0.0,0.0,,,low
95379,0.02543792687356472,0.0,0.0,,,low
95483,0.022135162726044655,0.0,0.0,,,low
95635,0.026332605630159378,0.0,0.0,,,low
95793,0.029793670400977135,0.0,0.0,,,medium
95892,0.02177361212670803,0.0,0.0,,,low
95949,0.04496997222304344,0.0,0.0,,,high
95970,0.03758709877729416,0.0,0.0,,,high
96039,0.01663385145366192,0.0,0.0,,,low
96052,0.03162415698170662,0.0,0.0,,,medium
96119,0.04363275691866875,0.0,0.0,,,high
96122,0.026289138942956924,0.0,0.0,,,low
96251,0.02836686000227928,0.0,0.0,,,medium
96513,0.020911693572998047,0.0,0.0,,,low
96542,0.028431233018636703,0.0,0.0,,,medium
96575,0.047655075788497925,0.0,0.0,,,high
96614,0.08845914900302887,0.0,0.0,,,high
96728,0.032559193670749664,0.0,0.0,0.0,0.0,medium
96747,0.02943240851163864,0.0,0.0,,,medium
96760,0.021796302869915962,0.0,0.0277777777777777,0.0,1.0,low
96878,0.026727981865406036,0.0588235294117647,0.0,,,low
96928,0.03071277216076851,0.0,0.0,0.0,0.0,medium
96959,0.03446175903081894,0.0,0.0,0.0,0.0,medium
97021,0.017018519341945648,0.0,0.0,,,low
97079,0.018342923372983932,0.0,0.0,0.0,0.0,low
97314,0.03636058792471886,0.0,0.0,,,high
97349,0.019958483055233955,0.0,0.0,,,low
97415,0.03470887616276741,0.25,0.0,0.0,0.0,medium
97626,0.0326659195125103,0.0303030303030303,0.0,,,medium
97741,0.02692166157066822,0.0,0.0,,,low
97824,0.03104342706501484,0.0,0.0,,,medium
97825,0.030685028061270714,0.0,0.0,,,medium
97894,0.03812887519598007,0.0,0.0,,,high
97969,0.03399518132209778,0.0,0.0,,,medium
98014,0.036857254803180695,0.0,0.25,,,high
98019,0.016443083062767982,0.0,0.0,,,low
98061,0.03517082706093788,0.0,0.0,,,medium
98090,0.08993081003427505,0.0,0.0833333333333333,,,high
98134,0.05677252635359764,0.0,0.0,,,high
98200,0.0350869856774807,0.0,0.0,,,medium
98346,0.027183469384908676,0.0,0.0,,,low
98501,0.023656127974390984,0.0,0.0,,,low
98579,0.026143772527575493,0.0,0.0,,,low
98754,0.05775522068142891,0.1111111111111111,0.0,,,high
99018,0.039561670273542404,0.0,0.05,,,high
99225,0.024016903713345528,0.0,0.0,,,low
99297,0.03583463281393051,0.0,0.0,,,high
99299,0.026007845997810364,0.0,0.0,,,low
99473,0.0561373345553875,0.0,0.0,,,high
99644,0.08389587700366974,0.0,0.0,,,high
99693,0.023140467703342438,0.0,0.0,0.0,0.0,low
99709,0.023304572328925133,0.0,0.0,0.0,0.0,low
99721,0.019074752926826477,0.0,0.0,0.0,0.0,low
99754,0.03018367290496826,0.0,0.0,,,medium
99768,0.03266223520040512,0.0,0.0,,,medium
99845,0.03190486878156662,0.0,0.0,,,medium
99876,0.03372568264603615,0.0,0.0,,,medium
100128,0.022440530359745026,0.0,0.0,0.0,0.0,low
100143,0.017691539600491524,0.0,0.0,,,low
100172,0.029879610985517502,0.0,0.0,,,medium
100240,0.016000322997570038,0.0,0.0,0.0,0.0,low
100262,0.019691258668899536,0.0,0.0,0.0,0.0,low
100334,0.05218071863055229,0.0,0.0,,,high
100381,0.02137804962694645,0.0,0.0,,,low
100538,0.021179022267460823,0.0,0.0,0.0,0.0,low
100606,0.025854693725705147,0.0,0.0,,,low
100778,0.02759399637579918,0.0,0.0,,,medium
101252,0.033914972096681595,0.0,0.0,0.0,0.0,medium
101271,0.02812482789158821,0.0,0.0,0.0,0.0,medium
101312,0.02293241024017334,0.0,0.0,0.0,0.0,low
101578,0.043000347912311554,0.0,0.0,,,high
101747,0.019894307479262352,0.0,0.0,,,low
101762,0.030392102897167206,0.0,0.0,,,medium
101884,0.049080297350883484,0.0,0.0555555555555555,0.0,0.0,high
101906,0.09230858087539673,0.0,0.0,,,high
101934,0.035769831389188766,0.0,0.0,,,high
101957,0.02727130986750126,0.0,0.0,,,low
102113,0.046313636004924774,0.0,0.1428571428571428,,,high
102150,0.036287821829319,0.0384615384615384,0.0769230769230769,,,high
102171,0.02798895724117756,0.0,0.0,,,medium
102189,0.02516152523458004,0.0,0.0,,,low
102216,0.03932693600654602,0.0,0.0,0.0,0.0,high
102369,0.027311788871884346,0.0,0.0,,,medium
102428,0.022674640640616417,0.0714285714285714,0.0,0.0,0.0,low
102514,0.028737861663103104,0.0,0.0,,,medium
102533,0.025964170694351196,0.0,0.0,,,low
102817,0.023257773369550705,0.0,0.0,0.0,0.0,low
102857,0.032888974994421005,0.0,0.0,,,medium
102873,0.018928062170743942,0.0,0.0,,,low
102890,0.03396892920136452,0.0,0.0,0.0,0.0,medium
103086,0.04693148657679558,0.0,0.0,,,high
103095,0.033998336642980576,0.0,0.0,,,medium
103164,0.03230460360646248,0.0,0.0,,,medium
103200,0.021523742005228996,0.0,0.0,,,low
103202,0.041254233568906784,0.0,0.0,,,high
103343,0.045376282185316086,0.0,0.0,,,high
103400,0.03730608522891998,0.0,0.0,,,high
103527,0.03266261890530586,0.0,0.0,0.0,0.0,medium
103580,0.02139899879693985,0.0,0.0,,,low
103625,0.026672856882214546,0.0,0.0,,,low
103794,0.08322020620107651,0.1428571428571428,0.1428571428571428,0.0,0.5,high
103803,0.025073593482375145,0.0,0.0,0.0,0.0,low
104097,0.03127741441130638,0.0,0.0,,,medium
104227,0.07628614455461502,0.0,0.0,,,high
104310,0.031927987933158875,0.0,0.0,0.0,0.0,medium
104318,0.02335585467517376,0.0,0.0,,,low
104401,0.028097165748476982,0.0,0.0,,,medium
104430,0.019026217982172966,0.0,0.0,,,low
104502,0.03898333013057709,0.0,0.0,0.0,0.0,high
104532,0.03342249616980553,0.0,0.0,,,medium
104549,0.030981997027993202,0.0,0.0,,,medium
104692,0.033822279423475266,0.0,0.0,0.0,0.0,medium
104775,0.03946617245674133,0.0,0.0,,,high
104869,0.04075133800506592,0.0,0.0,,,high
104904,0.03938458114862442,0.0,0.0,0.0,0.0,high
104911,0.022830842062830925,0.0,0.0,0.0,0.0,low
105015,0.02600093185901642,0.0,0.0,,,low
105076,0.025575920939445496,0.0,0.0,,,low
105078,0.027025461196899414,0.0,0.0,,,low
105150,0.027115896344184875,0.0,0.0,,,low
105160,0.028163259848952293,0.0,0.0,,,medium
105250,0.05114244297146797,0.0,0.0,,,high
105402,0.02545982040464878,0.0,0.0,0.0,0.0,low
105485,0.023363592103123665,0.0,0.0,0.0,0.0,low
105524,0.020759688690304756,0.0,0.0,0.0,0.0,low
105687,0.03688885271549225,0.0,0.0,,,high
105702,0.04640680551528931,0.0,0.0,0.0,0.0,high
106034,0.03994600474834442,0.0,0.0,,,high
106145,0.02666219137609005,0.0,0.0,,,low
106202,0.026136666536331177,0.0,0.0,0.0,0.0,low
106244,0.02457529492676258,0.0,0.0,,,low
106268,0.054516784846782684,0.0,0.0,,,high
106461,0.04187196493148804,0.0,0.0,,,high
106478,0.04579338803887367,0.0,0.0,,,high
106482,0.049908388406038284,0.0,0.0,,,high
106490,0.024468954652547836,0.0,0.0,,,low
106544,0.04394959285855293,0.1428571428571428,0.1428571428571428,,,high
106748,0.03855714201927185,0.0,0.0,,,high
106845,0.05840697139501572,0.0,0.0,,,high
106850,0.03350403159856796,0.0,0.0,,,medium
106851,0.04616459831595421,0.0,0.0,,,high
106901,0.039296336472034454,0.0,0.0,,,high
106946,0.028904035687446594,0.0,0.0,,,medium
107112,0.023551229387521744,0.0,0.0,,,low
107149,0.03890278935432434,0.0,0.0,,,high
107196,0.026937341317534447,0.0,0.0,,,low
107214,0.03007790446281433,0.1111111111111111,0.0,0.0,0.0,medium
107425,0.021967556327581406,0.0,0.0,,,low
107504,0.05500079318881035,0.0,0.0,,,high
107632,0.02971525676548481,0.0,0.0,,,medium
107647,0.04099519923329353,0.0,0.0,,,high
107672,0.03033723682165146,0.0,0.0,,,medium
107764,0.07724238187074661,0.0,0.0,,,high
107862,0.11203857511281967,0.0,0.0,,,high
108098,0.01765841245651245,0.0,0.0,0.0,0.0,low
108154,0.026731599122285843,0.0,0.0,,,low
108254,0.04646174609661102,0.0,0.0,0.0,0.0,high
108359,0.030242789536714554,0.0,0.0,0.0,0.0,medium
108382,0.02662910521030426,0.03125,0.0,0.0,0.0,low
108412,0.03371351584792137,0.0,0.0,,,medium
108499,0.029462480917572975,0.0,0.125,,,medium
108529,0.05631756782531738,0.0,0.0,,,high
108544,0.02217482216656208,0.0,0.0,0.0,0.0,low
108614,0.028489388525485992,0.0,0.0,0.0,0.0,medium
108735,0.05625800043344498,0.0,0.0,,,high
108746,0.03616223856806755,0.0,0.0,,,high
108785,0.06998354941606522,0.0,0.0,,,high
108844,0.02869306690990925,0.025,0.0,,,medium
108961,0.022784680128097534,0.0,0.0,,,low
108999,0.027658170089125633,0.0,0.0384615384615384,,,medium
109044,0.04162487015128136,0.0,0.0,,,high
109111,0.031491030007600784,0.0,0.0,,,medium
109163,0.019834814593195915,0.0,0.0,0.0,0.0,low
109192,0.0489652082324028,0.0,0.0,,,high
109209,0.044065915048122406,0.0,0.0,,,high
109250,0.02006595954298973,0.0,0.0,,,low
109373,0.04638092219829559,0.0,0.0,,,high
109682,0.01871136948466301,0.0,0.0,,,low
109688,0.04538460075855255,0.0,0.25,,,high
109694,0.021815840154886246,0.0,0.0,,,low
109805,0.03420857712626457,0.0,0.0555555555555555,0.0,0.0,medium
109854,0.030431825667619705,0.0,0.0,0.0,0.0,medium
109912,0.029202362522482872,0.0,0.0,0.0,0.0,medium
110015,0.033306021243333817,0.0,0.0,,,medium
110033,0.03791971877217293,0.0,0.0,,,high
110107,0.012174183502793312,0.0,0.0,,,low
110158,0.04727571830153465,0.0,0.0,,,high
110189,0.032150451093912125,0.0,0.0,0.0,0.0,medium
110225,0.023815292865037918,0.0,0.0,,,low
110235,0.020636431872844696,0.0,0.0,,,low
110284,0.0295727476477623,0.0,0.0,,,medium
110306,0.020544346421957016,0.0,0.0,,,low
110479,0.04374168813228607,0.0,0.0,0.0,0.0,high
110577,0.020268110558390617,0.0,0.0,0.0,0.0,low
110589,0.028869565576314926,0.0384615384615384,0.0384615384615384,0.0,0.0,medium
110660,0.024594558402895927,0.0,0.0,0.0,0.0,low
110665,0.012149211950600147,0.0,0.0,,,low
110747,0.03385939821600914,0.0,0.0,,,medium
110911,0.018324576318264008,0.0,0.0,,,low
110921,0.035216230899095535,0.0,0.0,,,medium
110928,0.05222129449248314,0.0,0.0,,,high
110996,0.022821860387921333,0.0,0.0,,,low
111063,0.0296627227216959,0.0,0.0,,,medium
111132,0.029976963996887207,0.0,0.0,,,medium
111241,0.0801628977060318,0.0,0.0,,,high
111305,0.05284688621759415,0.0,0.0,,,high
111406,0.04523755982518196,0.0,0.0,,,high
111410,0.03680191561579704,0.0,0.0,,,high
111455,0.03443049639463425,0.0,0.0,,,medium
111478,0.027948858216404915,0.0,0.0,,,medium
111700,0.06744036823511124,0.0,0.0,,,high
111759,0.03735040873289108,0.0,0.0,,,high
111885,0.01732986979186535,0.0,0.0,0.0,0.0,low
111919,0.02998308092355728,0.0,0.0,,,medium
111977,0.03635004162788391,0.0,0.0,,,high
112118,0.024761466309428215,0.0,0.0,,,low
112133,0.021316448226571083,0.0,0.0,,,low
112173,0.032182857394218445,0.0,0.0,,,medium
112351,0.03234565630555153,0.0666666666666666,0.0666666666666666,0.0,0.0,medium
112425,0.02530476450920105,0.0,0.0,0.0,0.0,low
112552,0.026434188708662987,0.0,0.0,,,low
112573,0.03377436846494675,0.0,0.0,,,medium
112606,0.03070872277021408,0.0,0.0,,,medium
112775,0.048974763602018356,0.0,0.0,,,high
112794,0.03542473539710045,0.0,0.0,0.0,0.0,medium
112903,0.03288903832435608,0.0,0.0,,,medium
112964,0.0603041835129261,0.0,0.0,0.0,0.0,high
113048,0.02319023199379444,0.0,0.0,,,low
113073,0.02794763818383217,0.0,0.0,0.0,0.0,medium
113093,0.035122428089380264,0.0,0.0,,,medium
113183,0.03716905415058136,0.0,0.0,0.0,0.0,high
113269,0.02724950760602951,0.0,0.0,0.0,0.0,low
113376,0.046806879341602325,0.0,0.0,,,high
113452,0.03459600359201431,0.0,0.0,0.0,0.0,medium
113502,0.025054043158888817,0.0,0.0,,,low
113520,0.019619546830654144,0.0,0.0,0.0,0.0,low
113524,0.03824833035469055,0.0,0.0,,,high
113572,0.029835868626832962,0.0,0.0,,,medium
113573,0.034007199108600616,0.0714285714285714,0.0,1.0,0.0,medium
113638,0.04813828319311142,0.0,0.0769230769230769,,,high
113764,0.07236307114362717,0.0,0.0,,,high
113927,0.034291286021471024,0.0,0.0,,,medium
114079,0.057340145111083984,0.0,0.0,,,high
114124,0.03668611869215965,0.0,0.0,,,high
114131,0.0865757167339325,0.0,0.1666666666666666,,,high
114387,0.044380709528923035,0.0,0.0285714285714285,0.0,0.0,high
114462,0.029634995386004448,0.0,0.0,0.0,0.0,medium
114540,0.021335162222385406,0.0,0.0,,,low
114562,0.027434667572379112,0.0,0.0,,,medium
114578,0.0261580478399992,0.0,0.0,,,low
114675,0.022502105683088303,0.0,0.0,,,low
114677,0.0191638246178627,0.0,0.0,,,low
114711,0.02771833725273609,0.0,0.0416666666666666,,,medium
114728,0.0405317060649395,0.0,0.0,,,high
114828,0.07928847521543503,0.0,0.0,,,high
114846,0.029775287955999374,0.0,0.0,,,medium
115004,0.0444084033370018,0.0,0.0,,,high
115035,0.05582898110151291,0.0,0.0,,,high
115078,0.029792852699756622,0.0,0.0,0.0,0.0,medium
115297,0.03567391261458397,0.0,0.0,,,medium
115312,0.04700104147195816,0.0,0.0,,,high
115326,0.022781893610954285,0.0,0.0,0.0,0.0,low
115334,0.02314133755862713,0.05,0.0,,,low
115411,0.12262897193431854,0.0,0.3333333333333333,,,high
115585,0.06315581500530243,0.0,0.0,0.0,0.0,high
115603,0.030551504343748093,0.0,0.0,,,medium
115693,0.03634972870349884,0.0,0.0,0.0,0.0,high
115750,0.02824854850769043,0.0,0.0,,,medium
115859,0.021711472421884537,0.0,0.0,,,low
115966,0.08523470163345337,0.0,0.0,,,high
115996,0.0239690151065588,0.0,0.0,0.0,0.0,low
116045,0.02590068243443966,0.0,0.0,0.0,0.0,low
116173,0.056254882365465164,0.0,0.0,,,high
116269,0.03333548828959465,0.0,0.0,,,medium
116331,0.042667560279369354,0.0,0.0,,,high
116424,0.03319768235087395,0.0,0.0,,,medium
116454,0.034880947321653366,0.0,0.0,,,medium
116589,0.02251317910850048,0.0,0.0,,,low
116754,0.045171238481998444,0.0,0.0,0.0,0.0,high
117086,0.0276288241147995,0.0,0.0,,,medium
117291,0.01981297880411148,0.0,0.0,,,low
117389,0.02929716929793358,0.0,0.0,,,medium
117639,0.04254317656159401,0.0,0.0,,,high
117810,0.02002912387251854,0.0,0.0,,,low
117836,0.026504620909690857,0.0,0.0,,,low
117899,0.026194414123892784,0.0,0.0,,,low
118066,0.023598292842507362,0.0,0.0,,,low
118113,0.02953873574733734,0.0,0.0,,,medium
118183,0.02691008150577545,0.0,0.0,,,low
118184,0.02772294357419014,0.0,0.0,0.0,0.0,medium
118191,0.026444029062986374,0.0,0.0,,,low
118241,0.047496140003204346,0.0,0.0,,,high
118336,0.03631279245018959,0.0,0.1111111111111111,,,high
118362,0.02697787433862686,0.0,0.0,,,low
118406,0.02862759865820408,0.0,0.0,0.0,0.0,medium
118418,0.04389999061822891,0.0,0.0769230769230769,,,high
118470,0.03388267755508423,0.0,0.0,,,medium
118574,0.03424912691116333,0.0,0.0,,,medium
118608,0.03653298690915108,0.0,0.0,,,high
118672,0.026372184976935387,0.0,0.0,0.0,0.0,low
118804,0.033565111458301544,0.0,0.0,,,medium
118868,0.024245280772447586,0.0,0.0,,,low
119023,0.031686507165431976,0.0,0.0,0.0,0.0,medium
119149,0.037235040217638016,0.0,0.0,,,high
119159,0.024451691657304764,0.0,0.0,,,low
119219,0.02150721475481987,0.0,0.0,,,low
119460,0.021345466375350952,0.0,0.0,0.0,0.0,low
119549,0.023322200402617455,0.0384615384615384,0.0384615384615384,0.0,0.0,low
119807,0.03716474026441574,0.0,0.0434782608695652,,,high
119857,0.030935177579522133,0.0,0.0,,,medium
119944,0.024629632011055946,0.0,0.0,0.0,0.0,low
119953,0.03655403479933739,0.0,0.0,,,high
120054,0.05910108983516693,0.0,0.0,,,high
120083,0.027814622968435287,0.0,0.0,,,medium
120171,0.03985140100121498,0.0,0.0,,,high
120255,0.031134897843003273,0.0,0.0,0.0,0.0,medium
120386,0.025673117488622665,0.0,0.0,,,low
120468,0.026538262143731117,0.0,0.0,,,low
120701,0.028970804065465927,0.0,0.0,,,medium
120821,0.053784746676683426,0.0,0.0,,,high
120836,0.032107532024383545,0.0,0.0,0.0,0.0,medium
120905,0.019510449841618538,0.0,0.0,0.0,0.0,low
121020,0.06161714717745781,0.0,0.0,,,high
121054,0.028889479115605354,0.0,0.0,,,medium
121133,0.038990944623947144,0.0,0.0,0.0,0.0,high
121147,0.041874587535858154,0.125,0.0,,,high
121223,0.03224429115653038,0.0,0.0,,,medium
121468,0.031064771115779877,0.0,0.0,0.0,0.0,medium
121713,0.03208174556493759,0.0,0.0,,,medium
121797,0.028609437867999077,0.0,0.0,,,medium
121891,0.0423363521695137,0.0,0.0,0.0,0.0,high
121940,0.015521448105573654,0.0526315789473684,0.0,,,low
122009,0.02769855223596096,0.0,0.0,,,medium
122071,0.0305442176759243,0.0,0.0,0.0,0.0,medium
122094,0.02470799908041954,0.0,0.0,0.0,0.0,low
122174,0.02561848983168602,0.0,0.0,0.0,0.0,low
122216,0.0198832880705595,0.0,0.0,,,low
122295,0.018604375422000885,0.0,0.0,0.0,0.0,low
122455,0.02833387441933155,0.0,0.0,,,medium
122459,0.037410810589790344,0.0,0.0,,,high
122509,0.06536506116390228,0.25,0.25,,,high
122541,0.019653089344501495,0.0,0.0,,,low
122662,0.032287802547216415,0.0,0.0,0.0,0.0,medium
122722,0.02572370320558548,0.0,0.0,,,low
122768,0.028963547199964523,0.0,0.0,,,medium
122797,0.03551479056477547,0.0,0.0,0.0,0.0,medium
122835,0.025397734716534615,0.0,0.037037037037037,,,low
122915,0.024355199187994003,0.0,0.0,0.0,0.0,low
122921,0.028919046744704247,0.0,0.0666666666666666,,,medium
122998,0.014850086532533169,0.0,0.0,0.0,0.0,low
123004,0.027803953737020493,0.0,0.0,0.0,0.0,medium
123035,0.03248220682144165,0.0,0.0,,,medium
123168,0.027242165058851242,0.0,0.0,,,low
123179,0.027641216292977333,0.0,0.0,,,medium
123184,0.04263782501220703,0.0,0.0,,,high
123257,0.04817067086696625,0.0,0.0,,,high
123413,0.041509807109832764,0.0,0.0,,,high
123482,0.027561470866203308,0.0,0.0,,,medium
123494,0.07327207177877426,0.0,0.0,0.0,0.0,high
123529,0.0775461420416832,0.2,0.2,,,high
123634,0.03796401619911194,0.0,0.0,,,high
123647,0.02246079593896866,0.0,0.0,0.0,0.0,low
123674,0.024498801678419113,0.0,0.0,0.0,0.0,low
123802,0.04554229602217674,0.0,0.0,0.0,0.0,high
123914,0.024975284934043884,0.0,0.0,,,low
123929,0.03391793370246887,0.0,0.0,,,medium
124020,0.026933079585433006,0.0,0.0,,,low
124032,0.03144516795873642,0.0,0.0,0.0,0.0,medium
124199,0.020718801766633987,0.0,0.0,,,low
124201,0.07851695269346237,0.0,0.0,,,high
124255,0.03268861025571823,0.0,0.0,0.0,0.0,medium
124287,0.04762997105717659,0.0,0.0,,,high
124367,0.03116743266582489,0.0,0.0,,,medium
124394,0.019281888380646706,0.0,0.0,,,low
124677,0.023139052093029022,0.0,0.0,,,low
124781,0.06016756221652031,0.125,0.125,,,high
124872,0.03130225092172623,0.0,0.0,,,medium
124968,0.027190281078219414,0.0,0.0,0.0,0.0,low
125001,0.08150554448366165,0.1666666666666666,0.1666666666666666,,,high
125028,0.03850701451301575,0.0,0.0,,,high
125049,0.0414397194981575,0.0,0.0,,,high
125064,0.05433390289545059,0.0,0.0,,,high
125159,0.017327724024653435,0.0,0.0,,,low
125274,0.026589157059788704,0.0,0.0,,,low
125307,0.01618974655866623,0.0,0.0,,,low
125360,0.03839050605893135,0.0303030303030303,0.0,,,high
125403,0.02951657399535179,0.0,0.0,0.0,0.0,medium
125424,0.035635195672512054,0.0,0.0,0.0,0.0,medium
125459,0.025918595492839813,0.0,0.0,,,low
125526,0.024382123723626137,0.0,0.0,0.0,0.0,low
125677,0.08108934015035629,0.0,0.0,,,high
125724,0.04152601584792137,0.0,0.0,,,high
125859,0.051991887390613556,0.0,0.0,,,high
125892,0.04221626743674278,0.0,0.0,,,high
125895,0.03230082243680954,0.0,0.0,0.0,0.0,medium
126075,0.016735423356294632,0.0,0.0,0.0,0.0,low
126167,0.026740558445453644,0.0,0.0,,,low
126308,0.033024534583091736,0.0,0.0,,,medium
126339,0.03646991401910782,0.0,0.0,,,high
126357,0.023592233657836914,0.0,0.0,,,low
126549,0.022500857710838318,0.0,0.0,,,low
126587,0.029940389096736908,0.0,0.0,,,medium
126758,0.032066766172647476,0.0,0.0,,,medium
126976,0.021715376526117325,0.0,0.0,,,low
126986,0.0341830775141716,0.0,0.0,,,medium
127006,0.028549138456583023,0.0,0.0,,,medium
127076,0.031781572848558426,0.0,0.0,,,medium
127113,0.032805345952510834,0.0,0.0,,,medium
127320,0.0322125069797039,0.0,0.0,,,medium
127480,0.027704251930117607,0.0,0.0,0.0,0.0,medium
127508,0.05930956453084946,0.0,0.0,,,high
127514,0.028318233788013458,0.0,0.1111111111111111,,,medium
127557,0.026445794850587845,0.0,0.0,,,low
127831,0.029573172330856323,0.0,0.0,,,medium
127848,0.03347787633538246,0.0,0.0,,,medium
127942,0.02716195397078991,0.0,0.0,0.0,0.0,low
127959,0.033412955701351166,0.0,0.0,0.0,0.0,medium
127991,0.05105888098478317,0.0,0.0,,,high
128231,0.028359005227684975,0.0,0.0,,,medium
128416,0.01576904207468033,0.0,0.0,0.0,0.0,low
128467,0.034578800201416016,0.0,0.0,,,medium
128597,0.04885197803378105,0.0,0.0,,,high
128636,0.049152303487062454,0.0,0.0,,,high
128750,0.03382434323430061,0.0,0.0,,,medium
128867,0.04664003849029541,0.0,0.0,,,high
128954,0.047028426080942154,0.0,0.0,,,high
129037,0.02382705546915531,0.0,0.0769230769230769,,,low
129136,0.04721542075276375,0.0,0.0,,,high
129240,0.024628350511193275,0.0434782608695652,0.0434782608695652,,,low
129253,0.02940875105559826,0.0,0.0,,,medium
129297,0.016249069944024086,0.0,0.0,,,low
129388,0.013574624434113503,0.0,0.0,,,low
129446,0.03230934217572212,0.0,0.0,,,medium
129465,0.03891409933567047,0.0,0.03125,0.0,0.0,high
129589,0.08951522409915924,0.25,0.25,,,high
129827,0.03028085269033909,0.0,0.0,,,medium
129933,0.0380576029419899,0.0,0.0,,,high
129941,0.04799310490489006,0.0,0.0,,,high
130023,0.035914577543735504,0.0,0.0,0.0,0.0,high
130166,0.05121929571032524,0.0,0.0,,,high
130215,0.04781947657465935,0.0,0.0,,,high
130237,0.05141345039010048,0.0,0.0,0.0,0.0,high
130253,0.02032577060163021,0.0,0.0,,,low
130307,0.03128252550959587,0.0769230769230769,0.0,0.0,0.0,medium
130444,0.029066983610391617,0.0,0.0,0.0,0.0,medium
130709,0.024289488792419434,0.0,0.0,0.0,0.0,low
130819,0.05119810253381729,0.0,0.0,,,high
130838,0.01815316267311573,0.0,0.0,0.0,0.0,low
130841,0.041261620819568634,0.0,0.0,,,high
130855,0.03417787700891495,0.0,0.0,,,medium
131108,0.021232696250081062,0.0,0.0,,,low
131163,0.019824864342808723,0.0,0.0,,,low
131274,0.05485174432396889,0.0,0.0,,,high
131348,0.06592800468206406,0.0,0.0,,,high
131445,0.03796909376978874,0.0,0.0,,,high
131447,0.03356738016009331,0.0,0.0,,,medium
131558,0.023317016661167145,0.0,0.0,0.0,0.0,low
131695,0.03226405754685402,0.0,0.0,,,medium
131774,0.02089923806488514,0.0,0.0,0.0,0.0,low
131832,0.023454314097762108,0.0,0.0,,,low
132102,0.02554105408489704,0.0,0.0,0.0,0.0,low
132135,0.019934222102165222,0.0,0.0,0.0,0.0,low
132154,0.04616671800613403,0.0,0.0,,,high
132208,0.06200149655342102,0.0,0.0,,,high
132215,0.06002942845225334,0.0,0.0,,,high
132277,0.03285769745707512,0.0,0.0,,,medium
132351,0.02241213247179985,0.0,0.0,,,low
132406,0.04479605332016945,0.0,0.0,,,high
132510,0.028561461716890335,0.0,0.0,,,medium
132514,0.02794221043586731,0.0,0.0,,,medium
132522,0.02682477980852127,0.0,0.0,0.0,0.0,low
132557,0.04250064864754677,0.0,0.0,,,high
132608,0.029824865981936455,0.0,0.0,0.0,0.0,medium
132612,0.0277994554489851,0.0,0.0,,,medium
132681,0.032916802912950516,0.0,0.0,,,medium
132770,0.021572206169366837,0.0,0.0,0.0,0.0,low
132801,0.01604064553976059,0.0,0.0,,,low
132992,0.08775543421506882,0.0,0.0,,,high
133212,0.023744571954011917,0.0,0.0,,,low
133215,0.018293384462594986,0.0,0.0454545454545454,0.0,0.0,low
133272,0.03135359287261963,0.0,0.0344827586206896,,,medium
133320,0.022801000624895096,0.0,0.0,0.0,0.0,low
133677,0.020275119692087173,0.0,0.0,,,low
133789,0.031167779117822647,0.0,0.0,0.0,0.0,medium
133909,0.0566801093518734,0.0,0.0,,,high
134070,0.04831790179014206,0.0,0.0,,,high
134161,0.03807210177183151,0.0,0.0,,,high
134250,0.02985627017915249,0.0,0.0,,,medium
134464,0.05759912356734276,0.0,0.0,,,high
134605,0.04981151968240738,0.0,0.0,,,high
134818,0.05505065247416496,0.0,0.0,,,high
134821,0.04429540038108826,0.0,0.0,,,high
134853,0.07440858334302902,0.0,0.0,,,high
134965,0.032911330461502075,0.0,0.0,,,medium
135028,0.032861463725566864,0.0,0.0,0.0,0.0,medium
135077,0.036665331572294235,0.0,0.0,,,high
135112,0.02140013873577118,0.0,0.0,,,low
135124,0.0329165980219841,0.0,0.0,,,medium
135348,0.05537491664290428,0.0,0.0,,,high
135400,0.013532062992453575,0.0,0.0,,,low
135406,0.0534941591322422,0.0666666666666666,0.0,0.0,0.0,high
135486,0.030814610421657562,0.0,0.0,0.0,0.0,medium
135522,0.033449385315179825,0.0,0.0,0.0,0.0,medium
135659,0.032863799482584,0.037037037037037,0.0,,,medium
135806,0.03500307351350784,0.0,0.0,,,medium
136139,0.03831419348716736,0.0,0.0,0.0,0.0,high
136252,0.03067929297685623,0.0,0.0,,,medium
136260,0.035158850252628326,0.0,0.0,,,medium
136364,0.02348097786307335,0.0,0.0,0.0,0.0,low
136430,0.02875993587076664,0.0,0.0,,,medium
136445,0.04023884981870651,0.0,0.0,,,high
136471,0.02449573576450348,0.0,0.0,0.0,0.0,low
136628,0.060810115188360214,0.0,0.0,,,high
136669,0.037944246083498,0.0,0.0,,,high
136706,0.027476010844111443,0.0,0.0,0.0,0.0,medium
136789,0.061627473682165146,0.0,0.0,,,high
136823,0.03033342957496643,0.0,0.0909090909090909,,,medium
136838,0.039309751242399216,0.0,0.0,,,high
136968,0.027957670390605927,0.0,0.0,0.0,0.0,medium
136973,0.03155525401234627,0.0,0.0,,,medium
136976,0.02853269688785076,0.0,0.0,0.0,0.0,medium
137033,0.03129737451672554,0.0,0.0,,,medium
137117,0.030713453888893127,0.0,0.0,,,medium
137136,0.020871277898550034,0.0,0.0,,,low
137172,0.03329876437783241,0.0,0.0,,,medium
137314,0.031183874234557152,0.0,0.0,,,medium
137351,0.028919147327542305,0.0,0.0,,,medium
137361,0.030021654441952705,0.0,0.0,,,medium
137592,0.03829285502433777,0.0,0.0,0.0,0.0,high
137736,0.05744563415646553,0.0,0.0,,,high
137884,0.035374388098716736,0.0909090909090909,0.0,,,medium
137982,0.07626727968454361,0.0,0.0,,,high
138080,0.12524594366550446,0.0,0.0,,,high
138230,0.024067753925919533,0.0,0.0,,,low
138271,0.02958805486559868,0.0,0.0,,,medium
138467,0.020522285252809525,0.0,0.0,0.0,0.0,low
138598,0.032362788915634155,0.0,0.0,0.0,0.0,medium
138818,0.02437230944633484,0.0,0.0263157894736842,,,low
138862,0.03558643162250519,0.0,0.0,,,medium
138931,0.03875920549035072,0.0,0.0,,,high
138986,0.03327583149075508,0.0,0.0,,,medium
139221,0.028586750850081444,0.0,0.0,,,medium
139309,0.043413229286670685,0.0,0.0,,,high
139312,0.05790399760007858,0.0,0.0,,,high
139363,0.020779602229595184,0.0,0.0,,,low
139417,0.031658340245485306,0.0,0.0,0.0,0.0,medium
139569,0.0340372771024704,0.0,0.0,,,medium
139596,0.035368114709854126,0.0,0.0,,,medium
139679,0.059786196798086166,0.0,0.0,0.0,0.0,high
139783,0.042134590446949005,0.0,0.0,,,high
139847,0.022774588316679,0.0,0.0,,,low
139915,0.06344727426767349,0.0,0.0,,,high
139923,0.044905632734298706,0.0,0.0,,,high
140019,0.028246968984603882,0.0,0.0,0.0,0.0,medium
140080,0.03475346788764,0.1176470588235294,0.088235294117647,0.0,0.0,medium
140113,0.06258773058652878,0.0,0.0,,,high
140175,0.042884860187768936,0.0,0.0,,,high
140194,0.023910602554678917,0.0,0.0,0.0,0.0,low
140356,0.025472071021795273,0.0,0.0,,,low
140497,0.06477849930524826,0.0,0.0,,,high
140520,0.037805549800395966,0.0,0.0,,,high
140597,0.03491682559251785,0.0,0.0256410256410256,0.0,0.0,medium
140604,0.029337704181671143,0.0,0.0,,,medium
140719,0.01579665206372738,0.0,0.0,0.0,0.0,low
140880,0.01933285780251026,0.0,0.0,,,low
141012,0.02486763522028923,0.0,0.0,0.0,0.0,low
141130,0.04115840047597885,0.0,0.0,0.0,0.0,high
141174,0.02695232816040516,0.0,0.0,0.0,0.0,low
141178,0.03280666843056679,0.0,0.0,,,medium
141262,0.03521673381328583,0.0,0.0,0.0,0.0,medium
141266,0.02622777596116066,0.0,0.0,,,low
141310,0.03787124529480934,0.0,0.0,0.0,0.0,high
141323,0.040663521736860275,0.0714285714285714,0.0,,,high
141352,0.021701008081436157,0.0,0.0,0.0,0.0,low
141365,0.028935685753822327,0.0,0.0,,,medium
141415,0.032392751425504684,0.0,0.0,0.0,0.0,medium
141456,0.03342859074473381,0.0,0.0,,,medium
141479,0.042027316987514496,0.0,0.0,,,high
141508,0.026813507080078125,0.0,0.0,,,low
141512,0.07281927019357681,0.0,0.0,,,high
141514,0.030778467655181885,0.0,0.0,,,medium
141527,0.022896213456988335,0.0,0.0,0.0,0.0,low
141866,0.043711528182029724,0.0,0.0,,,high
141895,0.036203138530254364,0.0333333333333333,0.0,0.0,0.0,high
141902,0.020126279443502426,0.0,0.0,,,low
141949,0.01554111484438181,0.0,0.0,,,low
141988,0.013771986588835716,0.0,0.0,,,low
141994,0.02688833326101303,0.0,0.0,0.0,0.0,low
142037,0.020016320049762726,0.0,0.0,,,low
142058,0.024248987436294556,0.0,0.0,0.0,0.0,low
142086,0.023380594328045845,0.0,0.0,,,low
142291,0.020997075363993645,0.0,0.0,,,low
142350,0.02760148234665394,0.0344827586206896,0.0,,,medium
142612,0.03209913522005081,0.0,0.0,,,medium
142743,0.026387730613350868,0.0,0.0,,,low
142759,0.043533626943826675,0.0,0.0,,,high
142800,0.028420517221093178,0.0,0.0,0.0,0.0,medium
142816,0.01925717666745186,0.0,0.0,0.0,0.0,low
142937,0.026092855259776115,0.0,0.0,,,low
142957,0.030030053108930588,0.0,0.0,0.0,0.0,medium
143010,0.04061641916632652,0.1111111111111111,0.0,,,high
143024,0.03272257372736931,0.0,0.0,,,medium
143089,0.04720344766974449,0.0,0.0,,,high
143227,0.06574061512947083,0.0,0.0,,,high
143263,0.03739256411790848,0.0,0.0,0.0,0.0,high
143270,0.01979244314134121,0.0,0.0,,,low
143294,0.027494410052895546,0.0,0.0,0.0,0.0,medium
143320,0.029926255345344543,0.0,0.0,,,medium
143558,0.028552528470754623,0.0,0.0,,,medium
143613,0.0301642045378685,0.0,0.0,,,medium
143652,0.017863107845187187,0.0,0.0,,,low
143851,0.025927234441041946,0.0,0.0,,,low
143928,0.03891623020172119,0.0,0.0,,,high
143944,0.03938479349017143,0.0,0.0625,,,high
144034,0.025915266945958138,0.0,0.0869565217391304,,,low
144176,0.029897019267082214,0.0,0.0,0.0,0.0,medium
144194,0.021617649123072624,0.0,0.0,,,low
144285,0.02048438787460327,0.0,0.0,0.0,0.0,low
144378,0.027061017230153084,0.0,0.0,,,low
144389,0.04132435470819473,0.0,0.1666666666666666,0.0,0.0,high
144444,0.026361843571066856,0.0,0.0,,,low
144526,0.03745201230049133,0.0,0.0,,,high
144565,0.027291065081954002,0.0,0.0,,,medium
144616,0.029803628101944923,0.0,0.05,,,medium
144645,0.03966405615210533,0.0,0.0,,,high
144652,0.027891505509614944,0.0,0.0,0.0,0.0,medium
144737,0.026365099474787712,0.0,0.0,,,low
144777,0.026441223919391632,0.0,0.0,,,low
144900,0.041072577238082886,0.0,0.0,0.0,0.0,high
145019,0.022501390427350998,0.0,0.0,,,low
145194,0.00919883232563734,0.0,0.0,,,low
145219,0.029850827530026436,0.0,0.0454545454545454,,,medium
145293,0.014060241170227528,0.0,0.0,,,low
145309,0.03733760863542557,0.0,0.0,,,high
145409,0.0323951281607151,0.0,0.0,0.0,0.0,medium
145416,0.03738303482532501,0.0,0.0,,,high
145418,0.03443441912531853,0.0,0.0,,,medium
145527,0.09463521838188171,0.0,0.0,,,high
145722,0.024701150134205818,0.0,0.0,0.0,0.0,low
145748,0.03861049562692642,0.0,0.0,,,high
146057,0.027557043358683586,0.0,0.0,0.0,0.0,medium
146108,0.1069207713007927,0.0,0.0,,,high
146202,0.028343742713332176,0.0,0.0,0.0,0.0,medium
146387,0.021734049543738365,0.0,0.0454545454545454,,,low
146413,0.016993047669529915,0.0,0.0,,,low
146425,0.025036383420228958,0.0,0.0,,,low
146485,0.027885517105460167,0.0,0.0,,,medium
146511,0.031525298953056335,0.0,0.0,,,medium
146593,0.02647964097559452,0.0,0.0454545454545454,,,low
146665,0.01757795177400112,0.0,0.0,0.0,0.0,low
147351,0.017446216195821762,0.0,0.2,,,low
147450,0.03637629374861717,0.0,0.0,,,high
147452,0.025731462985277176,0.0,0.0,,,low
147621,0.03066220134496689,0.0,0.0,,,medium
147623,0.03198285400867462,0.0,0.0,0.0,0.0,medium
147632,0.022024745121598244,0.0,0.0,0.0,0.0,low
147717,0.04756338149309158,0.0,0.0909090909090909,0.0,0.0,high
147733,0.02834673412144184,0.0,0.0,,,medium
147803,0.045806437730789185,0.0,0.0,0.0,0.0,high
147992,0.02823537401854992,0.0,0.0,0.0,0.0,medium
147997,0.03317638486623764,0.0,0.0,,,medium
148086,0.02777480147778988,0.0277777777777777,0.0277777777777777,0.0,0.0,medium
148214,0.016279349103569984,0.0,0.0,,,low
148273,0.03761506825685501,0.0,0.0,0.0,0.0,high
148296,0.028226744383573532,0.0,0.0,0.0,0.0,medium
148372,0.037624653428792953,0.0,0.0,,,high
148375,0.04131176322698593,0.0,0.0,0.0,0.0,high
148465,0.05051182582974434,0.0,0.0,,,high
148503,0.024439148604869843,0.0,0.0,,,low
148622,0.03894980624318123,0.0,0.0,,,high
148700,0.035910725593566895,0.0,0.0,,,high
148714,0.02355249971151352,0.0,0.1666666666666666,,,low
148957,0.029578261077404022,0.0,0.0,,,medium
148969,0.05819062143564224,0.0,0.0,,,high
149154,0.07841625064611435,0.0,0.0,,,high
149176,0.025037463754415512,0.0,0.0,,,low
149214,0.05932047963142395,0.0,0.0,,,high
149228,0.0336284376680851,0.0,0.0,0.0,0.0,medium
149375,0.0363086573779583,0.0,0.0,,,high
149415,0.04465925693511963,0.0,0.0,,,high
149541,0.02144729718565941,0.0,0.0,,,low
149571,0.01927013508975506,0.0,0.0,,,low
149907,0.02781960554420948,0.0,0.0,,,medium
149940,0.03465774655342102,0.0,0.0,0.0,0.0,medium
149955,0.014866991899907589,0.0,0.0,,,low
149987,0.0368039608001709,0.0,0.0,0.0,0.0,high
150038,0.030426934361457825,0.0,0.0,,,medium
150045,0.020680341869592667,0.0,0.0,,,low
150138,0.020831117406487465,0.0,0.0,,,low
150217,0.037341613322496414,0.0,0.0,,,high
150339,0.03679508715867996,0.0,0.0,,,high
150481,0.02625766582787037,0.0,0.0,,,low
150708,0.04639778658747673,0.0,0.0,,,high
150868,0.021521881222724915,0.0,0.0,,,low
150876,0.0332501083612442,0.0,0.0,0.0,0.0,medium
151016,0.02914743311703205,0.0,0.0,,,medium
151045,0.03005158342421055,0.0,0.0,,,medium
151057,0.02078329771757126,0.125,0.125,,,low
151248,0.018615074455738068,0.0,0.0,,,low
151277,0.03136906400322914,0.0,0.0,,,medium
151317,0.03971082717180252,0.0,0.0,,,high
151429,0.018177740275859833,0.0454545454545454,0.0,0.0,0.0,low
151504,0.023362265899777412,0.0,0.0,,,low
151524,0.036187149584293365,0.0,0.0,,,high
151655,0.022404320538043976,0.0,0.0,,,low
151759,0.03446062654256821,0.0,0.0,0.0,0.0,medium
151855,0.03145287558436394,0.0,0.0,,,medium
152007,0.0356782041490078,0.0,0.0,,,medium
152037,0.025692392140626907,0.0,0.0384615384615384,0.0,0.0,low
152065,0.03367093950510025,0.0,0.0,,,medium
152167,0.030661242082715034,0.0,0.0,,,medium
152190,0.03910312429070473,0.0,0.0,,,high
152384,0.0372566357254982,0.0,0.0,,,high
152586,0.02560143545269966,0.0,0.0,,,low
152591,0.03465573489665985,0.0,0.0,,,medium
152609,0.06176012009382248,0.0,0.0,,,high
152619,0.03437215834856033,0.0,0.0,0.0,0.0,medium
152756,0.024442356079816818,0.0,0.0,,,low
152911,0.022298697382211685,0.0,0.0,,,low
153061,0.04391562566161156,0.0,0.0,0.0,0.0,high
153213,0.06487003713846207,0.0526315789473684,0.0,,,high
153244,0.15286658704280853,0.0,0.25,,,high
153284,0.03285989537835121,0.0,0.0,,,medium
153310,0.02974431961774826,0.0,0.0,,,medium
153378,0.027835514396429062,0.0,0.0,,,medium
153466,0.044180795550346375,0.0,0.0,,,high
153525,0.01855418272316456,0.0,0.0,,,low
153537,0.02315971441566944,0.0,0.0,,,low
153664,0.020811714231967926,0.0,0.0,,,low
153704,0.029215991497039795,0.0,0.0,,,medium
153859,0.0445646308362484,0.0,0.0,,,high
154232,0.013619431294500828,0.0,0.0,,,low
154252,0.03314907103776932,0.0,0.0,,,medium
154281,0.037785958498716354,0.0,0.0,,,high
154445,0.028905821964144707,0.0,0.0,,,medium
154448,0.01941731944680214,0.0,0.0,,,low
154460,0.035755451768636703,0.0,0.0,,,high
154578,0.04404138773679733,0.0,0.0,,,high
154641,0.045519616454839706,0.0,0.0,,,high
154661,0.03346262127161026,0.0,0.0,0.0,0.0,medium
154810,0.014448455534875393,0.0,0.0333333333333333,0.0,0.0,low
154848,0.04937450587749481,0.0,0.0,,,high
154857,0.037347812205553055,0.0,0.0,0.0,0.0,high
154888,0.04927476868033409,0.0,0.0,,,high
154932,0.04846887290477753,0.0,0.0,,,high
155080,0.018945666030049324,0.0,0.0,,,low
155096,0.03858494013547897,0.0,0.0,,,high
155248,0.030240820720791817,0.0,0.0,,,medium
155272,0.026373086497187614,0.0,0.0,0.0,0.0,low
155280,0.027486242353916168,0.0,0.0,,,medium
155394,0.02131246030330658,0.0,0.0,,,low
155410,0.030646538361907005,0.0,0.0,,,medium
155440,0.034312717616558075,0.0,0.0,,,medium
155540,0.02887902595102787,0.0,0.0,,,medium
155555,0.03023231402039528,0.0,0.0,,,medium
155574,0.012375003658235073,0.0,0.0,,,low
155660,0.028998231515288353,0.0,0.0,,,medium
155686,0.022868774831295013,0.0,0.0,,,low
155733,0.03041895665228367,0.0,0.0,,,medium
155869,0.047694455832242966,0.0,0.0,,,high
155888,0.037882108241319656,0.0,0.0,,,high
155904,0.03429209813475609,0.0,0.0,,,medium
155945,0.05080906301736832,0.0,0.0,,,high
155986,0.03782272711396217,0.0,0.0,0.0,0.0,high
156056,0.03710969537496567,0.0,0.0,,,high
156140,0.01687164418399334,0.0,0.0,,,low
156176,0.028571534901857376,0.0,0.0,,,medium
156191,0.05219036340713501,0.0,0.0,,,high
156238,0.04023626446723938,0.0,0.0,,,high
156288,0.03049333207309246,0.0,0.0,,,medium
156360,0.024164291098713875,0.0,0.0571428571428571,0.0,0.25,low
156374,0.032317884266376495,0.0,0.0,,,medium
156613,0.04264864698052406,0.0,0.0,,,high
156624,0.03189865127205849,0.0,0.0,,,medium
156678,0.017175177112221718,0.0,0.0,,,low
156727,0.05418841540813446,0.0,0.0,,,high
157224,0.039486177265644073,0.0,0.0,,,high
157235,0.03944629058241844,0.0666666666666666,0.0,0.0,0.0,high
157239,0.028111374005675316,0.0,0.0,,,medium
157342,0.04061756655573845,0.0,0.0,,,high
157374,0.025305671617388725,0.0,0.0,,,low
157660,0.036206454038619995,0.0,0.0,,,high
157705,0.044250551611185074,0.0,0.0,0.0,0.0,high
157824,0.026296207681298256,0.0,0.0,0.0,0.0,low
157825,0.07900365442037582,0.1666666666666666,0.1666666666666666,,,high
158010,0.02671055868268013,0.0,0.0,,,low
158032,0.03419157862663269,0.0,0.0,,,medium
158125,0.07617264986038208,0.1,0.1,,,high
158183,0.033407680690288544,0.0,0.0,,,medium
158320,0.046450573951005936,0.0,0.0,,,high
158421,0.029221123084425926,0.0,0.0,0.0,0.0,medium
158477,0.030342930927872658,0.0,0.0,0.0,0.0,medium
158494,0.0252732764929533,0.0,0.0,0.0,0.0,low
158572,0.03585021197795868,0.0,0.0,,,high
158594,0.0434453971683979,0.0,0.0,,,high
158597,0.039476267993450165,0.0,0.0,,,high
158769,0.029355328530073166,0.0,0.0,,,medium
158837,0.022355029359459877,0.0,0.0,0.0,0.0,low
158897,0.03257543221116066,0.0,0.0,0.0,0.0,medium
158914,0.01891815848648548,0.0,0.0,0.0,0.0,low
159047,0.03166203945875168,0.0,0.0,,,medium
159131,0.08635298162698746,0.0,0.0,,,high
159175,0.06528592109680176,0.0,0.0,0.0,0.0,high
159183,0.019103726372122765,0.1,0.0,0.0,0.0,low
159211,0.027014976367354393,0.0,0.0,,,low
159336,0.033576831221580505,0.0,0.0,,,medium
159371,0.029132243245840073,0.0,0.0,,,medium
159407,0.05320669338107109,0.0,0.0,,,high
159529,0.03318464010953903,0.0,0.1,0.0,0.5,medium
159531,0.02711912989616394,0.0,0.0,,,low
159589,0.02595997229218483,0.0,0.0,0.0,0.0,low
159658,0.07221584767103195,0.0,0.0,0.0,0.0,high
159714,0.0176820307970047,0.0,0.0,,,low
159870,0.03307083621621132,0.0,0.0,,,medium
159876,0.037026528269052505,0.0,0.0,,,high
159957,0.02809790149331093,0.0,0.0,,,medium
159992,0.02038138173520565,0.0,0.0,,,low
160063,0.046513717621564865,0.0,0.0,,,high
160385,0.0365571565926075,0.0,0.0,,,high
160452,0.06032248213887215,0.0833333333333333,0.0833333333333333,,,high
160650,0.030640438199043274,0.0,0.0,,,medium
160664,0.016972975805401802,0.0,0.0,0.0,0.0,low
160670,0.04007017984986305,0.0,0.0,,,high
160718,0.14302292466163635,0.0,0.0,0.0,0.0,high
160960,0.046324074268341064,0.0,0.1666666666666666,,,high
160982,0.020547084510326385,0.0769230769230769,0.0,,,low
161030,0.042737122625112534,0.0,0.0,,,high
161073,0.02969057485461235,0.0,0.0,,,medium
161116,0.0273267924785614,0.0,0.0,,,medium
161123,0.030077343806624413,0.0,0.0,,,medium
161129,0.04017886146903038,0.0,0.0,,,high
161149,0.02906281314790249,0.0,0.0,,,medium
161183,0.02077367901802063,0.0,0.0,,,low
161558,0.03154459223151207,0.0,0.0,,,medium
161609,0.07325192540884018,0.0,0.0,,,high
161610,0.10143587738275528,0.2,0.2,,,high
161622,0.03035510703921318,0.0,0.0,,,medium
161657,0.02102622389793396,0.0,0.0,,,low
161669,0.04441042244434357,0.0,0.2,,,high
161835,0.029406577348709106,0.05,0.025,0.0,0.0,medium
161851,0.031279556453228,0.0,0.0,,,medium
161855,0.03021201491355896,0.0,0.0,,,medium
162164,0.03827624022960663,0.0,0.0,,,high
162229,0.017811277881264687,0.0,0.0,,,low
162272,0.06757351011037827,0.0,0.0,0.0,0.0,high
162310,0.045851875096559525,0.0,0.0,,,high
162356,0.03473658114671707,0.0,0.0,,,medium
162423,0.1590067595243454,0.0,0.0,,,high
