user_id,recency_recall@10,recency_lt@10,meanselect_recall@10,meanselect_lt@10
67,0.0,0.0,0.0,0.0
92,0.0,,0.0,
182,0.0,0.0,0.0,0.0
264,0.0,,0.0,
335,0.0,,0.0,
400,0.0,,0.0,
419,0.08333333333333333,,0.0,
509,0.0,,0.0,
559,0.0,,0.0,
890,0.0,,0.0,
953,0.0,,0.0,
1049,0.0,,0.0,
1159,0.0,0.0,0.0,0.0
1264,0.0,,0.0,
1310,0.0,,0.0,
1510,0.0,,0.0,
1523,0.0,,0.0,
1568,0.0,,0.0,
1649,0.0,0.0,0.0,0.0
1873,0.0,,0.0,
2002,0.047619047619047616,,0.047619047619047616,
2063,0.0,,0.0,
2226,0.0,,0.0,
2260,0.0,,0.0,
2297,0.0,,0.0,
2396,0.0,,0.0,
2501,0.038461538461538464,,0.038461538461538464,
2810,0.0,,0.0,
3146,0.0,,0.0,
3161,0.0,,0.0,
3171,0.0,,0.0,
3307,0.0,,0.0,
3367,0.0,0.0,0.0,0.0
3413,0.0,,0.0,
3461,0.0,,0.0,
3561,0.0,0.0,0.0,0.0
3835,0.0,,0.0,
3964,0.0,,0.0,
4022,0.0,,0.0,
4057,0.0,,0.0,
4059,0.0,,0.0,
4157,0.0,,0.0,
4186,0.0,0.0,0.0,0.0
4291,0.0,,0.0,
4359,0.0,0.0,0.0,0.0
4378,0.0,,0.0,
4462,0.0,,0.0,
4643,0.0,,0.0,
4673,0.0,,0.0,
4686,0.0,,0.0,
4701,0.0,,0.0,
4827,0.0,,0.0,
5025,0.0,,0.0,
5087,0.0,0.0,0.0,0.0
5152,0.0,,0.0,
5205,0.0,0.0,0.0,0.0
5295,0.0,0.0,0.14285714285714285,0.0
5307,0.0,,0.0,
5418,0.0,0.0,0.0,0.0
5833,0.0,0.0,0.0,0.0
5856,0.0,,0.0,
5961,0.0,,0.0,
6017,0.0,,0.0,
6052,0.045454545454545456,,0.045454545454545456,
6221,0.0,,0.0,
6296,0.03225806451612903,,0.03225806451612903,
6409,0.0,,0.0,
6463,0.0,,0.0,
6483,0.0,,0.0,
6488,0.0,,0.0,
6544,0.0,,0.0,
6547,0.0,,0.0,
6673,0.0,,0.0,
6798,0.0,0.0,0.0,0.0
7071,0.0,,0.0,
7100,0.0,0.0,0.0,0.0
7170,0.0,0.0,0.0,0.0
7216,0.0,0.0,0.0,0.0
7378,0.0,,0.0,
7408,0.0,,0.0,
7462,0.0,,0.0,
7489,0.0,,0.0,
7525,0.0,,0.0,
7675,0.0,0.0,0.02631578947368421,0.5
7980,0.0,,0.0,
8163,0.0,0.0,0.0,0.0
8174,0.05,0.0,0.0,0.0
8184,0.0,,0.0,
8231,0.0,0.0,0.0,0.0
8232,0.0,,0.0,
8268,0.0,0.0,0.0,0.0
8358,0.0,0.0,0.0,0.0
8397,0.0,0.0,0.0,0.0
8474,0.0,,0.0,
8727,0.0,,0.0,
8826,0.0,,0.0,
8830,0.0,,0.0,
8882,0.0,,0.0,
9118,0.0,,0.0,
9146,0.0,0.0,0.0,0.0
9269,0.0,0.0,0.0,0.0
9312,0.0,,0.0,
9441,0.0,,0.0,
9533,0.1111111111111111,,0.0,
9557,0.0,,0.0,
9604,0.0,,0.0,
9736,0.0,,0.0,
9839,0.0,0.0,0.0,0.0
9889,0.0,,0.0,
9898,0.0,,0.0,
9950,0.0,0.0,0.0,0.0
10169,0.0,,0.0,
10314,0.0,,0.0,
10372,0.0,0.0,0.0,0.0
10450,0.0,,0.0,
10477,0.0,0.0,0.0,0.0
10667,0.0,,0.0,
10796,0.0,,0.0,
11007,0.0,,0.0,
11097,0.0,,0.0,
11176,0.0,,0.0,
11196,0.0,,0.0,
11212,0.0,0.0,0.0,0.0
11245,0.0,0.0,0.0,0.0
11272,0.0,,0.0,
11319,0.0,0.0,0.0,0.0
11355,0.0,,0.0,
11376,0.0,,0.0,
11415,0.0,,0.0,
11439,0.0,,0.0,
11576,0.0,0.0,0.0,0.0
11599,0.0,0.0,0.0,0.0
11632,0.03333333333333333,0.0,0.0,0.0
11667,0.0,,0.0,
11668,0.0,,0.0,
11866,0.0,,0.0,
11912,0.0,0.0,0.0,0.0
11981,0.0,,0.0,
12077,0.0,,0.0,
12114,0.0,0.0,0.0,0.0
12234,0.0,0.0,0.0,0.0
12279,0.0,,0.0,
12306,0.0,,0.0,
12315,0.0,,0.0,
12330,0.0,0.0,0.0,0.0
12428,0.0,,0.0,
12670,0.0,,0.0,
12867,0.0,0.0,0.0,0.0
12874,0.0,,0.0,
12903,0.0,,0.0,
13044,0.0,0.0,0.0,0.0
13093,0.0,,0.0,
13122,0.0,,0.0,
13144,0.0,,0.0,
13171,0.0,,0.0,
13275,0.0,,0.0,
13387,0.0,0.0,0.0,0.0
13402,0.0,,0.0,
13728,0.0,,0.0,
13855,0.0,0.0,0.0,0.0
13912,0.0,,0.0,
13981,0.0,,0.0,
13986,0.0,,0.0,
14146,0.0,,0.0,
14194,0.03225806451612903,0.0,0.0,0.0
14373,0.0,,0.0,
14720,0.0,,0.0,
14748,0.0,0.0,0.0,0.0
14760,0.0,,0.0,
14843,0.0,0.0,0.0,0.0
14896,0.0,,0.0,
14910,0.0,,0.0,
14970,0.0,0.0,0.0,0.0
15071,0.0,,0.0,
15147,0.0,0.0,0.0,0.0
15202,0.0,,0.0,
15230,0.0,,0.0,
15239,0.0,,0.0,
15259,0.0,,0.0,
15308,0.0,,0.0,
15404,0.0,,0.0,
15799,0.0,,0.0,
15834,0.0,,0.0,
15868,0.0,,0.2,
15872,0.0,,0.0,
15980,0.0,,0.0,
16059,0.0,,0.0,
16064,0.0,,0.0,
16164,0.0,,0.0,
16195,0.0,,0.0,
16211,0.0,0.0,0.0,0.0
16273,0.0,,0.0,
16312,0.0,0.0,0.0,0.0
16385,0.0,,0.0,
16409,0.0,,0.0,
16413,0.0,,0.0,
16490,0.0,,0.0,
16643,0.0,,0.0,
16692,0.0,,0.0,
16740,0.0,,0.0,
16759,0.0,,0.0,
16791,0.0,,0.0,
16918,0.0,,0.0,
17085,0.0,,0.0,
17233,0.0,,0.0,
17381,0.0,,0.0,
17407,0.0,,0.0,
17420,0.14285714285714285,,0.0,
17494,0.0,,0.0,
17660,0.0,,0.0,
17705,0.0,,0.0,
17713,0.0,0.0,0.0,0.0
17857,0.0,,0.0,
17915,0.0,,0.0,
18185,0.0,,0.0,
18219,0.0,,0.0,
18270,0.0,0.0,0.0,0.0
18271,0.0,,0.0,
18530,0.05,,0.05,
18647,0.0,,0.0,
18694,0.0,0.0,0.0,0.0
18715,0.07142857142857142,,0.07142857142857142,
18717,0.0,,0.0,
18753,0.0,,0.0,
18820,0.0,,0.0,
18851,0.0,,0.0,
18864,0.0,,0.0,
18900,0.0,,0.0,
18947,0.0,,0.0,
18980,0.0,,0.0,
19076,0.0,,0.0,
19202,0.0,,0.0,
19366,0.0,,0.0,
19544,0.0,0.0,0.0,0.0
19592,0.0,,0.0,
19724,0.0,,0.0,
19779,0.0,,0.0,
19787,0.0,0.0,0.0,0.0
19836,0.06666666666666667,,0.0,
19849,0.0,0.0,0.0,0.0
19966,0.0,0.0,0.0,0.0
20207,0.0,,0.0,
20334,0.0,0.0,0.0,0.0
20379,0.0,,0.0,
20411,0.0,0.0,0.0,0.0
20560,0.0,,0.0,
20587,0.125,,0.0,
20630,0.0,,0.0,
20635,0.029411764705882353,0.0,0.029411764705882353,0.0
20640,0.125,,0.125,
20689,0.0,,0.0,
20798,0.0,,0.0,
20825,0.0,,0.0,
20858,0.0,,0.0,
20981,0.0,0.0,0.0,0.0
21387,0.0,,0.0,
21396,0.0,,0.0,
21419,0.0,,0.0,
21483,0.07692307692307693,,0.0,
21606,0.0,,0.0,
21633,0.0,,0.0,
21657,0.06666666666666667,,0.06666666666666667,
21795,0.0,,0.0,
21944,0.0,,0.0,
22162,0.0,0.0,0.0,0.0
22169,0.0,,0.041666666666666664,
22317,0.0,,0.0,
22364,0.2222222222222222,,0.2222222222222222,
22624,0.0,,0.0,
22629,0.0,,0.0,
22822,0.0,,0.0,
22835,0.0,,0.0,
22862,0.0,,0.0,
22923,0.0,,0.0,
23016,0.0,0.0,0.0,0.0
23266,0.0,0.0,0.0,0.0
23374,0.09090909090909091,,0.0,
23420,0.0,0.0,0.0,0.0
23587,0.0,,0.03333333333333333,
23670,0.0,,0.0,
23825,0.0,,0.0,
24115,0.0,,0.0,
24145,0.0,,0.0,
24226,0.0,,0.0,
24307,0.041666666666666664,0.0,0.0,0.0
24365,0.0,0.0,0.0,0.0
24375,0.0,,0.0,
24400,0.0,,0.0,
24687,0.0,0.0,0.0,0.0
24831,0.0,,0.0,
24896,0.0,,0.0,
24943,0.0,,0.0,
25014,0.0,,0.0,
25018,0.0,,0.0,
25019,0.0,,0.0,
25044,0.0,0.0,0.0,0.0
25202,0.0,0.0,0.0,0.0
25278,0.0,,0.0,
25306,0.0,,0.0,
25311,0.0,,0.0,
25351,0.0,,0.0,
25459,0.0,,0.0,
25465,0.0,,0.0,
25642,0.0,,0.0,
25729,0.0,,0.0,
25792,0.0,,0.0,
25838,0.0,,0.0,
25876,0.0,,0.0,
25907,0.0,,0.0,
25939,0.0,0.0,0.0,0.0
26064,0.0,0.0,0.0,0.0
26072,0.0,,0.0,
26147,0.05,,0.05,
26198,0.0,,0.0,
26339,0.0,,0.0,
26465,0.0,,0.0,
26472,0.0,0.0,0.0,0.0
26630,0.0,,0.0,
26653,0.0,,0.0,
26780,0.0,,0.0,
26839,0.0,,0.0,
26971,0.0,,0.0,
26985,0.0,0.0,0.0,0.0
27050,0.0,,0.0,
27061,0.0,,0.0,
27194,0.0,0.0,0.0,0.0
27256,0.0,,0.0,
27267,0.0,0.0,0.0,0.0
27503,0.03333333333333333,0.0,0.0,0.0
27800,0.0,,0.0,
27850,0.0,,0.0,
28045,0.0,0.0,0.0,0.0
28494,0.0,0.0,0.0,0.0
28529,0.0,,0.0,
28705,0.0,,0.0,
28724,0.0,,0.0,
28799,0.0,,0.0,
28841,0.0,,0.0,
28881,0.0,,0.0,
29027,0.0,,0.0,
29269,0.0,,0.0,
29281,0.0,0.0,0.0,0.0
29398,0.0,,0.0,
29412,0.0,,0.0,
29514,0.0,,0.0,
29751,0.0,,0.0,
29792,0.0,,0.0,
29812,0.0,,0.0,
30092,0.0,,0.0,
30236,0.0,,0.0,
30367,0.07142857142857142,,0.0,
30481,0.047619047619047616,,0.047619047619047616,
30761,0.0,0.0,0.0,0.0
30943,0.0,,0.0,
31129,0.0,,0.0,
31144,0.0,,0.0,
31181,0.0,0.0,0.05555555555555555,0.0
31188,0.0,,0.0,
31204,0.0,,0.0,
31236,0.0,,0.0,
31264,0.025,0.0,0.0,0.0
31338,0.0,0.0,0.0,0.0
31421,0.0,,0.0,
31429,0.0,,0.0,
31468,0.0,0.0,0.0,0.0
31537,0.2,,0.0,
31593,0.0,,0.0,
31678,0.0,,0.0,
31835,0.0,0.0,0.0,0.0
31886,0.0,,0.0,
32298,0.0,0.0,0.0,0.0
32435,0.0,,0.0,
32516,0.0,,0.0,
32599,0.0,,0.0,
32609,0.0,,0.0,
32650,0.0,,0.0,
32663,0.0,,0.0,
32693,0.0,0.0,0.0,0.0
32726,0.0,,0.0,
32934,0.0,,0.0,
32993,0.0,,0.0,
33396,0.0,,0.0,
33405,0.0,,0.0,
33517,0.0,0.0,0.0,0.0
33946,0.0,,0.0,
34106,0.0,,0.0,
34405,0.0,,0.0,
34498,0.0,0.0,0.0,0.0
34514,0.0,,0.0,
34593,0.0,0.0,0.0,0.0
34650,0.0,0.0,0.0,0.0
34659,0.0,,0.0,
34761,0.0,,0.0,
34788,0.0,,0.0,
34836,0.0,,0.0,
34837,0.0,,0.0,
34920,0.0,,0.0,
35007,0.0,0.0,0.0,0.0
35096,0.0,,0.0,
35104,0.0,,0.0,
35142,0.0,0.0,0.0,0.0
35190,0.0,,0.0,
35377,0.0,,0.0,
35546,0.0,,0.0,
35689,0.0,,0.0,
35760,0.0,,0.0,
35806,0.0,0.0,0.0,0.0
35925,0.0,0.0,0.0,0.0
35958,0.0,,0.0,
35986,0.0,,0.0,
36036,0.03125,0.0,0.03125,0.0
36051,0.1,,0.1,
36082,0.0,,0.0,
36176,0.0,,0.0,
36210,0.0,0.0,0.0,0.0
36226,0.0,,0.0,
36364,0.0,,0.0,
36401,0.0,,0.0,
36541,0.0,,0.0,
36619,0.0,0.0,0.0,0.0
36661,0.0,,0.0,
36829,0.0,,0.0,
36906,0.0,,0.0,
36914,0.0,0.0,0.0,0.0
36934,0.0,,0.0,
37065,0.0,0.0,0.0,0.0
37076,0.0,,0.0,
37355,0.0,,0.0,
37356,0.09090909090909091,,0.09090909090909091,
37371,0.0,,0.0,
37418,0.0,,0.0,
37586,0.0,,0.0,
37590,0.0,,0.0,
37607,0.0,0.0,0.0,0.0
37790,0.0,,0.0,
37791,0.0,,0.0,
37862,0.0,,0.0,
37979,0.0,,0.0,
38020,0.0,,0.0,
38137,0.0,,0.0,
38219,0.0,,0.0,
38238,0.0,,0.0,
38345,0.0,,0.0,
38368,0.0,,0.0,
38413,0.0,,0.0,
38524,0.0,,0.0,
38573,0.0,0.0,0.0,0.0
38577,0.0,,0.0,
38587,0.0,,0.0,
38641,0.0,,0.0,
38787,0.0,,0.0,
38833,0.07142857142857142,0.0,0.07142857142857142,0.0
38891,0.0,,0.0,
38971,0.0,,0.0,
39107,0.0,0.0,0.0,0.0
39195,0.0,,0.0,
39220,0.0,,0.0,
39238,0.0,,0.0,
39307,0.0,,0.0625,
39316,0.0,,0.0,
39342,0.14285714285714285,,0.14285714285714285,
39405,0.0,,0.0,
39482,0.0,0.0,0.0,0.0
39566,0.0,0.0,0.0,0.0
39572,0.0,,0.0,
39645,0.0,,0.0,
39895,0.0,,0.0,
39921,0.0,,0.0,
39972,0.0,,0.0,
40013,0.0,,0.0,
40049,0.0,,0.0,
40071,0.0,,0.0,
40088,0.0,0.0,0.0,0.0
40121,0.0,,0.0,
40136,0.0,,0.0,
40219,0.0,,0.0,
40225,0.0,0.0,0.0,0.0
40234,0.0,,0.0,
40343,0.0,,0.0,
40451,0.0,,0.0,
40517,0.0,,0.0,
40618,0.0,,0.0,
40624,0.0,,0.0,
40730,0.0,0.0,0.0,0.0
40768,0.0,,0.0,
40771,0.0,,0.0,
40846,0.0,,0.0,
40935,0.0,,0.0,
40989,0.0,,0.0,
41042,0.0,,0.0,
41088,0.0,,0.0,
41129,0.0,0.0,0.0,0.0
41168,0.0,0.0,0.0,0.0
41242,0.0,,0.0,
41289,0.030303030303030304,0.3333333333333333,0.030303030303030304,0.3333333333333333
41292,0.0,,0.0,
41426,0.030303030303030304,0.0,0.0,0.0
41448,0.0,,0.0,
41461,0.0,,0.0,
41723,0.0,,0.0,
41846,0.0,,0.0,
41948,0.0,,0.0,
42094,0.0,0.0,0.0,0.0
42228,0.0,,0.0,
42456,0.0,,0.0,
42600,0.0,0.0,0.0,0.0
42758,0.0,,0.0,
42864,0.0,0.0,0.0,0.0
42937,0.0,0.0,0.0,0.0
43060,0.0,,0.0,
43096,0.0,0.0,0.0,0.0
43198,0.0,,0.0,
43304,0.0,,0.0,
43401,0.0,0.0,0.0,0.0
43474,0.0,0.0,0.0,0.0
43475,0.0,,0.0,
43486,0.0,0.0,0.0,0.0
43493,0.0,,0.0,
43506,0.0,,0.0,
43546,0.0,,0.0,
43570,0.0,,0.0,
43575,0.0,,0.0,
43596,0.0,,0.0,
43643,0.0,,0.08333333333333333,
43666,0.0,,0.0,
43668,0.0,,0.0,
43856,0.0,0.0,0.0,0.0
43859,0.0,,0.0,
43884,0.0,,0.0,
43894,0.0,,0.0,
43910,0.0,,0.0,
44005,0.0,,0.0,
44110,0.0,,0.0,
44283,0.0,,0.0,
44356,0.0,,0.0,
44376,0.0,,0.0,
44502,0.0,,0.0,
44638,0.0,,0.0,
44728,0.0,,0.0,
44746,0.0,,0.0,
44776,0.0,,0.0,
44839,0.0,,0.0,
44916,0.0,,0.0,
45068,0.0,,0.0,
45092,0.0,,0.0,
45114,0.0,,0.0,
45191,0.0,,0.0,
45326,0.0,,0.0,
45393,0.0,,0.0,
45400,0.0,0.0,0.0,0.0
45435,0.0,,0.0,
45466,0.0,,0.0,
45564,0.0,,0.0,
45667,0.0,,0.0,
45684,0.0,,0.0,
45717,0.0,0.0,0.0,0.0
45722,0.0,0.0,0.0,0.0
45731,0.0,0.0,0.0,0.0
45770,0.0,0.0,0.0,0.0
45779,0.0,,0.0,
45789,0.0,0.0,0.0,0.0
45844,0.07142857142857142,,0.0,
45878,0.0,0.0,0.0,0.0
45969,0.0,0.0,0.0,0.0
45985,0.0,,0.0,
46311,0.0,0.0,0.0,0.0
46466,0.0,,0.0,
46482,0.0,,0.0,
46507,0.0,,0.0,
46647,0.0,0.0,0.0,0.0
46737,0.0,,0.0,
46838,0.0,,0.0,
46885,0.0,0.0,0.0,0.0
46959,0.0,,0.0,
47033,0.0,0.0,0.0,0.0
47164,0.0,,0.0,
47242,0.0,0.0,0.0,0.0
47283,0.0,,0.0,
47346,0.0,,0.0,
47357,0.0,,0.0,
47377,0.0,,0.0,
47438,0.0,,0.0,
47575,0.0,,0.0,
47866,0.0,0.0,0.0,0.0
47967,0.0,,0.0,
48015,0.0,0.0,0.0,0.0
48182,0.0,,0.0,
48213,0.0,,0.0,
48231,0.0,,0.0,
48353,0.0,,0.0,
48488,0.0,,0.0,
48492,0.0,,0.0,
48509,0.0,,0.047619047619047616,
48580,0.0,,0.0,
48616,0.0,,0.0,
48684,0.0,,0.0,
48760,0.0,,0.0,
48866,0.0,,0.0,
49055,0.0,,0.0,
49076,0.0,0.0,0.0,0.0
49085,0.0,,0.0,
49171,0.0,,0.0,
49208,0.0,,0.0,
49220,0.0,,0.0,
49304,0.0,,0.0,
49360,0.0,,0.0,
49469,0.0,,0.0,
49569,0.0,,0.0,
49654,0.0,,0.0,
49664,0.0,,0.0,
49678,0.0,0.0,0.0,0.0
49718,0.0,0.0,0.0,0.0
49939,0.0,,0.0,
49944,0.0,,0.0,
49977,0.0,0.0,0.0,0.0
50019,0.0,,0.0,
50149,0.0,,0.0,
50182,0.0,,0.0,
50316,0.0,,0.0,
50382,0.0,0.0,0.0,0.0
50526,0.0,0.0,0.0,0.0
50544,0.0,,0.0,
50648,0.0,,0.0,
50756,0.0,0.0,0.0,0.0
50821,0.0,,0.0,
51011,0.0,0.0,0.0,0.0
51064,0.0,,0.0,
51115,0.0,0.0,0.0,0.0
51221,0.0,0.0,0.0,0.0
51259,0.0,,0.0,
51530,0.0,,0.0,
51542,0.0,,0.0,
51579,0.0,,0.0,
51619,0.0,,0.0,
51676,0.0,,0.0,
51704,0.0,,0.0,
51837,0.0,0.0,0.0,0.0
51849,0.0,,0.0,
51952,0.0,,0.0,
51983,0.0,,0.0,
52027,0.0,,0.0,
52130,0.0,,0.0,
52278,0.0,,0.0,
52540,0.0,,0.0,
52756,0.0,0.0,0.0,0.0
52863,0.0,,0.0,
52939,0.0,,0.0,
52949,0.0,0.0,0.0,0.0
52952,0.0,,0.0,
53111,0.0,,0.0,
53264,0.0,,0.0,
53283,0.0,0.0,0.0,0.0
53299,0.0,,0.0,
53407,0.0,,0.0,
53597,0.0,0.0,0.0,0.0
53680,0.0,,0.0,
53704,0.0,,0.0,
53782,0.0,,0.0,
53887,0.045454545454545456,0.0,0.0,0.0
53925,0.0,,0.0,
53970,0.0,0.0,0.0,0.0
54171,0.0,0.0,0.0,0.0
54226,0.0,0.0,0.0,0.0
54259,0.0,,0.0,
54320,0.0,,0.0,
54336,0.0,,0.0,
54379,0.0,,0.0,
54515,0.0,,0.0,
54548,0.0,,0.0,
54590,0.0,,0.0,
54749,0.0,0.0,0.0,0.0
54784,0.0,,0.0,
54794,0.0,,0.0,
55060,0.0,,0.0,
55168,0.0,,0.0,
55210,0.0,0.0,0.0,0.0
55254,0.0,,0.0,
55285,0.0,,0.0,
55422,0.0,,0.0,
55524,0.0,,0.0,
55599,0.0,,0.0,
55625,0.0,,0.0,
55719,0.0,,0.0,
55817,0.0,,0.0,
55872,0.0,0.0,0.0,0.0
55885,0.0,,0.0,
55898,0.0,,0.0,
55952,0.0,,0.0,
56042,0.0,,0.0,
56316,0.0,,0.0,
56468,0.0,,0.0,
56505,0.0,,0.0,
56698,0.0,,0.0,
56772,0.0,0.0,0.0,0.0
56792,0.05555555555555555,0.0,0.0,0.0
57032,0.0,,0.0,
57167,0.0,,0.0,
57336,0.0,,0.0,
57446,0.0,,0.0,
57493,0.0,,0.0,
57692,0.0,,0.0,
57795,0.0,0.0,0.0,0.0
57802,0.0,,0.0,
57895,0.0,,0.0,
58120,0.0,,0.0,
58223,0.07692307692307693,0.0,0.0,0.0
58311,0.0,,0.0,
58380,0.0,,0.0,
58795,0.0,,0.0,
58899,0.0,,0.0,
58936,0.0,,0.0,
58986,0.0,,0.0,
58991,0.2,,0.2,
59304,0.0,0.0,0.0,0.0
59430,0.0,0.0,0.0,0.0
59456,0.0,,0.0,
59493,0.0,0.0,0.0,0.0
59522,0.0,,0.0,
59601,0.0,,0.0,
59648,0.0,,0.0,
59855,0.0,,0.0,
59925,0.0,,0.0,
59956,0.0,,0.0,
59960,0.0,0.0,0.0,0.0
60121,0.0,,0.0,
60133,0.0,0.0,0.0,0.0
60374,0.0,0.0,0.0,0.0
60580,0.0,,0.0,
60642,0.0,,0.0,
60663,0.0,,0.0,
60697,0.0,,0.0,
60746,0.0,,0.0,
60870,0.0,,0.0,
60923,0.0,,0.0,
60930,0.0,0.0,0.0,0.0
61009,0.0,,0.0,
61085,0.0,,0.0,
61407,0.0625,0.0,0.0,0.0
61484,0.0,,0.0,
61641,0.0,,0.0,
61725,0.125,,0.0,
62036,0.0,,0.0,
62256,0.0,,0.0,
62336,0.0,,0.0,
62339,0.25,,0.25,
62359,0.0,,0.0,
62362,0.0,0.0,0.0,0.0
62365,0.0,0.0,0.0,0.0
62416,0.0,,0.0,
62495,0.0,,0.0,
62509,0.0,,0.0,
62529,0.0,,0.0,
62568,0.0,,0.0,
62569,0.0,,0.0,
62672,0.0,,0.0,
62706,0.0,,0.0,
62726,0.0,,0.0,
62769,0.0,,0.0,
62907,0.0,,0.0,
62984,0.0,,0.0,
62994,0.0,,0.0,
63086,0.0,0.0,0.0,0.0
63145,0.0,0.0,0.0,0.0
63263,0.0,,0.0,
63274,0.0,,0.0,
63343,0.0,,0.0,
63484,0.0,,0.0,
63909,0.0,0.0,0.0,0.0
63943,0.0,,0.0,
64048,0.0,,0.0,
64131,0.0,,0.0,
64200,0.0,0.0,0.0,0.0
64792,0.0,,0.0,
64886,0.0,,0.0,
65062,0.0,,0.0,
65085,0.0,,0.0,
65089,0.0,0.0,0.0,0.0
65231,0.0,,0.0,
65360,0.0,0.0,0.0,0.0
65372,0.0,,0.0,
65482,0.0,,0.0,
65537,0.0,0.0,0.0,0.0
65624,0.0,,0.0,
65688,0.0,0.0,0.0,0.0
65726,0.0,,0.0,
65729,0.0,,0.0,
65861,0.0,0.0,0.0,0.0
65904,0.0,,0.0,
65960,0.0,,0.0,
65985,0.0,,0.0,
66193,0.0,0.0,0.0,0.0
66209,0.0,,0.0,
66230,0.0,,0.0,
66436,0.0,,0.0,
66499,0.0,,0.037037037037037035,
66522,0.0,0.0,0.0,0.0
66534,0.0,,0.0,
66802,0.0,,0.0,
66851,0.0,,0.0,
66859,0.0,,0.0,
66861,0.03225806451612903,0.0,0.03225806451612903,0.0
66961,0.0,0.0,0.0,0.0
67045,0.0,,0.0,
67110,0.0,,0.0,
67130,0.0,0.0,0.0,0.0
67160,0.0,,0.0,
67167,0.0,0.0,0.0,0.0
67172,0.0,0.0,0.0,0.0
67191,0.0,,0.0,
67431,0.0,0.0,0.0,0.0
67552,0.0,,0.0,
67603,0.0,,0.0,
67696,0.0,0.0,0.0,0.0
67709,0.0,,0.0,
67761,0.0,,0.0,
67803,0.0,,0.0,
67960,0.0,,0.0,
68155,0.0,0.0,0.0,0.0
68224,0.07692307692307693,,0.07692307692307693,
68226,0.0,,0.0,
68236,0.0,,0.0,
68329,0.0,,0.0,
68330,0.6,,0.6,
68377,0.0,,0.0,
68445,0.0,,0.0,
68913,0.0,,0.0,
68930,0.0,,0.0,
68945,0.037037037037037035,,0.0,
68991,0.0,,0.0,
69083,0.0,,0.0,
69096,0.0,,0.0,
69145,0.0,0.0,0.0,0.0
69327,0.0,,0.0,
69372,0.0,,0.0,
69379,0.0,,0.0,
69421,0.0,,0.0,
69495,0.0,,0.0,
69559,0.0,,0.0,
69580,0.0,,0.0,
69649,0.0,,0.0,
69650,0.0,,0.0,
69769,0.0,,0.0,
69917,0.0,,0.0,
69919,0.0,0.0,0.0,0.0
69979,0.0,,0.0,
70184,0.0,,0.0,
70345,0.0,0.0,0.0,0.0
70458,0.0,,0.0,
70468,0.0,,0.0,
70498,0.0,,0.0,
70532,0.0,,0.1111111111111111,
70701,0.0,,0.0,
70718,0.07142857142857142,0.0,0.07142857142857142,0.0
70846,0.0,0.0,0.15384615384615385,0.0
70898,0.0,,0.0,
70945,0.0,,0.0,
71058,0.0,,0.0,
71304,0.0,,0.0,
71372,0.0,,0.0,
71463,0.0,0.0,0.0,0.0
71492,0.0,0.0,0.0,0.0
71605,0.0,,0.0,
71616,0.0,,0.0,
71656,0.0,,0.0,
71664,0.0,,0.0,
71691,0.0,,0.0,
71743,0.0,,0.0,
71968,0.0,0.0,0.0,0.0
72027,0.0,0.0,0.0,0.0
72029,0.16666666666666666,,0.16666666666666666,
72041,0.0,,0.0,
72193,0.0,,0.0,
72318,0.03225806451612903,0.0,0.03225806451612903,0.0
72390,0.0,,0.0,
72416,0.0,,0.0,
72469,0.0,,0.0,
72620,0.0,,0.0,
72628,0.0,,0.0,
72636,0.0,,0.0,
72679,0.0,0.0,0.0,0.0
72699,0.0,,0.0,
72710,0.0,,0.0,
72772,0.0,,0.0,
72795,0.0,,0.0,
72860,0.0,0.0,0.0,0.0
72904,0.16666666666666666,,0.16666666666666666,
72950,0.0,,0.0,
73122,0.0,0.0,0.0,0.0
73313,0.0,,0.0,
73417,0.0,,0.0,
73671,0.0,0.0,0.0,0.0
73740,0.0,0.0,0.0,0.0
73847,0.0,,0.0,
73994,0.0,,0.0,
74068,0.0,,0.0,
74070,0.0,,0.0,
74119,0.0,,0.0,
74242,0.0,,0.0,
74559,0.0,0.0,0.0,0.0
74604,0.0,,0.0,
74619,0.0,,0.0,
74623,0.0,0.0,0.0,0.0
74667,0.0,,0.0,
74768,0.0,,0.0,
74771,0.0,,0.0,
74780,0.0,0.0,0.0,0.0
74786,0.25,,0.0,
74822,0.0,,0.0,
74874,0.0,0.0,0.0,0.0
74886,0.0,0.0,0.0,0.0
75062,0.0,0.0,0.0,0.0
75119,0.0,,0.0,
75127,0.0,0.0,0.0,0.0
75143,0.0,,0.0,
75192,0.0,,0.0,
75366,0.0,,0.0,
75450,0.0,,0.0,
75548,0.0,,0.0,
75576,0.0,,0.0,
75606,0.0,,0.0,
75698,0.0,0.0,0.0,0.0
75834,0.0,,0.0,
75882,0.0,,0.0,
75919,0.0,,0.0,
75961,0.0,,0.0,
76005,0.0,,0.0,
76064,0.0,0.0,0.0,0.0
76344,0.0,,0.0,
76393,0.0,,0.0,
76409,0.0,,0.0,
76424,0.0,,0.0,
76449,0.0,0.0,0.0,0.0
76470,0.0,0.0,0.0,0.0
76482,0.0,0.0,0.0,0.0
76519,0.0,,0.0,
76633,0.0,,0.0,
76820,0.0,,0.0,
76885,0.0,,0.0,
76978,0.0,,0.0,
77023,0.0,,0.0,
77083,0.0,,0.0,
77198,0.0,0.0,0.0,0.0
77212,0.0,,0.0,
77275,0.0,,0.0,
77293,0.0,,0.02857142857142857,
77342,0.0,,0.0,
77372,0.09090909090909091,,0.09090909090909091,
77405,0.0,0.0,0.0,0.0
77550,0.0,,0.0,
77670,0.0,,0.0,
77743,0.0,0.0,0.0,0.0
77791,0.0,,0.0,
77825,0.0,,0.0,
77838,0.0,0.0,0.0,0.0
77889,0.125,,0.0,
78074,0.0,,0.0,
78148,0.0,0.0,0.0,0.0
78173,0.0,,0.0,
78316,0.0,,0.0,
78428,0.0,,0.0,
78457,0.0,0.0,0.0,0.0
78583,0.0,,0.0,
78748,0.0,,0.0,
79177,0.0,,0.0,
79262,0.0,,0.0,
79370,0.0,0.0,0.0,0.0
79495,0.0,,0.0,
79537,0.0,,0.0,
79651,0.0,0.0,0.0,0.0
79679,0.0,,0.0,
79724,0.0,,0.0,
79740,0.0,0.0,0.0,0.0
79860,0.0,,0.0,
79895,0.0,,0.0,
79896,0.0,0.0,0.0,0.0
79956,0.0,,0.0,
80071,0.0,0.0,0.0,0.0
80217,0.0,,0.0,
80288,0.0,,0.0,
80331,0.0,0.0,0.0,0.0
80381,0.0,,0.0,
80387,0.0,,0.0,
80391,0.0,,0.0,
80514,0.0,,0.0,
80560,0.0,,0.0,
80656,0.0,,0.0,
80757,0.0,,0.0,
80768,0.0,,0.0,
80905,0.0,,0.0,
80911,0.0,0.0,0.0,0.0
81060,0.0,,0.0,
81208,0.0,,0.0,
81253,0.0,,0.0,
81337,0.0,0.0,0.0,0.0
81351,0.0,,0.0,
81510,0.0,,0.0,
81530,0.0,0.0,0.0,0.0
81735,0.0,,0.0,
81891,0.0,,0.0,
82007,0.0625,0.0,0.0625,0.0
82024,0.0,,0.0,
82148,0.0,,0.0,
82361,0.0,0.0,0.0,0.0
82381,0.0,,0.0,
82579,0.0,,0.0,
82655,0.0,0.0,0.0,0.0
82741,0.0,,0.0,
83064,0.0,,0.0,
83161,0.0,,0.0,
83169,0.0,0.0,0.0,0.0
83249,0.0,0.0,0.0,0.0
83259,0.0,,0.0,
83439,0.0,,0.0,
83534,0.0,,0.0,
83537,0.0,,0.0,
83549,0.0,,0.0,
83561,0.0,,0.0,
83627,0.0,0.0,0.0,0.0
83720,0.08333333333333333,,0.08333333333333333,
83802,0.0,,0.0,
83824,0.0,0.0,0.0,0.0
84092,0.0,,0.0,
84133,0.0,,0.0,
84598,0.0,,0.0,
84673,0.0,0.0,0.0,0.0
84810,0.0,,0.0,
84991,0.0,0.0,0.0,0.0
85142,0.0,,0.0,
85211,0.0,,0.0,
85297,0.1,,0.0,
85382,0.0,,0.0,
85537,0.0,0.0,0.0,0.0
85769,0.0,,0.0,
85842,0.0,,0.03571428571428571,
85971,0.06666666666666667,,0.06666666666666667,
86006,0.0,,0.0,
86309,0.0,,0.0,
86522,0.0,,0.0,
86819,0.0,,0.0,
87023,0.02857142857142857,0.0,0.0,0.0
87049,0.0,,0.0,
87241,0.0,0.0,0.0,0.0
87331,0.0,0.0,0.0,0.0
87348,0.0,,0.0,
87382,0.0,,0.0,
87383,0.0,,0.0,
87389,0.0,0.0,0.0,0.0
87642,0.0,0.0,0.0,0.0
87647,0.0,0.0,0.0,0.0
87801,0.0,,0.0,
87877,0.0,,0.0,
87880,0.0,,0.0,
88163,0.0,,0.0,
88224,0.0,,0.0,
88227,0.0,,0.0,
88236,0.0,,0.0,
88283,0.0,,0.0,
88346,0.0,,0.0,
88448,0.0,,0.0,
88461,0.0,0.0,0.0,0.0
88544,0.0,,0.0,
88553,0.0,,0.0,
88587,0.0,,0.0,
88606,0.0,0.0,0.0,0.0
88666,0.0,,0.0,
88704,0.0,,0.0,
88712,0.0,,0.0,
88724,0.0,,0.0,
88728,0.0,,0.0,
88730,0.0,,0.0,
88824,0.0,,0.0,
88849,0.0,,0.0,
88857,0.0,,0.0,
88922,0.0,0.0,0.0,0.0
88991,0.0,,0.0,
89181,0.0,,0.0,
89244,0.0,0.0,0.0,0.0
89248,0.0,,0.0,
89351,0.0,0.0,0.0,0.0
89384,0.0,0.0,0.0,0.0
89556,0.0,0.0,0.0,0.0
89571,0.0,,0.0,
89632,0.05555555555555555,0.0,0.0,0.0
89702,0.0,0.0,0.0,0.0
89740,0.0,,0.0,
89823,0.0,0.0,0.0,0.0
89907,0.0,,0.0,
90112,0.0,,0.0,
90125,0.0,0.0,0.0,0.0
90336,0.0,,0.0,
90436,0.0,,0.0,
90483,0.0,,0.0,
90522,0.0,,0.0,
90533,0.0,,0.0,
90605,0.034482758620689655,0.0,0.034482758620689655,0.0
90677,0.0,,0.0,
90745,0.0,0.0,0.0,0.0
90781,0.038461538461538464,0.0,0.038461538461538464,0.0
90793,0.0,,0.0,
90803,0.0,,0.0,
90835,0.0,,0.0,
90880,0.0,,0.0,
90989,0.0,,0.0,
91011,0.0,,0.0,
91029,0.0,,0.0,
91100,0.0,,0.0,
91179,0.041666666666666664,,0.041666666666666664,
91211,0.0,,0.0,
91301,0.0,,0.0,
91405,0.0,,0.0,
91408,0.0,,0.0,
91612,0.0,0.0,0.0,0.0
91676,0.0,,0.0,
91691,0.0,,0.0,
91798,0.0,,0.0,
91941,0.0,0.0,0.0,0.0
92101,0.0,0.0,0.0,0.0
92272,0.0,,0.02702702702702703,
92328,0.0,,0.0,
92350,0.0,0.0,0.0,0.0
92358,0.0,0.0,0.0,0.0
92585,0.0,,0.0,
92608,0.0,,0.0,
92758,0.0,,0.0,
92826,0.0,0.0,0.125,0.0
92963,0.0,,0.0,
93077,0.0,,0.0,
93288,0.0,,0.0,
93317,0.0,,0.0,
93532,0.0,,0.0,
93604,0.0,,0.07692307692307693,
93622,0.0,,0.0,
93690,0.0,,0.0,
93716,0.0,,0.0,
93911,0.0,,0.0,
94034,0.0,,0.0,
94055,0.0,,0.0,
94399,0.0,,0.0,
94515,0.0,,0.0,
94585,0.0,,0.0,
94674,0.0,,0.0,
94676,0.0,0.0,0.0,0.0
94692,0.0,,0.0,
94767,0.0,0.0,0.0,0.0
94772,0.0,0.0,0.0,0.0
94833,0.0,,0.0,
94909,0.0,,0.0,
94965,0.0,0.0,0.0,0.0
95177,0.0,0.0,0.0,0.0
95215,0.0,,0.0,
95260,0.0,,0.0,
95316,0.0,,0.0,
95368,0.0,,0.0,
95379,0.0,,0.0,
95483,0.16666666666666666,,0.0,
95635,0.0,,0.0,
95793,0.0,,0.0,
95892,0.0,,0.08333333333333333,
95949,0.0,,0.0,
95970,0.0,,0.0,
96039,0.0,,0.0,
96052,0.0,,0.0,
96119,0.0,,0.0,
96122,0.0,,0.0,
96251,0.0,,0.0,
96513,0.0,,0.0,
96542,0.0,,0.0,
96575,0.0,,0.0,
96614,0.0,,0.0,
96728,0.0,0.0,0.0,0.0
96747,0.0,,0.0,
96760,0.027777777777777776,1.0,0.0,0.0
96878,0.0,,0.0,
96928,0.0,0.0,0.0,0.0
96959,0.0,0.0,0.0,0.0
97021,0.0,,0.0,
97079,0.0,0.0,0.0,0.0
97314,0.0,,0.0,
97349,0.0,,0.0,
97415,0.0,0.0,0.0,0.0
97626,0.0,,0.06060606060606061,
97741,0.0,,0.0,
97824,0.0,,0.0,
97825,0.0,,0.0,
97894,0.0,,0.0,
97969,0.0,,0.0,
98014,0.0,,0.0,
98019,0.0,,0.0,
98061,0.0,,0.0,
98090,0.0,,0.0,
98134,0.0,,0.0,
98200,0.0,,0.0,
98346,0.0,,0.0,
98501,0.0,,0.0,
98579,0.0,,0.0,
98754,0.1111111111111111,,0.1111111111111111,
99018,0.0,,0.0,
99225,0.0,,0.0,
99297,0.0,,0.0,
99299,0.0,,0.0,
99473,0.0,,0.0,
99644,0.0,,0.0,
99693,0.0,0.0,0.0,0.0
99709,0.0,0.0,0.0,0.0
99721,0.0,0.0,0.0,0.0
99754,0.0,,0.0,
99768,0.0,,0.0,
99845,0.0,,0.0,
99876,0.0,,0.0,
100128,0.0,0.0,0.0,0.0
100143,0.0,,0.0,
100172,0.0,,0.0,
100240,0.0,0.0,0.0,0.0
100262,0.0,0.0,0.0,0.0
100334,0.0,,0.0,
100381,0.0,,0.0,
100538,0.0,0.0,0.0,0.0
100606,0.0,,0.0,
100778,0.0,,0.0,
101252,0.0,0.0,0.0,0.0
101271,0.0,0.0,0.0,0.0
101312,0.0,0.0,0.0,0.0
101578,0.0,,0.0,
101747,0.0,,0.0,
101762,0.0,,0.0,
101884,0.0,0.0,0.0,0.0
101906,0.0,,0.0,
101934,0.0,,0.0,
101957,0.0,,0.0,
102113,0.0,,0.0,
102150,0.0,,0.0,
102171,0.0,,0.0,
102189,0.0,,0.0,
102216,0.09090909090909091,0.0,0.09090909090909091,0.0
102369,0.0,,0.0,
102428,0.0,0.0,0.07142857142857142,0.0
102514,0.0,,0.0,
102533,0.0,,0.0,
102817,0.0,0.0,0.0,0.0
102857,0.0,,0.0,
102873,0.0,,0.0,
102890,0.03125,0.0,0.0,0.0
103086,0.0,,0.0,
103095,0.0,,0.0,
103164,0.0,,0.0,
103200,0.0,,0.0,
103202,0.0,,0.0,
103343,0.0,,0.0,
103400,0.16666666666666666,,0.0,
103527,0.0,0.0,0.0,0.0
103580,0.0,,0.0,
103625,0.0,,0.0,
103794,0.0,0.0,0.14285714285714285,0.0
103803,0.0,0.0,0.0,0.0
104097,0.0,,0.0,
104227,0.0,,0.0,
104310,0.0,0.0,0.02564102564102564,0.0
104318,0.0,,0.0,
104401,0.0,,0.0,
104430,0.0,,0.0,
104502,0.0,0.0,0.0,0.0
104532,0.0,,0.0,
104549,0.0,,0.0,
104692,0.0,0.0,0.0,0.0
104775,0.0,,0.0,
104869,0.0,,0.0,
104904,0.0,0.0,0.0,0.0
104911,0.0,0.0,0.0,0.0
105015,0.0,,0.0,
105076,0.14285714285714285,,0.0,
105078,0.0,,0.0,
105150,0.0,,0.0,
105160,0.0,,0.0,
105250,0.08333333333333333,,0.0,
105402,0.0,0.0,0.0,0.0
105485,0.0,0.0,0.0,0.0
105524,0.0,0.0,0.0,0.0
105687,0.0,,0.0,
105702,0.0,0.0,0.0,0.0
106034,0.043478260869565216,,0.043478260869565216,
106145,0.0,,0.0,
106202,0.0,0.0,0.0,0.0
106244,0.0,,0.0,
106268,0.0,,0.0,
106461,0.0,,0.0,
106478,0.0,,0.0,
106482,0.0,,0.0,
106490,0.0,,0.0,
106544,0.0,,0.0,
106748,0.0,,0.0,
106845,0.0,,0.0,
106850,0.0,,0.0,
106851,0.0,,0.0,
106901,0.0,,0.0,
106946,0.0,,0.0,
107112,0.0,,0.0,
107149,0.0,,0.0,
107196,0.0,,0.0,
107214,0.0,0.0,0.0,0.0
107425,0.0,,0.0,
107504,0.0,,0.0,
107632,0.0,,0.0,
107647,0.0,,0.0,
107672,0.0,,0.0,
107764,0.0,,0.0,
107862,0.0,,0.0,
108098,0.0,0.0,0.0,0.0
108154,0.0,,0.0,
108254,0.0,0.0,0.0,0.0
108359,0.0,0.0,0.0,0.0
108382,0.0,0.0,0.0,0.0
108412,0.0,,0.0,
108499,0.0,,0.0,
108529,0.0,,0.0,
108544,0.0,0.0,0.0,0.0
108614,0.0,0.0,0.0,0.0
108735,0.0,,0.0,
108746,0.0,,0.0,
108785,0.0,,0.0,
108844,0.0,,0.0,
108961,0.0,,0.0,
108999,0.0,,0.0,
109044,0.0,,0.0,
109111,0.0,,0.0,
109163,0.0,0.0,0.0,0.0
109192,0.0,,0.0,
109209,0.0,,0.0,
109250,0.0,,0.0,
109373,0.0,,0.0,
109682,0.0,,0.0,
109688,0.0,,0.0,
109694,0.0,,0.0,
109805,0.0,0.0,0.0,0.0
109854,0.0,0.0,0.0,0.0
109912,0.0,0.0,0.0,0.0
110015,0.0,,0.0,
110033,0.0,,0.0,
110107,0.0,,0.0,
110158,0.0,,0.0,
110189,0.0,0.0,0.0,0.0
110225,0.0,,0.0,
110235,0.0,,0.0,
110284,0.0,,0.0,
110306,0.0,,0.0,
110479,0.0,0.0,0.0,0.0
110577,0.0,0.0,0.0,0.0
110589,0.038461538461538464,0.0,0.0,0.0
110660,0.0,0.0,0.0,0.0
110665,0.0,,0.0,
110747,0.0,,0.0,
110911,0.0,,0.0,
110921,0.0,,0.0,
110928,0.0,,0.0,
110996,0.0,,0.0,
111063,0.0,,0.0,
111132,0.0,,0.0,
111241,0.0,,0.0,
111305,0.0,,0.0,
111406,0.0,,0.0,
111410,0.0,,0.0,
111455,0.0,,0.0,
111478,0.0,,0.0,
111700,0.0,,0.0,
111759,0.0,,0.0,
111885,0.0,0.0,0.0,0.0
111919,0.0,,0.0,
111977,0.0,,0.0,
112118,0.0,,0.0,
112133,0.0,,0.0,
112173,0.0,,0.0,
112351,0.0,0.0,0.0,0.0
112425,0.0,0.0,0.0,0.0
112552,0.0,,0.0,
112573,0.0,,0.0,
112606,0.0,,0.0,
112775,0.0,,0.0,
112794,0.0,0.0,0.0,0.0
112903,0.0,,0.0,
112964,0.0,0.0,0.0,0.0
113048,0.0,,0.0,
113073,0.0,0.0,0.0,0.0
113093,0.0,,0.0,
113183,0.0,0.0,0.0,0.0
113269,0.0,0.0,0.0,0.0
113376,0.0,,0.0,
113452,0.0,0.0,0.0,0.0
113502,0.0,,0.0,
113520,0.0,0.0,0.0,0.0
113524,0.0,,0.0,
113572,0.0,,0.0,
113573,0.0,0.0,0.07142857142857142,1.0
113638,0.0,,0.0,
113764,0.0,,0.0,
113927,0.0,,0.0,
114079,0.0,,0.0,
114124,0.0,,0.0,
114131,0.3333333333333333,,0.0,
114387,0.02857142857142857,0.0,0.0,0.0
114462,0.0,0.0,0.0,0.0
114540,0.0,,0.0,
114562,0.0,,0.0,
114578,0.0,,0.0,
114675,0.0,,0.0,
114677,0.0,,0.0,
114711,0.0,,0.0,
114728,0.0,,0.0,
114828,0.0,,0.0,
114846,0.0,,0.0,
115004,0.0,,0.0,
115035,0.0,,0.0,
115078,0.0,0.0,0.0,0.0
115297,0.0,,0.0,
115312,0.0,,0.0,
115326,0.0,0.0,0.0,0.0
115334,0.0,,0.0,
115411,0.0,,0.0,
115585,0.0,0.0,0.0,0.0
115603,0.0,,0.0,
115693,0.0,0.0,0.0,0.0
115750,0.0,,0.0,
115859,0.0,,0.0,
115966,0.0,,0.0,
115996,0.0,0.0,0.0,0.0
116045,0.0,0.0,0.0,0.0
116173,0.0,,0.0,
116269,0.0,,0.0,
116331,0.0,,0.0,
116424,0.0,,0.0,
116454,0.0,,0.0,
116589,0.0,,0.0,
116754,0.0,0.0,0.0,0.0
117086,0.0,,0.0,
117291,0.0,,0.0,
117389,0.0,,0.0,
117639,0.0,,0.0,
117810,0.0,,0.0,
117836,0.0,,0.0,
117899,0.0,,0.0,
118066,0.0,,0.0,
118113,0.0,,0.0,
118183,0.0,,0.0,
118184,0.0,0.0,0.0,0.0
118191,0.0,,0.0,
118241,0.0,,0.0,
118336,0.0,,0.0,
118362,0.0,,0.0,
118406,0.0,0.0,0.0,0.0
118418,0.0,,0.0,
118470,0.0,,0.0,
118574,0.0,,0.0,
118608,0.0,,0.0,
118672,0.0,0.0,0.0,0.0
118804,0.0,,0.0,
118868,0.0,,0.0,
119023,0.0,0.0,0.0,0.0
119149,0.0,,0.0,
119159,0.14285714285714285,,0.14285714285714285,
119219,0.0,,0.0,
119460,0.0,0.0,0.0,0.0
119549,0.038461538461538464,0.0,0.038461538461538464,0.0
119807,0.0,,0.0,
119857,0.0,,0.0,
119944,0.0,0.0,0.0,0.0
119953,0.0,,0.0,
120054,0.0,,0.0,
120083,0.0,,0.0,
120171,0.0,,0.0,
120255,0.0,0.0,0.0,0.0
120386,0.0,,0.0,
120468,0.0,,0.0,
120701,0.0,,0.0,
120821,0.0,,0.0,
120836,0.0,0.0,0.0,0.0
120905,0.0,0.0,0.0,0.0
121020,0.0,,0.0,
121054,0.0,,0.0,
121133,0.0,0.0,0.0,0.0
121147,0.125,,0.125,
121223,0.0,,0.0,
121468,0.0,0.0,0.0,0.0
121713,0.0,,0.0,
121797,0.0,,0.0,
121891,0.0,0.0,0.0,0.0
121940,0.0,,0.0,
122009,0.0,,0.0,
122071,0.0,0.0,0.0,0.0
122094,0.0,0.0,0.0,0.0
122174,0.0,0.0,0.0,0.0
122216,0.0,,0.0,
122295,0.0,0.0,0.0,0.0
122455,0.0,,0.0,
122459,0.0,,0.0,
122509,0.125,,0.0,
122541,0.0,,0.0,
122662,0.0,0.0,0.0,0.0
122722,0.0,,0.0,
122768,0.0,,0.0,
122797,0.0,0.0,0.0,0.0
122835,0.0,,0.0,
122915,0.0,0.0,0.0,0.0
122921,0.0,,0.0,
122998,0.0,0.0,0.0,0.0
123004,0.0,0.0,0.0,0.0
123035,0.0,,0.0,
123168,0.0,,0.0,
123179,0.0,,0.0,
123184,0.0,,0.0,
123257,0.0,,0.0,
123413,0.0,,0.0,
123482,0.0,,0.0,
123494,0.1111111111111111,0.0,0.0,0.0
123529,0.2,,0.2,
123634,0.0,,0.0,
123647,0.0,0.0,0.0,0.0
123674,0.0,0.0,0.0,0.0
123802,0.0,0.0,0.0,0.0
123914,0.0,,0.0,
123929,0.0,,0.0,
124020,0.07142857142857142,,0.0,
124032,0.0,0.0,0.0,0.0
124199,0.0,,0.0,
124201,0.0,,0.0,
124255,0.0,0.0,0.0,0.0
124287,0.0,,0.0,
124367,0.0,,0.0,
124394,0.0,,0.0,
124677,0.0,,0.0,
124781,0.0,,0.0,
124872,0.0,,0.0,
124968,0.0,0.0,0.0,0.0
125001,0.0,,0.0,
125028,0.0,,0.0,
125049,0.0,,0.0,
125064,0.08333333333333333,,0.0,
125159,0.0,,0.0,
125274,0.0,,0.0,
125307,0.0,,0.0,
125360,0.0,,0.0,
125403,0.0,0.0,0.0,0.0
125424,0.0,0.0,0.0,0.0
125459,0.0,,0.0,
125526,0.0,0.0,0.0,0.0
125677,0.0,,0.0,
125724,0.0,,0.0,
125859,0.0,,0.0,
125892,0.0,,0.0,
125895,0.0,0.0,0.0,0.0
126075,0.05,0.0,0.05,0.0
126167,0.0,,0.0,
126308,0.0,,0.0,
126339,0.0,,0.0,
126357,0.0,,0.0,
126549,0.0,,0.0,
126587,0.0,,0.0,
126758,0.0,,0.0,
126976,0.0,,0.0,
126986,0.1111111111111111,,0.0,
127006,0.0,,0.0,
127076,0.0,,0.0,
127113,0.0,,0.0,
127320,0.0,,0.0,
127480,0.0,0.0,0.0,0.0
127508,0.0,,0.0,
127514,0.0,,0.0,
127557,0.0,,0.0,
127831,0.0,,0.0,
127848,0.0,,0.0,
127942,0.0,0.0,0.0,0.0
127959,0.0,0.0,0.0,0.0
127991,0.0,,0.0,
128231,0.0,,0.0,
128416,0.0,0.0,0.0,0.0
128467,0.0,,0.0,
128597,0.0,,0.0,
128636,0.0,,0.0,
128750,0.0,,0.07692307692307693,
128867,0.0,,0.0,
128954,0.05,,0.0,
129037,0.07692307692307693,,0.07692307692307693,
129136,0.0,,0.0,
129240,0.0,,0.0,
129253,0.0,,0.0,
129297,0.0,,0.0,
129388,0.0,,0.0,
129446,0.0,,0.0,
129465,0.03125,0.0,0.0,0.0
129589,0.0,,0.0,
129827,0.0,,0.0,
129933,0.0,,0.0,
129941,0.0,,0.0,
130023,0.0,0.0,0.0,0.0
130166,0.0,,0.0,
130215,0.0,,0.0,
130237,0.0,0.0,0.0,0.0
130253,0.0,,0.0,
130307,0.0,0.0,0.0,0.0
130444,0.0,0.0,0.0,0.0
130709,0.0,0.0,0.058823529411764705,0.0
130819,0.0,,0.0,
130838,0.0,0.0,0.0,0.0
130841,0.0,,0.0,
130855,0.0,,0.0,
131108,0.0,,0.0,
131163,0.0,,0.0,
131274,0.0,,0.0,
131348,0.0,,0.0,
131445,0.0,,0.0,
131447,0.0,,0.0,
131558,0.0,0.0,0.0,0.0
131695,0.0,,0.0,
131774,0.0,0.0,0.0,0.0
131832,0.0,,0.0,
132102,0.0,0.0,0.0,0.0
132135,0.0,0.0,0.0,0.0
132154,0.0,,0.0,
132208,0.0,,0.0,
132215,0.0,,0.0,
132277,0.0,,0.0,
132351,0.0,,0.0,
132406,0.0,,0.0,
132510,0.0,,0.0,
132514,0.0,,0.0,
132522,0.0,0.0,0.0,0.0
132557,0.0,,0.0,
132608,0.0,0.0,0.0,0.0
132612,0.0,,0.0,
132681,0.0,,0.0,
132770,0.0,0.0,0.0,0.0
132801,0.0,,0.0,
132992,0.0,,0.0,
133212,0.0,,0.0,
133215,0.0,0.0,0.0,0.0
133272,0.034482758620689655,,0.034482758620689655,
133320,0.02564102564102564,0.0,0.02564102564102564,0.0
133677,0.0,,0.0,
133789,0.0,0.0,0.0,0.0
133909,0.0,,0.0,
134070,0.75,,0.75,
134161,0.0,,0.0,
134250,0.0,,0.0,
134464,0.0,,0.0,
134605,0.0,,0.0,
134818,0.2,,0.2,
134821,0.0,,0.0,
134853,0.0,,0.0,
134965,0.0,,0.0,
135028,0.0,0.0,0.0,0.0
135077,0.0,,0.0,
135112,0.0,,0.0,
135124,0.037037037037037035,,0.037037037037037035,
135348,0.0,,0.0,
135400,0.0,,0.0,
135406,0.0,0.0,0.0,0.0
135486,0.0,0.0,0.0,0.0
135522,0.0,0.0,0.0,0.0
135659,0.0,,0.0,
135806,0.0,,0.0,
136139,0.0,0.0,0.0,0.0
136252,0.0,,0.0,
136260,0.0,,0.0,
136364,0.0,0.0,0.0,0.0
136430,0.0,,0.0,
136445,0.0,,0.0,
136471,0.0,0.0,0.0,0.0
136628,0.0,,0.0,
136669,0.0,,0.0,
136706,0.0,0.0,0.0,0.0
136789,0.0,,0.0,
136823,0.0,,0.0,
136838,0.0,,0.14285714285714285,
136968,0.0,0.0,0.0,0.0
136973,0.0,,0.0,
136976,0.0,0.0,0.0,0.0
137033,0.0,,0.0,
137117,0.0,,0.0,
137136,0.0,,0.0,
137172,0.0,,0.0,
137314,0.0,,0.0,
137351,0.0,,0.0,
137361,0.0,,0.0,
137592,0.0,0.0,0.0,0.0
137736,0.0,,0.0,
137884,0.0,,0.0,
137982,0.0,,0.0,
138080,0.0,,0.0,
138230,0.0,,0.0,
138271,0.0,,0.0,
138467,0.0,0.0,0.0,0.0
138598,0.0,0.0,0.0,0.0
138818,0.0,,0.0,
138862,0.0,,0.0,
138931,0.0,,0.0,
138986,0.0,,0.0,
139221,0.0,,0.0,
139309,0.0,,0.0,
139312,0.0,,0.0,
139363,0.0,,0.0,
139417,0.0,0.0,0.0,0.0
139569,0.0,,0.0,
139596,0.0,,0.0,
139679,0.0,0.0,0.0,0.0
139783,0.0,,0.0,
139847,0.0,,0.0,
139915,0.0,,0.0,
139923,0.0,,0.0,
140019,0.0,0.0,0.0,0.0
140080,0.0,0.0,0.058823529411764705,0.0
140113,0.0,,0.0,
140175,0.0,,0.0,
140194,0.0,0.0,0.0,0.0
140356,0.0,,0.0,
140497,0.0,,0.0,
140520,0.0,,0.0,
140597,0.02564102564102564,0.0,0.0,0.0
140604,0.0,,0.0,
140719,0.0,0.0,0.0,0.0
140880,0.0,,0.0,
141012,0.0,0.0,0.0,0.0
141130,0.0,0.0,0.0,0.0
141174,0.0,0.0,0.0,0.0
141178,0.0,,0.0,
141262,0.0,0.0,0.0,0.0
141266,0.0,,0.0,
141310,0.0,0.0,0.0,0.0
141323,0.0,,0.0,
141352,0.0,0.0,0.0,0.0
141365,0.0,,0.0,
141415,0.0,0.0,0.0,0.0
141456,0.0,,0.0,
141479,0.0,,0.0,
141508,0.0,,0.0,
141512,0.0,,0.0,
141514,0.0,,0.0,
141527,0.0,0.0,0.0,0.0
141866,0.0,,0.0,
141895,0.03333333333333333,0.0,0.0,0.0
141902,0.0,,0.0,
141949,0.0,,0.0,
141988,0.0,,0.0,
141994,0.0,0.0,0.0,0.0
142037,0.0,,0.0,
142058,0.0,0.0,0.0,0.0
142086,0.0,,0.0,
142291,0.0,,0.0,
142350,0.034482758620689655,,0.034482758620689655,
142612,0.0,,0.0,
142743,0.0,,0.0,
142759,0.0,,0.0,
142800,0.0,0.0,0.0,0.0
142816,0.0,0.0,0.0,0.0
142937,0.0,,0.0,
142957,0.0,0.0,0.0,0.0
143010,0.05555555555555555,,0.0,
143024,0.0,,0.0,
143089,0.0,,0.0,
143227,0.0,,0.0,
143263,0.0,0.0,0.05263157894736842,0.0
143270,0.0,,0.0,
143294,0.0,0.0,0.0,0.0
143320,0.0,,0.0,
143558,0.0,,0.0,
143613,0.0,,0.0,
143652,0.0,,0.0,
143851,0.0,,0.0,
143928,0.0,,0.0,
143944,0.0625,,0.0,
144034,0.043478260869565216,,0.0,
144176,0.0,0.0,0.0,0.0
144194,0.0,,0.0,
144285,0.0,0.0,0.0,0.0
144378,0.0,,0.0,
144389,0.0,0.0,0.0,0.0
144444,0.0,,0.0,
144526,0.0,,0.0,
144565,0.0,,0.0,
144616,0.0,,0.0,
144645,0.0,,0.0,
144652,0.0,0.0,0.0,0.0
144737,0.037037037037037035,,0.0,
144777,0.0,,0.0,
144900,0.0,0.0,0.0,0.0
145019,0.0,,0.0,
145194,0.0,,0.0,
145219,0.0,,0.0,
145293,0.0,,0.0,
145309,0.0,,0.0,
145409,0.0,0.0,0.0,0.0
145416,0.0,,0.0,
145418,0.0,,0.0,
145527,0.0,,0.0,
145722,0.0,0.0,0.0,0.0
145748,0.0,,0.0,
146057,0.0,0.0,0.0,0.0
146108,0.0,,0.0,
146202,0.0,0.0,0.0,0.0
146387,0.0,,0.0,
146413,0.0,,0.0,
146425,0.047619047619047616,,0.047619047619047616,
146485,0.0,,0.0,
146511,0.0,,0.0,
146593,0.045454545454545456,,0.045454545454545456,
146665,0.0,0.0,0.0,0.0
147351,0.0,,0.0,
147450,0.0,,0.0,
147452,0.0,,0.0,
147621,0.0,,0.0,
147623,0.0,0.0,0.0,0.0
147632,0.0,0.0,0.0,0.0
147717,0.0,0.0,0.0,0.0
147733,0.02702702702702703,,0.02702702702702703,
147803,0.0,0.0,0.0,0.0
147992,0.0,0.0,0.0,0.0
147997,0.0,,0.0,
148086,0.0,0.0,0.0,0.0
148214,0.0,,0.0,
148273,0.0,0.0,0.0,0.0
148296,0.0,0.0,0.0,0.0
148372,0.0,,0.0,
148375,0.0,0.0,0.0,0.0
148465,0.0,,0.0,
148503,0.0,,0.0,
148622,0.0,,0.0,
148700,0.0,,0.0,
148714,0.0,,0.16666666666666666,
148957,0.0,,0.0,
148969,0.0,,0.0,
149154,0.0,,0.0,
149176,0.0,,0.0,
149214,0.0,,0.0,
149228,0.0,0.0,0.0,0.0
149375,0.0,,0.0,
149415,0.0,,0.0,
149541,0.0,,0.0,
149571,0.0,,0.0,
149907,0.0,,0.0,
149940,0.0,0.0,0.0,0.0
149955,0.0,,0.0,
149987,0.0,0.0,0.0,0.0
150038,0.0,,0.0,
150045,0.0,,0.0,
150138,0.0,,0.0,
150217,0.0,,0.0,
150339,0.0,,0.0,
150481,0.0,,0.0,
150708,0.0,,0.0,
150868,0.0,,0.0,
150876,0.0,0.0,0.0,0.0
151016,0.0,,0.0,
151045,0.0,,0.0,
151057,0.125,,0.125,
151248,0.0,,0.0,
151277,0.0,,0.0,
151317,0.0,,0.0,
151429,0.0,0.0,0.0,0.0
151504,0.0,,0.0,
151524,0.0,,0.0,
151655,0.0,,0.0,
151759,0.0,0.0,0.0,0.0
151855,0.0,,0.0,
152007,0.0,,0.0,
152037,0.0,0.0,0.0,0.0
152065,0.0,,0.0,
152167,0.0,,0.0,
152190,0.0,,0.0,
152384,0.0625,,0.0625,
152586,0.0,,0.0,
152591,0.0,,0.0,
152609,0.0,,0.0,
152619,0.0,0.0,0.0,0.0
152756,0.0,,0.0,
152911,0.0,,0.0,
153061,0.0,0.0,0.0,0.0
153213,0.0,,0.0,
153244,0.0,,0.0,
153284,0.0,,0.0,
153310,0.0,,0.0,
153378,0.0,,0.0,
153466,0.0,,0.0,
153525,0.0,,0.0,
153537,0.0,,0.0,
153664,0.0,,0.0,
153704,0.0,,0.0,
153859,0.0,,0.0,
154232,0.0,,0.0,
154252,0.0,,0.0,
154281,0.0,,0.0,
154445,0.0,,0.0,
154448,0.0,,0.0,
154460,0.0,,0.0,
154578,0.0,,0.0,
154641,0.0,,0.0,
154661,0.0,0.0,0.0,0.0
154810,0.03333333333333333,0.0,0.03333333333333333,0.0
154848,0.0,,0.0,
154857,0.03125,0.0,0.0,0.0
154888,0.0,,0.0,
154932,0.0,,0.0,
155080,0.0,,0.0,
155096,0.0,,0.0,
155248,0.06666666666666667,,0.06666666666666667,
155272,0.0,0.0,0.0,0.0
155280,0.0,,0.0,
155394,0.0,,0.0,
155410,0.0,,0.0,
155440,0.0,,0.0,
155540,0.0,,0.0,
155555,0.0,,0.0,
155574,0.0,,0.0,
155660,0.0,,0.0,
155686,0.0,,0.0,
155733,0.0,,0.0,
155869,0.0,,0.09090909090909091,
155888,0.0,,0.0,
155904,0.0,,0.0,
155945,0.0,,0.0,
155986,0.0,0.0,0.0,0.0
156056,0.0,,0.0,
156140,0.0,,0.0,
156176,0.0,,0.0,
156191,0.0,,0.0,
156238,0.0,,0.0,
156288,0.0,,0.0,
156360,0.08571428571428572,0.125,0.0,0.0
156374,0.0,,0.0,
156613,0.0,,0.0,
156624,0.0,,0.0,
156678,0.0,,0.0,
156727,0.0,,0.0,
157224,0.0,,0.0,
157235,0.0,0.0,0.0,0.0
157239,0.0,,0.0,
157342,0.0,,0.0,
157374,0.0,,0.0,
157660,0.0,,0.0,
157705,0.0,0.0,0.0,0.0
157824,0.0,0.0,0.0,0.0
157825,0.16666666666666666,,0.16666666666666666,
158010,0.0,,0.0,
158032,0.0,,0.0,
158125,0.0,,0.0,
158183,0.0,,0.0,
158320,0.0,,0.0,
158421,0.0,0.0,0.0,0.0
158477,0.03125,0.0,0.03125,0.0
158494,0.0,0.0,0.0,0.0
158572,0.0,,0.0,
158594,0.0,,0.0,
158597,0.0,,0.0,
158769,0.0,,0.0,
158837,0.05263157894736842,0.0,0.05263157894736842,0.0
158897,0.0,0.0,0.0,0.0
158914,0.0,0.0,0.0,0.0
159047,0.0,,0.0,
159131,0.0,,0.0,
159175,0.0,0.0,0.0,0.0
159183,0.0,0.0,0.0,0.0
159211,0.0,,0.0,
159336,0.0,,0.0,
159371,0.0,,0.0,
159407,0.0,,0.0,
159529,0.0,0.0,0.0,0.0
159531,0.0,,0.0,
159589,0.0,0.0,0.0,0.0
159658,0.0,0.0,0.0,0.0
159714,0.0,,0.0,
159870,0.0,,0.03333333333333333,
159876,0.0,,0.0,
159957,0.0,,0.0,
159992,0.0,,0.0,
160063,0.3333333333333333,,0.3333333333333333,
160385,0.0,,0.0,
160452,0.0,,0.0,
160650,0.0,,0.0,
160664,0.0,0.0,0.0,0.0
160670,0.0,,0.0,
160718,0.0,0.0,0.0,0.0
160960,0.0,,0.0,
160982,0.0,,0.0,
161030,0.0,,0.0,
161073,0.0,,0.0,
161116,0.0,,0.0,
161123,0.0,,0.0,
161129,0.0,,0.0,
161149,0.0,,0.0,
161183,0.0,,0.0,
161558,0.0,,0.0,
161609,0.0,,0.0,
161610,0.0,,0.0,
161622,0.0,,0.0,
161657,0.0,,0.0,
161669,0.0,,0.0,
161835,0.05,0.0,0.025,0.0
161851,0.02857142857142857,,0.02857142857142857,
161855,0.0,,0.0,
162164,0.0,,0.0,
162229,0.0,,0.0,
162272,0.0,0.0,0.0,0.0
162310,0.0,,0.0,
162356,0.0,,0.0,
162423,0.0,,0.0,
