user_id,n_recs,n_shared_genre,shortcut_fraction,holdout_recall@10,holdout_long_tail_recall@10
67,10,10,1.0,0.0,0.0
92,10,10,1.0,0.0,
182,10,10,1.0,0.0,0.0
264,10,10,1.0,0.0,
335,10,10,1.0,0.0,
400,10,10,1.0,0.0,
419,10,10,1.0,0.0,
509,10,10,1.0,0.0,
559,10,10,1.0,0.09090909090909091,
890,10,10,1.0,0.0,
953,10,10,1.0,0.0,
1049,10,10,1.0,0.0,
1159,10,9,0.9,0.058823529411764705,0.0
1264,10,10,1.0,0.0,
1310,10,10,1.0,0.0,
1510,10,10,1.0,0.0,
1523,10,10,1.0,0.0,
1568,10,10,1.0,0.0,
1649,10,10,1.0,0.0,0.0
1873,10,10,1.0,0.0,
2002,10,10,1.0,0.0,
2063,10,10,1.0,0.0,
2226,10,10,1.0,0.0,
2260,10,9,0.9,0.0,
2297,10,10,1.0,0.0,
2396,10,10,1.0,0.0,
2501,10,10,1.0,0.0,
2810,10,10,1.0,0.0,
3146,10,10,1.0,0.0,
3161,10,10,1.0,0.0,
3171,10,10,1.0,0.0,
3307,10,10,1.0,0.0,
3367,10,10,1.0,0.0,0.0
3413,10,10,1.0,0.0,
3461,10,10,1.0,0.0,
3561,10,10,1.0,0.0,0.0
3835,10,10,1.0,0.0,
3964,10,10,1.0,0.0,
4022,10,10,1.0,0.0,
4057,10,10,1.0,0.0,
4059,10,10,1.0,0.0,
4157,10,10,1.0,0.0,
4186,10,10,1.0,0.0,0.0
4291,10,10,1.0,0.0,
4359,10,10,1.0,0.0,0.0
4378,10,10,1.0,0.0,
4462,10,10,1.0,0.0,
4643,10,10,1.0,0.0,
4673,10,10,1.0,0.0,
4686,10,10,1.0,0.0,
4701,10,10,1.0,0.0,
4827,10,10,1.0,0.0,
5025,10,10,1.0,0.0,
5087,10,10,1.0,0.0,0.0
5152,10,10,1.0,0.0,
5205,10,10,1.0,0.0,0.0
5295,10,10,1.0,0.0,0.0
5307,10,10,1.0,0.0,
5418,10,10,1.0,0.0,0.0
5833,10,10,1.0,0.0,0.0
5856,10,10,1.0,0.0,
5961,10,10,1.0,0.0,
6017,10,10,1.0,0.0,
6052,10,10,1.0,0.0,
6221,10,10,1.0,0.0,
6296,10,10,1.0,0.0,
6409,10,10,1.0,0.0,
6463,10,10,1.0,0.0,
6483,10,10,1.0,0.0,
6488,10,10,1.0,0.0,
6544,10,10,1.0,0.0,
6547,10,10,1.0,0.0,
6673,10,10,1.0,0.0,
6798,10,10,1.0,0.0,0.0
7071,10,10,1.0,0.0,
7100,10,10,1.0,0.0,0.0
7170,10,8,0.8,0.0,0.0
7216,10,10,1.0,0.0,0.0
7378,10,10,1.0,0.0,
7408,10,10,1.0,0.0,
7462,10,10,1.0,0.0,
7489,10,10,1.0,0.0,
7525,10,10,1.0,0.0,
7675,10,10,1.0,0.02631578947368421,0.0
7980,10,10,1.0,0.0,
8163,10,9,0.9,0.0,0.0
8174,10,10,1.0,0.0,0.0
8184,10,10,1.0,0.0,
8231,10,10,1.0,0.0,0.0
8232,10,10,1.0,0.0,
8268,10,10,1.0,0.0,0.0
8358,10,10,1.0,0.0,0.0
8397,10,10,1.0,0.0,0.0
8474,10,10,1.0,0.0,
8727,10,10,1.0,0.0,
8826,10,10,1.0,0.0,
8830,10,10,1.0,0.0,
8882,10,10,1.0,0.0,
9118,10,10,1.0,0.0,
9146,10,10,1.0,0.0,0.0
9269,10,10,1.0,0.0,0.0
9312,10,10,1.0,0.0,
9441,10,10,1.0,0.0,
9533,10,9,0.9,0.0,
9557,10,10,1.0,0.0,
9604,10,10,1.0,0.0,
9736,10,10,1.0,0.0,
9839,10,10,1.0,0.0,0.0
9889,10,10,1.0,0.0,
9898,10,10,1.0,0.0,
9950,10,10,1.0,0.0,0.0
10169,10,10,1.0,0.0,
10314,10,10,1.0,0.0,
10372,10,10,1.0,0.0,0.0
10450,10,10,1.0,0.0,
10477,10,10,1.0,0.0,0.0
10667,10,10,1.0,0.0,
10796,10,10,1.0,0.0,
11007,10,10,1.0,0.0,
11097,10,10,1.0,0.0,
11176,10,10,1.0,0.0,
11196,10,10,1.0,0.0,
11212,10,10,1.0,0.0,0.0
11245,10,10,1.0,0.0,0.0
11272,10,10,1.0,0.0,
11319,10,10,1.0,0.0,0.0
11355,10,10,1.0,0.0,
11376,10,10,1.0,0.0,
11415,10,10,1.0,0.0,
11439,10,10,1.0,0.0,
11576,10,10,1.0,0.0,0.0
11599,10,10,1.0,0.03225806451612903,0.0
11632,10,10,1.0,0.0,0.0
11667,10,10,1.0,0.0,
11668,10,10,1.0,0.0,
11866,10,9,0.9,0.0,
11912,10,10,1.0,0.0,0.0
11981,10,10,1.0,0.0,
12077,10,10,1.0,0.0,
12114,10,10,1.0,0.0,0.0
12234,10,10,1.0,0.0,0.0
12279,10,10,1.0,0.0,
12306,10,10,1.0,0.0,
12315,10,10,1.0,0.0,
12330,10,10,1.0,0.0,0.0
12428,10,10,1.0,0.0,
12670,10,10,1.0,0.0,
12867,10,10,1.0,0.0,0.0
12874,10,10,1.0,0.0,
12903,10,10,1.0,0.0,
13044,10,10,1.0,0.0,0.0
13093,10,10,1.0,0.0,
13122,10,10,1.0,0.0,
13144,10,10,1.0,0.0,
13171,10,10,1.0,0.0,
13275,10,10,1.0,0.0,
13387,10,10,1.0,0.0,0.0
13402,10,10,1.0,0.0,
13728,10,10,1.0,0.0,
13855,10,10,1.0,0.0,0.0
13912,10,10,1.0,0.0,
13981,10,10,1.0,0.0,
13986,10,10,1.0,0.0,
14146,10,10,1.0,0.0,
14194,10,10,1.0,0.0,0.0
14373,10,10,1.0,0.0,
14720,10,10,1.0,0.0,
14748,10,10,1.0,0.0,0.0
14760,10,10,1.0,0.0,
14843,10,10,1.0,0.0,0.0
14896,10,10,1.0,0.0,
14910,10,10,1.0,0.0,
14970,10,10,1.0,0.0,0.0
15071,10,10,1.0,0.0,
15147,10,10,1.0,0.0,0.0
15202,10,10,1.0,0.0,
15230,10,10,1.0,0.0,
15239,10,10,1.0,0.0,
15259,10,10,1.0,0.0,
15308,10,10,1.0,0.0,
15404,10,10,1.0,0.0,
15799,10,10,1.0,0.0,
15834,10,10,1.0,0.0,
15868,10,10,1.0,0.0,
15872,10,10,1.0,0.0,
15980,10,10,1.0,0.0,
16059,10,10,1.0,0.0,
16064,10,10,1.0,0.0,
16164,10,10,1.0,0.0,
16195,10,10,1.0,0.0,
16211,10,10,1.0,0.0,0.0
16273,10,10,1.0,0.0,
16312,10,10,1.0,0.0,0.0
16385,10,10,1.0,0.0,
16409,10,10,1.0,0.0,
16413,10,10,1.0,0.0,
16490,10,10,1.0,0.0,
16643,10,10,1.0,0.0,
16692,10,10,1.0,0.0,
16740,10,10,1.0,0.0,
16759,10,10,1.0,0.0,
16791,10,10,1.0,0.0,
16918,10,10,1.0,0.0,
17085,10,10,1.0,0.0,
17233,10,10,1.0,0.0,
17381,10,10,1.0,0.0,
17407,10,10,1.0,0.0,
17420,10,10,1.0,0.0,
17494,10,10,1.0,0.0,
17660,10,10,1.0,0.0,
17705,10,10,1.0,0.0,
17713,10,10,1.0,0.0,0.0
17857,10,10,1.0,0.0,
17915,10,10,1.0,0.0,
18185,10,10,1.0,0.0,
18219,10,10,1.0,0.0,
18270,10,10,1.0,0.0,0.0
18271,10,10,1.0,0.0,
18530,10,10,1.0,0.0,
18647,10,10,1.0,0.0,
18694,10,10,1.0,0.0,0.0
18715,10,10,1.0,0.0,
18717,10,10,1.0,0.0,
18753,10,10,1.0,0.0,
18820,10,10,1.0,0.0,
18851,10,10,1.0,0.0,
18864,10,10,1.0,0.0,
18900,10,10,1.0,0.0,
18947,10,10,1.0,0.0,
18980,10,10,1.0,0.0,
19076,10,10,1.0,0.0,
19202,10,10,1.0,0.0,
19366,10,10,1.0,0.0,
19544,10,10,1.0,0.0,0.0
19592,10,10,1.0,0.0,
19724,10,10,1.0,0.0,
19779,10,10,1.0,0.0,
19787,10,10,1.0,0.0,0.0
19836,10,10,1.0,0.0,
19849,10,10,1.0,0.0,0.0
19966,10,10,1.0,0.0,0.0
20207,10,10,1.0,0.0,
20334,10,10,1.0,0.0,0.0
20379,10,10,1.0,0.0,
20411,10,10,1.0,0.0,0.0
20560,10,10,1.0,0.0,
20587,10,10,1.0,0.0,
20630,10,10,1.0,0.0,
20635,10,10,1.0,0.0,0.0
20640,10,10,1.0,0.0,
20689,10,10,1.0,0.0,
20798,10,10,1.0,0.0,
20825,10,10,1.0,0.0,
20858,10,10,1.0,0.0,
20981,10,10,1.0,0.0,0.0
21387,10,10,1.0,0.0,
21396,10,10,1.0,0.0,
21419,10,10,1.0,0.0,
21483,10,10,1.0,0.0,
21606,10,10,1.0,0.0,
21633,10,10,1.0,0.0,
21657,10,10,1.0,0.0,
21795,10,10,1.0,0.0,
21944,10,10,1.0,0.0,
22162,10,10,1.0,0.0,0.0
22169,10,10,1.0,0.0,
22317,10,10,1.0,0.0,
22364,10,10,1.0,0.0,
22624,10,10,1.0,0.0,
22629,10,10,1.0,0.0,
22822,10,10,1.0,0.0,
22835,10,10,1.0,0.0,
22862,10,10,1.0,0.0,
22923,10,10,1.0,0.0,
23016,10,10,1.0,0.0,0.0
23266,10,10,1.0,0.0,0.0
23374,10,10,1.0,0.0,
23420,10,10,1.0,0.0,0.0
23587,10,10,1.0,0.0,
23670,10,10,1.0,0.0,
23825,10,10,1.0,0.0,
24115,10,10,1.0,0.0,
24145,10,10,1.0,0.0,
24226,10,10,1.0,0.0,
24307,10,10,1.0,0.0,0.0
24365,10,10,1.0,0.0,0.0
24375,10,10,1.0,0.0,
24400,10,10,1.0,0.0,
24687,10,10,1.0,0.0,0.0
24831,10,10,1.0,0.0,
24896,10,10,1.0,0.0,
24943,10,10,1.0,0.0,
25014,10,10,1.0,0.0,
25018,10,10,1.0,0.0,
25019,10,10,1.0,0.0,
25044,10,10,1.0,0.0,0.0
25202,10,10,1.0,0.0,0.0
25278,10,10,1.0,0.0,
25306,10,10,1.0,0.0,
25311,10,10,1.0,0.0,
25351,10,10,1.0,0.0,
25459,10,10,1.0,0.0,
25465,10,10,1.0,0.0,
25642,10,10,1.0,0.0,
25729,10,10,1.0,0.0,
25792,10,10,1.0,0.0,
25838,10,10,1.0,0.0,
25876,10,10,1.0,0.0,
25907,10,10,1.0,0.0,
25939,10,10,1.0,0.0,0.0
26064,10,10,1.0,0.0,0.0
26072,10,10,1.0,0.0,
26147,10,10,1.0,0.0,
26198,10,10,1.0,0.0,
26339,10,10,1.0,0.0,
26465,10,10,1.0,0.0,
26472,10,10,1.0,0.0,0.0
26630,10,10,1.0,0.0,
26653,10,10,1.0,0.0,
26780,10,10,1.0,0.0,
26839,10,10,1.0,0.0,
26971,10,10,1.0,0.0,
26985,10,10,1.0,0.0,0.0
27050,10,10,1.0,0.0,
27061,10,10,1.0,0.0,
27194,10,10,1.0,0.0,0.0
27256,10,10,1.0,0.0,
27267,10,10,1.0,0.0,0.0
27503,10,10,1.0,0.0,0.0
27800,10,10,1.0,0.0,
27850,10,10,1.0,0.0,
28045,10,10,1.0,0.0,0.0
28494,10,10,1.0,0.0,0.0
28529,10,10,1.0,0.0,
28705,10,10,1.0,0.0,
28724,10,10,1.0,0.0,
28799,10,10,1.0,0.0,
28841,10,10,1.0,0.0,
28881,10,10,1.0,0.0,
29027,10,10,1.0,0.0,
29269,10,10,1.0,0.0,
29281,10,10,1.0,0.0,0.0
29398,10,10,1.0,0.0,
29412,10,10,1.0,0.0,
29514,10,10,1.0,0.0,
29751,10,10,1.0,0.0,
29792,10,10,1.0,0.0,
29812,10,10,1.0,0.0,
30092,10,10,1.0,0.0,
30236,10,10,1.0,0.0,
30367,10,10,1.0,0.0,
30481,10,10,1.0,0.0,
30761,10,10,1.0,0.0,0.0
30943,10,10,1.0,0.0,
31129,10,10,1.0,0.0,
31144,10,10,1.0,0.0,
31181,10,10,1.0,0.0,0.0
31188,10,10,1.0,0.0,
31204,10,10,1.0,0.0,
31236,10,10,1.0,0.0,
31264,10,10,1.0,0.0,0.0
31338,10,10,1.0,0.0,0.0
31421,10,10,1.0,0.0,
31429,10,10,1.0,0.0,
31468,10,10,1.0,0.0,0.0
31537,10,10,1.0,0.0,
31593,10,10,1.0,0.0,
31678,10,10,1.0,0.0,
31835,10,10,1.0,0.0,0.0
31886,10,10,1.0,0.0,
32298,10,10,1.0,0.0,0.0
32435,10,10,1.0,0.0,
32516,10,10,1.0,0.0,
32599,10,10,1.0,0.0,
32609,10,10,1.0,0.0,
32650,10,10,1.0,0.0,
32663,10,10,1.0,0.0,
32693,10,10,1.0,0.0,0.0
32726,10,10,1.0,0.0,
32934,10,10,1.0,0.0,
32993,10,10,1.0,0.0,
33396,10,10,1.0,0.0,
33405,10,10,1.0,0.0,
33517,10,10,1.0,0.0,0.0
33946,10,10,1.0,0.0,
34106,10,10,1.0,0.0,
34405,10,10,1.0,0.0,
34498,10,10,1.0,0.0,0.0
34514,10,10,1.0,0.0,
34593,10,10,1.0,0.0,0.0
34650,10,10,1.0,0.0,0.0
34659,10,10,1.0,0.0,
34761,10,10,1.0,0.0,
34788,10,10,1.0,0.0,
34836,10,10,1.0,0.0,
34837,10,10,1.0,0.0,
34920,10,10,1.0,0.0,
35007,10,10,1.0,0.0,0.0
35096,10,10,1.0,0.0,
35104,10,10,1.0,0.0,
35142,10,10,1.0,0.0,0.0
35190,10,10,1.0,0.0,
35377,10,10,1.0,0.0,
35546,10,10,1.0,0.0,
35689,10,10,1.0,0.0,
35760,10,10,1.0,0.0,
35806,10,10,1.0,0.0,0.0
35925,10,10,1.0,0.0,0.0
35958,10,10,1.0,0.0,
35986,10,10,1.0,0.0,
36036,10,10,1.0,0.0,0.0
36051,10,10,1.0,0.0,
36082,10,10,1.0,0.0,
36176,10,10,1.0,0.0,
36210,10,10,1.0,0.0,0.0
36226,10,10,1.0,0.0,
36364,10,10,1.0,0.0,
36401,10,10,1.0,0.0,
36541,10,10,1.0,0.0,
36619,10,10,1.0,0.0,0.0
36661,10,10,1.0,0.0,
36829,10,10,1.0,0.0,
36906,10,10,1.0,0.0,
36914,10,10,1.0,0.0,0.0
36934,10,10,1.0,0.0,
37065,10,10,1.0,0.0,0.0
37076,10,10,1.0,0.0,
37355,10,10,1.0,0.0,
37356,10,10,1.0,0.0,
37371,10,10,1.0,0.0,
37418,10,10,1.0,0.0,
37586,10,10,1.0,0.0,
37590,10,10,1.0,0.0,
37607,10,10,1.0,0.0,0.0
37790,10,10,1.0,0.0,
37791,10,10,1.0,0.0,
37862,10,10,1.0,0.0,
37979,10,10,1.0,0.0,
38020,10,10,1.0,0.0,
38137,10,10,1.0,0.0,
38219,10,10,1.0,0.0,
38238,10,10,1.0,0.0,
38345,10,10,1.0,0.0,
38368,10,10,1.0,0.0,
38413,10,10,1.0,0.0,
38524,10,10,1.0,0.0,
38573,10,10,1.0,0.0,0.0
38577,10,10,1.0,0.0,
38587,10,10,1.0,0.0,
38641,10,10,1.0,0.0,
38787,10,10,1.0,0.0,
38833,10,10,1.0,0.0,0.0
38891,10,10,1.0,0.0,
38971,10,10,1.0,0.0,
39107,10,10,1.0,0.0,0.0
39195,10,10,1.0,0.0,
39220,10,10,1.0,0.0,
39238,10,10,1.0,0.0,
39307,10,10,1.0,0.0,
39316,10,10,1.0,0.0,
39342,10,10,1.0,0.0,
39405,10,10,1.0,0.0,
39482,10,10,1.0,0.0,0.0
39566,10,10,1.0,0.0,0.0
39572,10,10,1.0,0.0,
39645,10,10,1.0,0.0,
39895,10,10,1.0,0.0,
39921,10,10,1.0,0.0,
39972,10,10,1.0,0.0,
40013,10,10,1.0,0.0,
40049,10,10,1.0,0.0,
40071,10,10,1.0,0.0,
40088,10,10,1.0,0.0,0.0
40121,10,10,1.0,0.0,
40136,10,10,1.0,0.0,
40219,10,10,1.0,0.0,
40225,10,10,1.0,0.0,0.0
40234,10,10,1.0,0.0,
40343,10,10,1.0,0.0,
40451,10,10,1.0,0.0,
40517,10,10,1.0,0.0,
40618,10,10,1.0,0.0,
40624,10,10,1.0,0.0,
40730,10,10,1.0,0.0,0.0
40768,10,10,1.0,0.0,
40771,10,10,1.0,0.0,
40846,10,10,1.0,0.0,
40935,10,10,1.0,0.0,
40989,10,10,1.0,0.0,
41042,10,10,1.0,0.0,
41088,10,10,1.0,0.0,
41129,10,10,1.0,0.0,0.0
41168,10,10,1.0,0.0,0.0
41242,10,10,1.0,0.0,
41289,10,10,1.0,0.0,0.0
41292,10,10,1.0,0.0,
41426,10,10,1.0,0.0,0.0
41448,10,10,1.0,0.0,
41461,10,10,1.0,0.0,
41723,10,10,1.0,0.0,
41846,10,10,1.0,0.0,
41948,10,10,1.0,0.0,
42094,10,10,1.0,0.0,0.0
42228,10,10,1.0,0.0,
42456,10,10,1.0,0.0,
42600,10,10,1.0,0.0,0.0
42758,10,10,1.0,0.0,
42864,10,10,1.0,0.0,0.0
42937,10,10,1.0,0.0,0.0
43060,10,10,1.0,0.0,
43096,10,10,1.0,0.0,0.0
43198,10,10,1.0,0.0,
43304,10,10,1.0,0.0,
43401,10,10,1.0,0.0,0.0
43474,10,10,1.0,0.0,0.0
43475,10,10,1.0,0.0,
43486,10,10,1.0,0.0,0.0
43493,10,10,1.0,0.0,
43506,10,10,1.0,0.0,
43546,10,10,1.0,0.0,
43570,10,10,1.0,0.0,
43575,10,10,1.0,0.0,
43596,10,10,1.0,0.0,
43643,10,10,1.0,0.0,
43666,10,10,1.0,0.0,
43668,10,10,1.0,0.0,
43856,10,10,1.0,0.0,0.0
43859,10,10,1.0,0.0,
43884,10,10,1.0,0.0,
43894,10,10,1.0,0.0,
43910,10,10,1.0,0.0,
44005,10,10,1.0,0.0,
44110,10,10,1.0,0.0,
44283,10,10,1.0,0.0,
44356,10,10,1.0,0.0,
44376,10,10,1.0,0.0,
44502,10,10,1.0,0.0,
44638,10,10,1.0,0.0,
44728,10,10,1.0,0.0,
44746,10,10,1.0,0.0,
44776,10,10,1.0,0.0,
44839,10,10,1.0,0.0,
44916,10,10,1.0,0.0,
45068,10,10,1.0,0.0,
45092,10,10,1.0,0.0,
45114,10,10,1.0,0.0,
45191,10,10,1.0,0.0,
45326,10,10,1.0,0.0,
45393,10,10,1.0,0.0,
45400,10,10,1.0,0.0,0.0
45435,10,10,1.0,0.0,
45466,10,10,1.0,0.0,
45564,10,10,1.0,0.0,
45667,10,10,1.0,0.0,
45684,10,10,1.0,0.0,
45717,10,10,1.0,0.0,0.0
45722,10,10,1.0,0.0,0.0
45731,10,10,1.0,0.0,0.0
45770,10,10,1.0,0.0,0.0
45779,10,10,1.0,0.0,
45789,10,10,1.0,0.0,0.0
45844,10,10,1.0,0.0,
45878,10,10,1.0,0.0,0.0
45969,10,10,1.0,0.0,0.0
45985,10,10,1.0,0.0,
46311,10,10,1.0,0.0,0.0
46466,10,10,1.0,0.0,
46482,10,10,1.0,0.0,
46507,10,10,1.0,0.0,
46647,10,10,1.0,0.0,0.0
46737,10,10,1.0,0.0,
46838,10,10,1.0,0.0,
46885,10,10,1.0,0.0,0.0
46959,10,10,1.0,0.0,
47033,10,10,1.0,0.0,0.0
47164,10,10,1.0,0.0,
47242,10,10,1.0,0.0,0.0
47283,10,10,1.0,0.0,
47346,10,10,1.0,0.0,
47357,10,10,1.0,0.0,
47377,10,10,1.0,0.0,
47438,10,10,1.0,0.0,
47575,10,10,1.0,0.0,
47866,10,10,1.0,0.0,0.0
47967,10,10,1.0,0.0,
48015,10,10,1.0,0.0,0.0
48182,10,10,1.0,0.0,
48213,10,10,1.0,0.0,
48231,10,10,1.0,0.0,
48353,10,10,1.0,0.0,
48488,10,10,1.0,0.0,
48492,10,10,1.0,0.0,
48509,10,10,1.0,0.0,
48580,10,10,1.0,0.0,
48616,10,10,1.0,0.0,
48684,10,10,1.0,0.0,
48760,10,10,1.0,0.0,
48866,10,10,1.0,0.0,
49055,10,10,1.0,0.0,
49076,10,10,1.0,0.0,0.0
49085,10,10,1.0,0.0,
49171,10,10,1.0,0.0,
49208,10,10,1.0,0.0,
49220,10,10,1.0,0.0,
49304,10,10,1.0,0.0,
49360,10,10,1.0,0.0,
49469,10,10,1.0,0.0,
49569,10,10,1.0,0.0,
49654,10,10,1.0,0.0,
49664,10,10,1.0,0.0,
49678,10,10,1.0,0.0,0.0
49718,10,10,1.0,0.0,0.0
49939,10,10,1.0,0.0,
49944,10,10,1.0,0.0,
49977,10,10,1.0,0.0,0.0
50019,10,10,1.0,0.0,
50149,10,10,1.0,0.0,
50182,10,10,1.0,0.0,
50316,10,10,1.0,0.0,
50382,10,10,1.0,0.0,0.0
50526,10,10,1.0,0.0,0.0
50544,10,10,1.0,0.0,
50648,10,10,1.0,0.0,
50756,10,10,1.0,0.0,0.0
50821,10,10,1.0,0.0,
51011,10,10,1.0,0.0,0.0
51064,10,10,1.0,0.0,
51115,10,10,1.0,0.0,0.0
51221,10,10,1.0,0.0,0.0
51259,10,10,1.0,0.0,
51530,10,10,1.0,0.0,
51542,10,10,1.0,0.0,
51579,10,10,1.0,0.0,
51619,10,10,1.0,0.0,
51676,10,10,1.0,0.0,
51704,10,10,1.0,0.0,
51837,10,10,1.0,0.0,0.0
51849,10,10,1.0,0.0,
51952,10,10,1.0,0.0,
51983,10,10,1.0,0.0,
52027,10,10,1.0,0.0,
52130,10,10,1.0,0.0,
52278,10,10,1.0,0.0,
52540,10,10,1.0,0.0,
52756,10,10,1.0,0.0,0.0
52863,10,10,1.0,0.0,
52939,10,10,1.0,0.0,
52949,10,10,1.0,0.0,0.0
52952,10,10,1.0,0.0,
53111,10,10,1.0,0.0,
53264,10,10,1.0,0.0,
53283,10,10,1.0,0.0,0.0
53299,10,10,1.0,0.0,
53407,10,10,1.0,0.0,
53597,10,10,1.0,0.0,0.0
53680,10,10,1.0,0.0,
53704,10,10,1.0,0.0,
53782,10,10,1.0,0.0,
53887,10,10,1.0,0.0,0.0
53925,10,10,1.0,0.0,
53970,10,10,1.0,0.0,0.0
54171,10,10,1.0,0.0,0.0
54226,10,10,1.0,0.0,0.0
54259,10,10,1.0,0.0,
54320,10,10,1.0,0.0,
54336,10,10,1.0,0.0,
54379,10,9,0.9,0.0,
54515,10,10,1.0,0.0,
54548,10,10,1.0,0.0,
54590,10,10,1.0,0.0,
54749,10,10,1.0,0.0,0.0
54784,10,10,1.0,0.0,
54794,10,10,1.0,0.0,
55060,10,10,1.0,0.0,
55168,10,10,1.0,0.0,
55210,10,10,1.0,0.0,0.0
55254,10,10,1.0,0.0,
55285,10,10,1.0,0.0,
55422,10,10,1.0,0.0,
55524,10,10,1.0,0.0,
55599,10,10,1.0,0.0,
55625,10,10,1.0,0.0,
55719,10,10,1.0,0.0,
55817,10,10,1.0,0.0,
55872,10,10,1.0,0.0,0.0
55885,10,10,1.0,0.0,
55898,10,10,1.0,0.0,
55952,10,10,1.0,0.0,
56042,10,10,1.0,0.0,
56316,10,10,1.0,0.0,
56468,10,10,1.0,0.0,
56505,10,10,1.0,0.0,
56698,10,10,1.0,0.0,
56772,10,10,1.0,0.0,0.0
56792,10,10,1.0,0.0,0.0
57032,10,10,1.0,0.0,
57167,10,10,1.0,0.0,
57336,10,10,1.0,0.0,
57446,10,10,1.0,0.0,
57493,10,10,1.0,0.0,
57692,10,10,1.0,0.0,
57795,10,10,1.0,0.0,0.0
57802,10,10,1.0,0.0,
57895,10,10,1.0,0.0,
58120,10,10,1.0,0.0,
58223,10,10,1.0,0.0,0.0
58311,10,10,1.0,0.0,
58380,10,10,1.0,0.0,
58795,10,10,1.0,0.0,
58899,10,10,1.0,0.0,
58936,10,10,1.0,0.0,
58986,10,10,1.0,0.0,
58991,10,10,1.0,0.0,
59304,10,10,1.0,0.0,0.0
59430,10,10,1.0,0.0,0.0
59456,10,10,1.0,0.0,
59493,10,10,1.0,0.0,0.0
59522,10,10,1.0,0.0,
59601,10,10,1.0,0.0,
59648,10,10,1.0,0.0,
59855,10,10,1.0,0.0,
59925,10,10,1.0,0.0,
59956,10,10,1.0,0.0,
59960,10,10,1.0,0.0,0.0
60121,10,10,1.0,0.0,
60133,10,10,1.0,0.0,0.0
60374,10,10,1.0,0.0,0.0
60580,10,10,1.0,0.0,
60642,10,10,1.0,0.0,
60663,10,10,1.0,0.0,
60697,10,10,1.0,0.0,
60746,10,10,1.0,0.0,
60870,10,10,1.0,0.0,
60923,10,10,1.0,0.0,
60930,10,10,1.0,0.0,0.0
61009,10,10,1.0,0.0,
61085,10,9,0.9,0.0,
61407,10,10,1.0,0.0,0.0
61484,10,10,1.0,0.0,
61641,10,10,1.0,0.0,
61725,10,10,1.0,0.0,
62036,10,10,1.0,0.0,
62256,10,10,1.0,0.0,
62336,10,10,1.0,0.0,
62339,10,10,1.0,0.0,
62359,10,10,1.0,0.0,
62362,10,10,1.0,0.0,0.0
62365,10,10,1.0,0.0,0.0
62416,10,10,1.0,0.0,
62495,10,9,0.9,0.0,
62509,10,10,1.0,0.0,
62529,10,10,1.0,0.0,
62568,10,10,1.0,0.0,
62569,10,10,1.0,0.0,
62672,10,10,1.0,0.0,
62706,10,9,0.9,0.0,
62726,10,10,1.0,0.0,
62769,10,10,1.0,0.0,
62907,10,10,1.0,0.0,
62984,10,10,1.0,0.0,
62994,10,10,1.0,0.0,
63086,10,10,1.0,0.0,0.0
63145,10,10,1.0,0.0,0.0
63263,10,10,1.0,0.0,
63274,10,10,1.0,0.0,
63343,10,10,1.0,0.0,
63484,10,10,1.0,0.0,
63909,10,10,1.0,0.0,0.0
63943,10,10,1.0,0.0,
64048,10,10,1.0,0.0,
64131,10,10,1.0,0.0,
64200,10,10,1.0,0.0,0.0
64792,10,10,1.0,0.0,
64886,10,10,1.0,0.0,
65062,10,10,1.0,0.0,
65085,10,10,1.0,0.0,
65089,10,10,1.0,0.0,0.0
65231,10,10,1.0,0.0,
65360,10,10,1.0,0.0,0.0
65372,10,10,1.0,0.0,
65482,10,10,1.0,0.0,
65537,10,10,1.0,0.0,0.0
65624,10,10,1.0,0.0,
65688,10,10,1.0,0.0,0.0
65726,10,10,1.0,0.0,
65729,10,10,1.0,0.0,
65861,10,10,1.0,0.0,0.0
65904,10,10,1.0,0.0,
65960,10,10,1.0,0.0,
65985,10,10,1.0,0.0,
66193,10,10,1.0,0.0,0.0
66209,10,10,1.0,0.0,
66230,10,10,1.0,0.0,
66436,10,10,1.0,0.0,
66499,10,10,1.0,0.0,
66522,10,10,1.0,0.0,0.0
66534,10,10,1.0,0.0,
66802,10,10,1.0,0.0,
66851,10,10,1.0,0.0,
66859,10,10,1.0,0.0,
66861,10,10,1.0,0.0,0.0
66961,10,10,1.0,0.0,0.0
67045,10,10,1.0,0.0,
67110,10,10,1.0,0.0,
67130,10,10,1.0,0.0,0.0
67160,10,10,1.0,0.0,
67167,10,10,1.0,0.0,0.0
67172,10,10,1.0,0.0,0.0
67191,10,10,1.0,0.0,
67431,10,10,1.0,0.0,0.0
67552,10,10,1.0,0.0,
67603,10,10,1.0,0.0,
67696,10,10,1.0,0.0,0.0
67709,10,10,1.0,0.0,
67761,10,10,1.0,0.047619047619047616,
67803,10,10,1.0,0.0,
67960,10,10,1.0,0.0,
68155,10,10,1.0,0.0,0.0
68224,10,10,1.0,0.0,
68226,10,10,1.0,0.0,
68236,10,10,1.0,0.0,
68329,10,10,1.0,0.0,
68330,10,10,1.0,0.0,
68377,10,10,1.0,0.0,
68445,10,10,1.0,0.0,
68913,10,10,1.0,0.0,
68930,10,10,1.0,0.0,
68945,10,10,1.0,0.0,
68991,10,10,1.0,0.0,
69083,10,10,1.0,0.0,
69096,10,10,1.0,0.0,
69145,10,10,1.0,0.0,0.0
69327,10,10,1.0,0.0,
69372,10,10,1.0,0.0,
69379,10,10,1.0,0.0,
69421,10,10,1.0,0.0,
69495,10,10,1.0,0.0,
69559,10,10,1.0,0.0,
69580,10,10,1.0,0.0,
69649,10,10,1.0,0.0,
69650,10,10,1.0,0.0,
69769,10,10,1.0,0.0,
69917,10,10,1.0,0.0,
69919,10,10,1.0,0.0,0.0
69979,10,10,1.0,0.0,
70184,10,10,1.0,0.0,
70345,10,10,1.0,0.0,0.0
70458,10,10,1.0,0.0,
70468,10,10,1.0,0.0,
70498,10,10,1.0,0.0,
70532,10,10,1.0,0.0,
70701,10,10,1.0,0.0,
70718,10,10,1.0,0.0,0.0
70846,10,10,1.0,0.0,0.0
70898,10,10,1.0,0.0,
70945,10,10,1.0,0.0,
71058,10,10,1.0,0.0,
71304,10,10,1.0,0.0,
71372,10,10,1.0,0.0,
71463,10,10,1.0,0.0,0.0
71492,10,10,1.0,0.0,0.0
71605,10,10,1.0,0.0,
71616,10,10,1.0,0.0,
71656,10,10,1.0,0.0,
71664,10,10,1.0,0.0,
71691,10,10,1.0,0.0,
71743,10,10,1.0,0.0,
71968,10,10,1.0,0.0,0.0
72027,10,10,1.0,0.0,0.0
72029,10,10,1.0,0.0,
72041,10,10,1.0,0.0,
72193,10,10,1.0,0.0,
72318,10,10,1.0,0.0,0.0
72390,10,10,1.0,0.0,
72416,10,10,1.0,0.0,
72469,10,10,1.0,0.0,
72620,10,10,1.0,0.0,
72628,10,10,1.0,0.0,
72636,10,10,1.0,0.0,
72679,10,10,1.0,0.0,0.0
72699,10,10,1.0,0.0,
72710,10,10,1.0,0.0,
72772,10,10,1.0,0.0,
72795,10,10,1.0,0.0,
72860,10,10,1.0,0.0,0.0
72904,10,10,1.0,0.0,
72950,10,10,1.0,0.0,
73122,10,10,1.0,0.0,0.0
73313,10,10,1.0,0.0,
73417,10,10,1.0,0.0,
73671,10,10,1.0,0.0,0.0
73740,10,10,1.0,0.0,0.0
73847,10,10,1.0,0.0,
73994,10,10,1.0,0.0,
74068,10,10,1.0,0.0,
74070,10,10,1.0,0.0,
74119,10,10,1.0,0.0,
74242,10,10,1.0,0.0,
74559,10,10,1.0,0.0,0.0
74604,10,10,1.0,0.0,
74619,10,10,1.0,0.0,
74623,10,10,1.0,0.0,0.0
74667,10,10,1.0,0.0,
74768,10,10,1.0,0.0,
74771,10,10,1.0,0.0,
74780,10,10,1.0,0.0,0.0
74786,10,10,1.0,0.0,
74822,10,10,1.0,0.0,
74874,10,10,1.0,0.0,0.0
74886,10,10,1.0,0.0,0.0
75062,10,10,1.0,0.0,0.0
75119,10,10,1.0,0.0,
75127,10,10,1.0,0.0,0.0
75143,10,10,1.0,0.0,
75192,10,10,1.0,0.0,
75366,10,10,1.0,0.0,
75450,10,10,1.0,0.0,
75548,10,10,1.0,0.0,
75576,10,10,1.0,0.0,
75606,10,10,1.0,0.0,
75698,10,10,1.0,0.0,0.0
75834,10,10,1.0,0.0,
75882,10,10,1.0,0.0,
75919,10,10,1.0,0.0,
75961,10,10,1.0,0.0,
76005,10,10,1.0,0.0,
76064,10,10,1.0,0.0,0.0
76344,10,10,1.0,0.0,
76393,10,10,1.0,0.0,
76409,10,10,1.0,0.0,
76424,10,10,1.0,0.0,
76449,10,10,1.0,0.0,0.0
76470,10,10,1.0,0.0,0.0
76482,10,10,1.0,0.0,0.0
76519,10,10,1.0,0.0,
76633,10,10,1.0,0.0,
76820,10,10,1.0,0.0,
76885,10,10,1.0,0.0,
76978,10,10,1.0,0.0,
77023,10,10,1.0,0.0,
77083,10,10,1.0,0.0,
77198,10,10,1.0,0.0,0.0
77212,10,10,1.0,0.0,
77275,10,10,1.0,0.0,
77293,10,10,1.0,0.0,
77342,10,10,1.0,0.0,
77372,10,10,1.0,0.0,
77405,10,10,1.0,0.0,0.0
77550,10,10,1.0,0.0,
77670,10,10,1.0,0.0,
77743,10,10,1.0,0.0,0.0
77791,10,10,1.0,0.0,
77825,10,10,1.0,0.0,
77838,10,10,1.0,0.0,0.0
77889,10,10,1.0,0.0,
78074,10,10,1.0,0.0,
78148,10,10,1.0,0.0,0.0
78173,10,10,1.0,0.0,
78316,10,10,1.0,0.0,
78428,10,10,1.0,0.0,
78457,10,10,1.0,0.0,0.0
78583,10,10,1.0,0.0,
78748,10,10,1.0,0.0,
79177,10,10,1.0,0.0,
79262,10,10,1.0,0.0,
79370,10,10,1.0,0.0,0.0
79495,10,10,1.0,0.0,
79537,10,10,1.0,0.0,
79651,10,10,1.0,0.0,0.0
79679,10,10,1.0,0.0,
79724,10,10,1.0,0.0,
79740,10,10,1.0,0.0,0.0
79860,10,10,1.0,0.0,
79895,10,10,1.0,0.0,
79896,10,10,1.0,0.0,0.0
79956,10,10,1.0,0.0,
80071,10,10,1.0,0.0,0.0
80217,10,10,1.0,0.0,
80288,10,10,1.0,0.0,
80331,10,10,1.0,0.0,0.0
80381,10,10,1.0,0.0,
80387,10,10,1.0,0.0,
80391,10,10,1.0,0.0,
80514,10,10,1.0,0.0,
80560,10,10,1.0,0.034482758620689655,
80656,10,10,1.0,0.0,
80757,10,10,1.0,0.0,
80768,10,10,1.0,0.0,
80905,10,10,1.0,0.0,
80911,10,10,1.0,0.0,0.0
81060,10,10,1.0,0.0,
81208,10,10,1.0,0.0,
81253,10,10,1.0,0.0,
81337,10,10,1.0,0.0,0.0
81351,10,10,1.0,0.07142857142857142,
81510,10,10,1.0,0.0,
81530,10,10,1.0,0.0,0.0
81735,10,10,1.0,0.0,
81891,10,10,1.0,0.0,
82007,10,10,1.0,0.0,0.0
82024,10,10,1.0,0.0,
82148,10,10,1.0,0.0,
82361,10,10,1.0,0.0,0.0
82381,10,10,1.0,0.0,
82579,10,10,1.0,0.0,
82655,10,10,1.0,0.0,0.0
82741,10,10,1.0,0.0,
83064,10,10,1.0,0.0,
83161,10,10,1.0,0.0,
83169,10,10,1.0,0.0,0.0
83249,10,10,1.0,0.0,0.0
83259,10,10,1.0,0.0,
83439,10,10,1.0,0.0,
83534,10,10,1.0,0.0,
83537,10,10,1.0,0.0,
83549,10,10,1.0,0.0,
83561,10,10,1.0,0.0,
83627,10,10,1.0,0.0,0.0
83720,10,10,1.0,0.0,
83802,10,10,1.0,0.0,
83824,10,10,1.0,0.0,0.0
84092,10,10,1.0,0.0,
84133,10,10,1.0,0.0,
84598,10,10,1.0,0.0,
84673,10,10,1.0,0.0,0.0
84810,10,10,1.0,0.0,
84991,10,10,1.0,0.0,0.0
85142,10,10,1.0,0.0,
85211,10,10,1.0,0.0,
85297,10,10,1.0,0.0,
85382,10,10,1.0,0.0,
85537,10,10,1.0,0.0,0.0
85769,10,10,1.0,0.0,
85842,10,10,1.0,0.0,
85971,10,10,1.0,0.0,
86006,10,10,1.0,0.0,
86309,10,10,1.0,0.0,
86522,10,10,1.0,0.0,
86819,10,10,1.0,0.0,
87023,10,10,1.0,0.0,0.0
87049,10,10,1.0,0.0,
87241,10,10,1.0,0.0,0.0
87331,10,10,1.0,0.0,0.0
87348,10,10,1.0,0.0,
87382,10,10,1.0,0.0,
87383,10,10,1.0,0.0,
87389,10,10,1.0,0.0,0.0
87642,10,10,1.0,0.0,0.0
87647,10,10,1.0,0.0,0.0
87801,10,10,1.0,0.0,
87877,10,10,1.0,0.0,
87880,10,10,1.0,0.0,
88163,10,10,1.0,0.0,
88224,10,10,1.0,0.0,
88227,10,10,1.0,0.0,
88236,10,10,1.0,0.0,
88283,10,10,1.0,0.0,
88346,10,10,1.0,0.0,
88448,10,9,0.9,0.0,
88461,10,10,1.0,0.0,0.0
88544,10,10,1.0,0.0,
88553,10,10,1.0,0.0,
88587,10,10,1.0,0.0,
88606,10,10,1.0,0.0,0.0
88666,10,10,1.0,0.0,
88704,10,10,1.0,0.0,
88712,10,10,1.0,0.0,
88724,10,10,1.0,0.0,
88728,10,10,1.0,0.0,
88730,10,10,1.0,0.0,
88824,10,10,1.0,0.0,
88849,10,10,1.0,0.0,
88857,10,10,1.0,0.0,
88922,10,10,1.0,0.0,0.0
88991,10,10,1.0,0.0,
89181,10,10,1.0,0.0,
89244,10,10,1.0,0.0,0.0
89248,10,10,1.0,0.0,
89351,10,10,1.0,0.0,0.0
89384,10,10,1.0,0.0,0.0
89556,10,10,1.0,0.0,0.0
89571,10,10,1.0,0.0,
89632,10,10,1.0,0.0,0.0
89702,10,10,1.0,0.0,0.0
89740,10,10,1.0,0.0,
89823,10,10,1.0,0.0,0.0
89907,10,10,1.0,0.0,
90112,10,10,1.0,0.0,
90125,10,10,1.0,0.0,0.0
90336,10,10,1.0,0.0,
90436,10,10,1.0,0.0,
90483,10,10,1.0,0.0,
90522,10,10,1.0,0.0,
90533,10,10,1.0,0.0,
90605,10,10,1.0,0.0,0.0
90677,10,10,1.0,0.0,
90745,10,10,1.0,0.0,0.0
90781,10,10,1.0,0.0,0.0
90793,10,10,1.0,0.0,
90803,10,10,1.0,0.0,
90835,10,10,1.0,0.0,
90880,10,10,1.0,0.0,
90989,10,10,1.0,0.0,
91011,10,10,1.0,0.0,
91029,10,10,1.0,0.0,
91100,10,10,1.0,0.0,
91179,10,10,1.0,0.0,
91211,10,10,1.0,0.0,
91301,10,10,1.0,0.0,
91405,10,10,1.0,0.0,
91408,10,10,1.0,0.0,
91612,10,10,1.0,0.0,0.0
91676,10,10,1.0,0.0,
91691,10,9,0.9,0.0,
91798,10,10,1.0,0.0,
91941,10,10,1.0,0.0,0.0
92101,10,10,1.0,0.0,0.0
92272,10,10,1.0,0.0,
92328,10,10,1.0,0.0,
92350,10,10,1.0,0.0,0.0
92358,10,10,1.0,0.0,0.0
92585,10,10,1.0,0.0,
92608,10,10,1.0,0.0,
92758,10,10,1.0,0.0,
92826,10,10,1.0,0.0,0.0
92963,10,10,1.0,0.0,
93077,10,10,1.0,0.0,
93288,10,10,1.0,0.0,
93317,10,10,1.0,0.0,
93532,10,10,1.0,0.0,
93604,10,10,1.0,0.0,
93622,10,10,1.0,0.0,
93690,10,10,1.0,0.0,
93716,10,10,1.0,0.0,
93911,10,10,1.0,0.0,
94034,10,10,1.0,0.0,
94055,10,10,1.0,0.0,
94399,10,10,1.0,0.0,
94515,10,10,1.0,0.0,
94585,10,10,1.0,0.0,
94674,10,10,1.0,0.0,
94676,10,10,1.0,0.0,0.0
94692,10,10,1.0,0.0,
94767,10,10,1.0,0.0,0.0
94772,10,10,1.0,0.0,0.0
94833,10,10,1.0,0.0,
94909,10,10,1.0,0.0,
94965,10,10,1.0,0.0,0.0
95177,10,10,1.0,0.0,0.0
95215,10,10,1.0,0.0,
95260,10,10,1.0,0.0,
95316,10,9,0.9,0.0,
95368,10,10,1.0,0.0,
95379,10,10,1.0,0.0,
95483,10,10,1.0,0.0,
95635,10,10,1.0,0.0,
95793,10,10,1.0,0.0,
95892,10,10,1.0,0.0,
95949,10,10,1.0,0.0,
95970,10,10,1.0,0.0,
96039,10,10,1.0,0.0,
96052,10,10,1.0,0.0,
96119,10,10,1.0,0.0,
96122,10,10,1.0,0.0,
96251,10,10,1.0,0.0,
96513,10,10,1.0,0.0,
96542,10,10,1.0,0.0,
96575,10,10,1.0,0.0,
96614,10,10,1.0,0.0,
96728,10,10,1.0,0.0,0.0
96747,10,10,1.0,0.0,
96760,10,10,1.0,0.0,0.0
96878,10,10,1.0,0.0,
96928,10,10,1.0,0.0,0.0
96959,10,10,1.0,0.0,0.0
97021,10,10,1.0,0.0,
97079,10,10,1.0,0.0,0.0
97314,10,10,1.0,0.0,
97349,10,10,1.0,0.0,
97415,10,10,1.0,0.0,0.0
97626,10,10,1.0,0.0,
97741,10,10,1.0,0.0,
97824,10,10,1.0,0.0,
97825,10,10,1.0,0.0,
97894,10,10,1.0,0.0,
97969,10,10,1.0,0.0,
98014,10,10,1.0,0.0,
98019,10,10,1.0,0.0,
98061,10,10,1.0,0.0,
98090,10,10,1.0,0.0,
98134,10,10,1.0,0.0,
98200,10,10,1.0,0.0,
98346,10,10,1.0,0.0,
98501,10,10,1.0,0.0,
98579,10,10,1.0,0.0625,
98754,10,10,1.0,0.0,
99018,10,10,1.0,0.0,
99225,10,10,1.0,0.0,
99297,10,10,1.0,0.0,
99299,10,10,1.0,0.0,
99473,10,10,1.0,0.0,
99644,10,8,0.8,0.0,
99693,10,10,1.0,0.0,0.0
99709,10,10,1.0,0.0,0.0
99721,10,10,1.0,0.0,0.0
99754,10,10,1.0,0.0,
99768,10,10,1.0,0.0,
99845,10,10,1.0,0.0,
99876,10,10,1.0,0.0,
100128,10,10,1.0,0.0,0.0
100143,10,10,1.0,0.0,
100172,10,10,1.0,0.0,
100240,10,10,1.0,0.0,0.0
100262,10,10,1.0,0.0,0.0
100334,10,10,1.0,0.0,
100381,10,10,1.0,0.0,
100538,10,10,1.0,0.0,0.0
100606,10,10,1.0,0.0,
100778,10,10,1.0,0.0,
101252,10,10,1.0,0.0,0.0
101271,10,10,1.0,0.0,0.0
101312,10,10,1.0,0.0,0.0
101578,10,10,1.0,0.0,
101747,10,10,1.0,0.0,
101762,10,10,1.0,0.0,
101884,10,10,1.0,0.0,0.0
101906,10,10,1.0,0.0,
101934,10,10,1.0,0.0,
101957,10,10,1.0,0.0,
102113,10,10,1.0,0.0,
102150,10,10,1.0,0.0,
102171,10,10,1.0,0.0,
102189,10,10,1.0,0.0,
102216,10,10,1.0,0.0,0.0
102369,10,10,1.0,0.0,
102428,10,10,1.0,0.0,0.0
102514,10,10,1.0,0.0,
102533,10,10,1.0,0.0,
102817,10,10,1.0,0.0,0.0
102857,10,10,1.0,0.0,
102873,10,10,1.0,0.0,
102890,10,10,1.0,0.0,0.0
103086,10,10,1.0,0.0,
103095,10,10,1.0,0.0,
103164,10,10,1.0,0.0,
103200,10,10,1.0,0.0,
103202,10,10,1.0,0.0,
103343,10,10,1.0,0.0,
103400,10,10,1.0,0.0,
103527,10,10,1.0,0.0,0.0
103580,10,10,1.0,0.0,
103625,10,10,1.0,0.0,
103794,10,10,1.0,0.0,0.0
103803,10,10,1.0,0.0,0.0
104097,10,10,1.0,0.0,
104227,10,10,1.0,0.0,
104310,10,10,1.0,0.0,0.0
104318,10,10,1.0,0.0,
104401,10,10,1.0,0.0,
104430,10,10,1.0,0.0,
104502,10,10,1.0,0.0,0.0
104532,10,9,0.9,0.0,
104549,10,10,1.0,0.0,
104692,10,10,1.0,0.0,0.0
104775,10,10,1.0,0.0,
104869,10,10,1.0,0.0,
104904,10,10,1.0,0.0,0.0
104911,10,10,1.0,0.0,0.0
105015,10,10,1.0,0.0,
105076,10,10,1.0,0.0,
105078,10,10,1.0,0.0,
105150,10,10,1.0,0.0,
105160,10,10,1.0,0.0,
105250,10,10,1.0,0.0,
105402,10,10,1.0,0.0,0.0
105485,10,10,1.0,0.0,0.0
105524,10,10,1.0,0.0,0.0
105687,10,10,1.0,0.0,
105702,10,10,1.0,0.0,0.0
106034,10,10,1.0,0.0,
106145,10,10,1.0,0.0,
106202,10,10,1.0,0.0,0.0
106244,10,10,1.0,0.0,
106268,10,10,1.0,0.0,
106461,10,10,1.0,0.0,
106478,10,10,1.0,0.0,
106482,10,10,1.0,0.0,
106490,10,10,1.0,0.0,
106544,10,10,1.0,0.0,
106748,10,10,1.0,0.0,
106845,10,10,1.0,0.0,
106850,10,10,1.0,0.0,
106851,10,10,1.0,0.0,
106901,10,10,1.0,0.0,
106946,10,10,1.0,0.0,
107112,10,10,1.0,0.0,
107149,10,10,1.0,0.0,
107196,10,10,1.0,0.0,
107214,10,10,1.0,0.0,0.0
107425,10,10,1.0,0.0,
107504,10,10,1.0,0.0,
107632,10,10,1.0,0.0,
107647,10,10,1.0,0.0,
107672,10,10,1.0,0.0,
107764,10,10,1.0,0.0,
107862,10,10,1.0,0.0,
108098,10,10,1.0,0.0,0.0
108154,10,10,1.0,0.0,
108254,10,10,1.0,0.0,0.0
108359,10,10,1.0,0.0,0.0
108382,10,10,1.0,0.0,0.0
108412,10,10,1.0,0.0,
108499,10,10,1.0,0.0,
108529,10,10,1.0,0.0,
108544,10,10,1.0,0.0,0.0
108614,10,10,1.0,0.0,0.0
108735,10,10,1.0,0.0,
108746,10,10,1.0,0.0,
108785,10,9,0.9,0.0,
108844,10,10,1.0,0.0,
108961,10,10,1.0,0.0,
108999,10,10,1.0,0.0,
109044,10,10,1.0,0.0,
109111,10,10,1.0,0.0,
109163,10,10,1.0,0.0,0.0
109192,10,10,1.0,0.0,
109209,10,10,1.0,0.0,
109250,10,10,1.0,0.0,
109373,10,10,1.0,0.0,
109682,10,10,1.0,0.0,
109688,10,10,1.0,0.0,
109694,10,10,1.0,0.0,
109805,10,10,1.0,0.0,0.0
109854,10,10,1.0,0.0,0.0
109912,10,10,1.0,0.0,0.0
110015,10,10,1.0,0.0,
110033,10,10,1.0,0.0,
110107,10,10,1.0,0.0,
110158,10,10,1.0,0.0,
110189,10,10,1.0,0.0,0.0
110225,10,10,1.0,0.0,
110235,10,10,1.0,0.0,
110284,10,10,1.0,0.0,
110306,10,10,1.0,0.0,
110479,10,10,1.0,0.0,0.0
110577,10,10,1.0,0.0,0.0
110589,10,10,1.0,0.0,0.0
110660,10,10,1.0,0.0,0.0
110665,10,10,1.0,0.0,
110747,10,10,1.0,0.0,
110911,10,10,1.0,0.0,
110921,10,10,1.0,0.0,
110928,10,10,1.0,0.0,
110996,10,10,1.0,0.0,
111063,10,10,1.0,0.0,
111132,10,10,1.0,0.0,
111241,10,10,1.0,0.0,
111305,10,10,1.0,0.0,
111406,10,10,1.0,0.0,
111410,10,10,1.0,0.0,
111455,10,10,1.0,0.0,
111478,10,10,1.0,0.0,
111700,10,10,1.0,0.0,
111759,10,10,1.0,0.0,
111885,10,9,0.9,0.0,0.0
111919,10,10,1.0,0.0,
111977,10,10,1.0,0.0,
112118,10,10,1.0,0.0,
112133,10,10,1.0,0.0,
112173,10,10,1.0,0.0,
112351,10,10,1.0,0.06666666666666667,0.0
112425,10,10,1.0,0.0,0.0
112552,10,10,1.0,0.0,
112573,10,10,1.0,0.0,
112606,10,10,1.0,0.0,
112775,10,10,1.0,0.0,
112794,10,10,1.0,0.0,0.0
112903,10,10,1.0,0.0,
112964,10,10,1.0,0.0,0.0
113048,10,10,1.0,0.0,
113073,10,10,1.0,0.0,0.0
113093,10,10,1.0,0.0,
113183,10,10,1.0,0.0,0.0
113269,10,10,1.0,0.0,0.0
113376,10,10,1.0,0.0,
113452,10,10,1.0,0.0,0.0
113502,10,10,1.0,0.0,
113520,10,10,1.0,0.0,0.0
113524,10,10,1.0,0.0,
113572,10,10,1.0,0.0,
113573,10,10,1.0,0.0,0.0
113638,10,10,1.0,0.0,
113764,10,10,1.0,0.0,
113927,10,10,1.0,0.0,
114079,10,10,1.0,0.0,
114124,10,10,1.0,0.0,
114131,10,10,1.0,0.0,
114387,10,10,1.0,0.02857142857142857,0.0
114462,10,10,1.0,0.0,0.0
114540,10,10,1.0,0.0,
114562,10,10,1.0,0.0,
114578,10,10,1.0,0.0,
114675,10,10,1.0,0.0,
114677,10,10,1.0,0.0,
114711,10,10,1.0,0.0,
114728,10,10,1.0,0.0,
114828,10,10,1.0,0.0,
114846,10,10,1.0,0.0,
115004,10,10,1.0,0.0,
115035,10,10,1.0,0.0,
115078,10,10,1.0,0.0,0.0
115297,10,10,1.0,0.0,
115312,10,10,1.0,0.0,
115326,10,10,1.0,0.0,0.0
115334,10,10,1.0,0.0,
115411,10,10,1.0,0.0,
115585,10,10,1.0,0.0,0.0
115603,10,10,1.0,0.0,
115693,10,10,1.0,0.0,0.0
115750,10,10,1.0,0.0,
115859,10,10,1.0,0.0,
115966,10,10,1.0,0.0,
115996,10,10,1.0,0.0,0.0
116045,10,10,1.0,0.0,0.0
116173,10,10,1.0,0.0,
116269,10,10,1.0,0.0,
116331,10,10,1.0,0.0,
116424,10,10,1.0,0.0,
116454,10,10,1.0,0.0,
116589,10,10,1.0,0.0,
116754,10,10,1.0,0.0,0.0
117086,10,10,1.0,0.0,
117291,10,10,1.0,0.0,
117389,10,10,1.0,0.0,
117639,10,10,1.0,0.0,
117810,10,10,1.0,0.0,
117836,10,10,1.0,0.0,
117899,10,10,1.0,0.0,
118066,10,10,1.0,0.0,
118113,10,10,1.0,0.0,
118183,10,10,1.0,0.0,
118184,10,10,1.0,0.0,0.0
118191,10,10,1.0,0.0,
118241,10,10,1.0,0.0,
118336,10,10,1.0,0.0,
118362,10,10,1.0,0.0,
118406,10,10,1.0,0.1111111111111111,0.0
118418,10,10,1.0,0.0,
118470,10,10,1.0,0.0,
118574,10,10,1.0,0.0,
118608,10,10,1.0,0.0,
118672,10,10,1.0,0.0,0.0
118804,10,10,1.0,0.0,
118868,10,10,1.0,0.0,
119023,10,10,1.0,0.0,0.0
119149,10,10,1.0,0.0,
119159,10,10,1.0,0.0,
119219,10,10,1.0,0.0,
119460,10,10,1.0,0.0,0.0
119549,10,10,1.0,0.0,0.0
119807,10,10,1.0,0.0,
119857,10,10,1.0,0.0,
119944,10,10,1.0,0.0,0.0
119953,10,10,1.0,0.0,
120054,10,10,1.0,0.0,
120083,10,10,1.0,0.0,
120171,10,10,1.0,0.0,
120255,10,10,1.0,0.0,0.0
120386,10,10,1.0,0.0,
120468,10,10,1.0,0.0,
120701,10,10,1.0,0.0,
120821,10,10,1.0,0.0,
120836,10,10,1.0,0.0,0.0
120905,10,10,1.0,0.0,0.0
121020,10,10,1.0,0.0,
121054,10,10,1.0,0.0,
121133,10,9,0.9,0.0,0.0
121147,10,10,1.0,0.0,
121223,10,10,1.0,0.0,
121468,10,10,1.0,0.14285714285714285,0.0
121713,10,10,1.0,0.0,
121797,10,10,1.0,0.0,
121891,10,10,1.0,0.0,0.0
121940,10,10,1.0,0.0,
122009,10,10,1.0,0.0,
122071,10,10,1.0,0.0,0.0
122094,10,10,1.0,0.0,0.0
122174,10,10,1.0,0.0,0.0
122216,10,10,1.0,0.0,
122295,10,10,1.0,0.0,0.0
122455,10,10,1.0,0.0,
122459,10,10,1.0,0.25,
122509,10,10,1.0,0.0,
122541,10,10,1.0,0.0,
122662,10,10,1.0,0.0,0.0
122722,10,10,1.0,0.0,
122768,10,10,1.0,0.0,
122797,10,10,1.0,0.0,0.0
122835,10,10,1.0,0.0,
122915,10,10,1.0,0.0,0.0
122921,10,10,1.0,0.0,
122998,10,10,1.0,0.0,0.0
123004,10,10,1.0,0.0,0.0
123035,10,9,0.9,0.0,
123168,10,10,1.0,0.0,
123179,10,10,1.0,0.0,
123184,10,10,1.0,0.0,
123257,10,10,1.0,0.0,
123413,10,10,1.0,0.0,
123482,10,10,1.0,0.0,
123494,10,10,1.0,0.0,0.0
123529,10,10,1.0,0.0,
123634,10,10,1.0,0.0,
123647,10,10,1.0,0.0,0.0
123674,10,10,1.0,0.0,0.0
123802,10,10,1.0,0.0,0.0
123914,10,10,1.0,0.0,
123929,10,10,1.0,0.0,
124020,10,10,1.0,0.0,
124032,10,10,1.0,0.0,0.0
124199,10,10,1.0,0.0,
124201,10,10,1.0,0.0,
124255,10,10,1.0,0.0,0.0
124287,10,10,1.0,0.0,
124367,10,10,1.0,0.0,
124394,10,10,1.0,0.0,
124677,10,10,1.0,0.0,
124781,10,10,1.0,0.0,
124872,10,10,1.0,0.0,
124968,10,10,1.0,0.0,0.0
125001,10,10,1.0,0.0,
125028,10,10,1.0,0.0,
125049,10,10,1.0,0.0,
125064,10,10,1.0,0.0,
125159,10,10,1.0,0.0,
125274,10,10,1.0,0.0,
125307,10,10,1.0,0.0,
125360,10,10,1.0,0.0,
125403,10,10,1.0,0.0,0.0
125424,10,10,1.0,0.0,0.0
125459,10,10,1.0,0.0,
125526,10,10,1.0,0.0,0.0
125677,10,10,1.0,0.0,
125724,10,10,1.0,0.0,
125859,10,10,1.0,0.0,
125892,10,10,1.0,0.0,
125895,10,10,1.0,0.0,0.0
126075,10,10,1.0,0.0,0.0
126167,10,10,1.0,0.0,
126308,10,10,1.0,0.0,
126339,10,10,1.0,0.0,
126357,10,10,1.0,0.0,
126549,10,10,1.0,0.0,
126587,10,10,1.0,0.0,
126758,10,10,1.0,0.0,
126976,10,10,1.0,0.0,
126986,10,10,1.0,0.0,
127006,10,10,1.0,0.0,
127076,10,10,1.0,0.0,
127113,10,10,1.0,0.0,
127320,10,10,1.0,0.0,
127480,10,10,1.0,0.0,0.0
127508,10,10,1.0,0.0,
127514,10,10,1.0,0.0,
127557,10,10,1.0,0.0,
127831,10,10,1.0,0.0,
127848,10,10,1.0,0.0,
127942,10,10,1.0,0.0,0.0
127959,10,10,1.0,0.0,0.0
127991,10,10,1.0,0.0,
128231,10,9,0.9,0.0,
128416,10,10,1.0,0.0,0.0
128467,10,10,1.0,0.0,
128597,10,10,1.0,0.0,
128636,10,10,1.0,0.0,
128750,10,10,1.0,0.0,
128867,10,10,1.0,0.0,
128954,10,10,1.0,0.0,
129037,10,10,1.0,0.0,
129136,10,10,1.0,0.0,
129240,10,10,1.0,0.0,
129253,10,10,1.0,0.0,
129297,10,10,1.0,0.0,
129388,10,10,1.0,0.0,
129446,10,10,1.0,0.0,
129465,10,10,1.0,0.0,0.0
129589,10,10,1.0,0.0,
129827,10,10,1.0,0.0,
129933,10,10,1.0,0.0,
129941,10,10,1.0,0.0,
130023,10,10,1.0,0.0,0.0
130166,10,10,1.0,0.0,
130215,10,10,1.0,0.0,
130237,10,10,1.0,0.0,0.0
130253,10,10,1.0,0.0,
130307,10,10,1.0,0.0,0.0
130444,10,10,1.0,0.0,0.0
130709,10,10,1.0,0.0,0.0
130819,10,10,1.0,0.0,
130838,10,10,1.0,0.0,0.0
130841,10,10,1.0,0.0,
130855,10,10,1.0,0.0,
131108,10,10,1.0,0.0,
131163,10,10,1.0,0.0,
131274,10,10,1.0,0.0,
131348,10,10,1.0,0.0,
131445,10,10,1.0,0.0,
131447,10,10,1.0,0.0,
131558,10,10,1.0,0.0,0.0
131695,10,10,1.0,0.0,
131774,10,10,1.0,0.0,0.0
131832,10,10,1.0,0.0,
132102,10,10,1.0,0.0,0.0
132135,10,10,1.0,0.0,0.0
132154,10,10,1.0,0.0,
132208,10,10,1.0,0.0,
132215,10,10,1.0,0.0,
132277,10,10,1.0,0.0,
132351,10,10,1.0,0.0,
132406,10,10,1.0,0.0,
132510,10,10,1.0,0.0,
132514,10,10,1.0,0.0,
132522,10,10,1.0,0.0,0.0
132557,10,10,1.0,0.0,
132608,10,10,1.0,0.0,0.0
132612,10,10,1.0,0.0,
132681,10,10,1.0,0.0,
132770,10,10,1.0,0.0,0.0
132801,10,10,1.0,0.0,
132992,10,10,1.0,0.0,
133212,10,10,1.0,0.0,
133215,10,10,1.0,0.0,0.0
133272,10,10,1.0,0.0,
133320,10,10,1.0,0.0,0.0
133677,10,10,1.0,0.0,
133789,10,10,1.0,0.0,0.0
133909,10,10,1.0,0.0,
134070,10,10,1.0,0.0,
134161,10,10,1.0,0.0,
134250,10,10,1.0,0.0,
134464,10,10,1.0,0.0,
134605,10,10,1.0,0.0,
134818,10,10,1.0,0.0,
134821,10,10,1.0,0.0,
134853,10,10,1.0,0.0,
134965,10,10,1.0,0.0,
135028,10,10,1.0,0.0,0.0
135077,10,10,1.0,0.0,
135112,10,10,1.0,0.041666666666666664,
135124,10,10,1.0,0.0,
135348,10,10,1.0,0.0,
135400,10,10,1.0,0.0,
135406,10,10,1.0,0.0,0.0
135486,10,10,1.0,0.0,0.0
135522,10,10,1.0,0.0,0.0
135659,10,10,1.0,0.0,
135806,10,10,1.0,0.0,
136139,10,10,1.0,0.0,0.0
136252,10,10,1.0,0.0,
136260,10,10,1.0,0.0,
136364,10,10,1.0,0.0,0.0
136430,10,10,1.0,0.0,
136445,10,10,1.0,0.0,
136471,10,10,1.0,0.0,0.0
136628,10,10,1.0,0.0,
136669,10,10,1.0,0.0,
136706,10,10,1.0,0.0,0.0
136789,10,10,1.0,0.0,
136823,10,10,1.0,0.0,
136838,10,10,1.0,0.0,
136968,10,10,1.0,0.0,0.0
136973,10,9,0.9,0.0,
136976,10,10,1.0,0.0,0.0
137033,10,10,1.0,0.0,
137117,10,10,1.0,0.0,
137136,10,10,1.0,0.0,
137172,10,10,1.0,0.0,
137314,10,10,1.0,0.0,
137351,10,10,1.0,0.0,
137361,10,10,1.0,0.0,
137592,10,10,1.0,0.0,0.0
137736,10,10,1.0,0.0,
137884,10,10,1.0,0.0,
137982,10,10,1.0,0.0,
138080,10,10,1.0,0.0,
138230,10,10,1.0,0.0,
138271,10,10,1.0,0.0,
138467,10,10,1.0,0.0,0.0
138598,10,10,1.0,0.0,0.0
138818,10,10,1.0,0.0,
138862,10,10,1.0,0.0,
138931,10,10,1.0,0.0,
138986,10,10,1.0,0.0,
139221,10,10,1.0,0.0,
139309,10,10,1.0,0.0,
139312,10,10,1.0,0.0,
139363,10,10,1.0,0.0,
139417,10,10,1.0,0.0,0.0
139569,10,10,1.0,0.0,
139596,10,10,1.0,0.0,
139679,10,10,1.0,0.0,0.0
139783,10,10,1.0,0.0,
139847,10,10,1.0,0.0,
139915,10,10,1.0,0.0,
139923,10,10,1.0,0.0,
140019,10,10,1.0,0.0,0.0
140080,10,10,1.0,0.0,0.0
140113,10,10,1.0,0.0,
140175,10,10,1.0,0.0,
140194,10,10,1.0,0.0,0.0
140356,10,10,1.0,0.0,
140497,10,10,1.0,0.0,
140520,10,10,1.0,0.0,
140597,10,10,1.0,0.0,0.0
140604,10,10,1.0,0.0,
140719,10,10,1.0,0.0,0.0
140880,10,10,1.0,0.0,
141012,10,10,1.0,0.0,0.0
141130,10,10,1.0,0.0,0.0
141174,10,10,1.0,0.0,0.0
141178,10,10,1.0,0.0,
141262,10,10,1.0,0.0,0.0
141266,10,10,1.0,0.0,
141310,10,10,1.0,0.0,0.0
141323,10,10,1.0,0.0,
141352,10,10,1.0,0.0,0.0
141365,10,10,1.0,0.0,
141415,10,10,1.0,0.0,0.0
141456,10,10,1.0,0.0,
141479,10,10,1.0,0.0,
141508,10,10,1.0,0.0,
141512,10,10,1.0,0.0,
141514,10,10,1.0,0.0,
141527,10,10,1.0,0.0,0.0
141866,10,10,1.0,0.0,
141895,10,9,0.9,0.0,0.0
141902,10,10,1.0,0.0,
141949,10,10,1.0,0.0,
141988,10,10,1.0,0.0,
141994,10,10,1.0,0.0,0.0
142037,10,10,1.0,0.0,
142058,10,10,1.0,0.0,0.0
142086,10,10,1.0,0.0,
142291,10,10,1.0,0.0,
142350,10,10,1.0,0.0,
142612,10,10,1.0,0.0,
142743,10,10,1.0,0.0,
142759,10,10,1.0,0.0,
142800,10,10,1.0,0.0,0.0
142816,10,10,1.0,0.0,0.0
142937,10,10,1.0,0.0,
142957,10,10,1.0,0.0,0.0
143010,10,10,1.0,0.0,
143024,10,10,1.0,0.0,
143089,10,10,1.0,0.0,
143227,10,10,1.0,0.0,
143263,10,10,1.0,0.0,0.0
143270,10,10,1.0,0.0,
143294,10,10,1.0,0.0,0.0
143320,10,10,1.0,0.0,
143558,10,10,1.0,0.0,
143613,10,10,1.0,0.0,
143652,10,10,1.0,0.0,
143851,10,10,1.0,0.0,
143928,10,10,1.0,0.0,
143944,10,10,1.0,0.0,
144034,10,10,1.0,0.0,
144176,10,10,1.0,0.0,0.0
144194,10,10,1.0,0.0,
144285,10,10,1.0,0.0,0.0
144378,10,10,1.0,0.0,
144389,10,10,1.0,0.0,0.0
144444,10,10,1.0,0.0,
144526,10,10,1.0,0.0,
144565,10,10,1.0,0.0,
144616,10,10,1.0,0.0,
144645,10,10,1.0,0.0,
144652,10,10,1.0,0.0,0.0
144737,10,10,1.0,0.0,
144777,10,10,1.0,0.0,
144900,10,10,1.0,0.0,0.0
145019,10,10,1.0,0.0,
145194,10,10,1.0,0.0,
145219,10,10,1.0,0.0,
145293,10,10,1.0,0.0,
145309,10,10,1.0,0.0,
145409,10,10,1.0,0.0,0.0
145416,10,10,1.0,0.0,
145418,10,10,1.0,0.0,
145527,10,10,1.0,0.0,
145722,10,10,1.0,0.0,0.0
145748,10,10,1.0,0.0,
146057,10,10,1.0,0.0,0.0
146108,10,10,1.0,0.0,
146202,10,10,1.0,0.0,0.0
146387,10,10,1.0,0.0,
146413,10,10,1.0,0.0,
146425,10,10,1.0,0.0,
146485,10,10,1.0,0.0,
146511,10,10,1.0,0.0,
146593,10,10,1.0,0.0,
146665,10,10,1.0,0.0,0.0
147351,10,10,1.0,0.0,
147450,10,10,1.0,0.0,
147452,10,10,1.0,0.0,
147621,10,10,1.0,0.0,
147623,10,10,1.0,0.0,0.0
147632,10,10,1.0,0.0,0.0
147717,10,10,1.0,0.0,0.0
147733,10,10,1.0,0.0,
147803,10,10,1.0,0.0,0.0
147992,10,10,1.0,0.0,0.0
147997,10,10,1.0,0.0,
148086,10,10,1.0,0.0,0.0
148214,10,10,1.0,0.0,
148273,10,10,1.0,0.0,0.0
148296,10,10,1.0,0.0,0.0
148372,10,10,1.0,0.0,
148375,10,10,1.0,0.14285714285714285,0.0
148465,10,10,1.0,0.0,
148503,10,10,1.0,0.0,
148622,10,10,1.0,0.0,
148700,10,10,1.0,0.0,
148714,10,10,1.0,0.0,
148957,10,10,1.0,0.0,
148969,10,10,1.0,0.0,
149154,10,10,1.0,0.0,
149176,10,10,1.0,0.0,
149214,10,10,1.0,0.0,
149228,10,10,1.0,0.034482758620689655,0.0
149375,10,10,1.0,0.0,
149415,10,10,1.0,0.0,
149541,10,10,1.0,0.0,
149571,10,10,1.0,0.0,
149907,10,10,1.0,0.0,
149940,10,10,1.0,0.0,0.0
149955,10,10,1.0,0.0,
149987,10,10,1.0,0.0,0.0
150038,10,10,1.0,0.0,
150045,10,10,1.0,0.0,
150138,10,10,1.0,0.0,
150217,10,10,1.0,0.0,
150339,10,10,1.0,0.0,
150481,10,10,1.0,0.0,
150708,10,10,1.0,0.0,
150868,10,10,1.0,0.0,
150876,10,10,1.0,0.0,0.0
151016,10,10,1.0,0.037037037037037035,
151045,10,10,1.0,0.0,
151057,10,10,1.0,0.0,
151248,10,10,1.0,0.0,
151277,10,10,1.0,0.0,
151317,10,10,1.0,0.0,
151429,10,10,1.0,0.0,0.0
151504,10,10,1.0,0.0,
151524,10,10,1.0,0.0,
151655,10,10,1.0,0.0,
151759,10,10,1.0,0.0,0.0
151855,10,10,1.0,0.0,
152007,10,10,1.0,0.0,
152037,10,10,1.0,0.0,0.0
152065,10,10,1.0,0.0,
152167,10,10,1.0,0.0,
152190,10,10,1.0,0.0,
152384,10,10,1.0,0.0,
152586,10,10,1.0,0.0,
152591,10,10,1.0,0.0,
152609,10,10,1.0,0.0,
152619,10,10,1.0,0.0,0.0
152756,10,10,1.0,0.0,
152911,10,10,1.0,0.0,
153061,10,10,1.0,0.0,0.0
153213,10,10,1.0,0.0,
153244,10,10,1.0,0.0,
153284,10,10,1.0,0.0,
153310,10,10,1.0,0.0,
153378,10,10,1.0,0.0,
153466,10,10,1.0,0.0,
153525,10,10,1.0,0.0,
153537,10,10,1.0,0.0,
153664,10,10,1.0,0.0,
153704,10,9,0.9,0.0,
153859,10,10,1.0,0.0,
154232,10,10,1.0,0.0,
154252,10,10,1.0,0.0,
154281,10,10,1.0,0.0,
154445,10,10,1.0,0.0,
154448,10,10,1.0,0.0,
154460,10,10,1.0,0.0,
154578,10,10,1.0,0.0,
154641,10,10,1.0,0.0,
154661,10,10,1.0,0.0,0.0
154810,10,10,1.0,0.0,0.0
154848,10,10,1.0,0.0,
154857,10,10,1.0,0.0,0.0
154888,10,10,1.0,0.0,
154932,10,10,1.0,0.0,
155080,10,10,1.0,0.0,
155096,10,10,1.0,0.0,
155248,10,10,1.0,0.0,
155272,10,10,1.0,0.0,0.0
155280,10,10,1.0,0.0,
155394,10,10,1.0,0.0,
155410,10,10,1.0,0.0,
155440,10,10,1.0,0.0,
155540,10,10,1.0,0.0,
155555,10,10,1.0,0.0,
155574,10,10,1.0,0.0,
155660,10,10,1.0,0.0,
155686,10,10,1.0,0.0,
155733,10,10,1.0,0.0,
155869,10,10,1.0,0.0,
155888,10,10,1.0,0.0,
155904,10,10,1.0,0.0,
155945,10,10,1.0,0.0,
155986,10,10,1.0,0.0,0.0
156056,10,10,1.0,0.0,
156140,10,10,1.0,0.0,
156176,10,10,1.0,0.0,
156191,10,10,1.0,0.0,
156238,10,10,1.0,0.0,
156288,10,10,1.0,0.0,
156360,10,10,1.0,0.0,0.0
156374,10,10,1.0,0.0,
156613,10,10,1.0,0.0,
156624,10,10,1.0,0.0,
156678,10,10,1.0,0.0,
156727,10,10,1.0,0.0,
157224,10,10,1.0,0.0,
157235,10,10,1.0,0.0,0.0
157239,10,10,1.0,0.0,
157342,10,10,1.0,0.0,
157374,10,10,1.0,0.0,
157660,10,10,1.0,0.0,
157705,10,10,1.0,0.0,0.0
157824,10,10,1.0,0.0,0.0
157825,10,9,0.9,0.0,
158010,10,10,1.0,0.0,
158032,10,10,1.0,0.0,
158125,10,10,1.0,0.0,
158183,10,10,1.0,0.0,
158320,10,10,1.0,0.0,
158421,10,10,1.0,0.0,0.0
158477,10,10,1.0,0.0,0.0
158494,10,10,1.0,0.0,0.0
158572,10,10,1.0,0.0,
158594,10,10,1.0,0.0,
158597,10,10,1.0,0.0,
158769,10,10,1.0,0.0,
158837,10,10,1.0,0.0,0.0
158897,10,10,1.0,0.0,0.0
158914,10,10,1.0,0.0,0.0
159047,10,10,1.0,0.0,
159131,10,10,1.0,0.0,
159175,10,10,1.0,0.0,0.0
159183,10,10,1.0,0.0,0.0
159211,10,10,1.0,0.0,
159336,10,10,1.0,0.0,
159371,10,10,1.0,0.0,
159407,10,10,1.0,0.0,
159529,10,10,1.0,0.0,0.0
159531,10,10,1.0,0.0,
159589,10,10,1.0,0.0,0.0
159658,10,10,1.0,0.0,0.0
159714,10,10,1.0,0.0,
159870,10,10,1.0,0.0,
159876,10,10,1.0,0.0,
159957,10,10,1.0,0.0,
159992,10,10,1.0,0.0,
160063,10,10,1.0,0.0,
160385,10,10,1.0,0.0,
160452,10,10,1.0,0.0,
160650,10,10,1.0,0.0,
160664,10,10,1.0,0.0,0.0
160670,10,10,1.0,0.0,
160718,10,9,0.9,0.0,0.0
160960,10,10,1.0,0.0,
160982,10,10,1.0,0.0,
161030,10,10,1.0,0.0,
161073,10,10,1.0,0.0,
161116,10,10,1.0,0.0,
161123,10,10,1.0,0.0,
161129,10,10,1.0,0.0,
161149,10,10,1.0,0.0,
161183,10,10,1.0,0.0,
161558,10,10,1.0,0.0,
161609,10,10,1.0,0.0,
161610,10,10,1.0,0.0,
161622,10,10,1.0,0.0,
161657,10,10,1.0,0.0,
161669,10,10,1.0,0.0,
161835,10,10,1.0,0.0,0.0
161851,10,10,1.0,0.0,
161855,10,10,1.0,0.0,
162164,10,10,1.0,0.0,
162229,10,10,1.0,0.0,
162272,10,10,1.0,0.0,0.0
162310,10,10,1.0,0.0,
162356,10,10,1.0,0.0,
162423,10,7,0.7,0.0,
