user_id,n_recs,n_shared_author,shortcut_fraction,holdout_recall@10,holdout_long_tail_recall@10
AE24IPP565CF2NWNDCSTYYGAWY5A,10,1,0.1,0.0,
AE25PKP4DELQUP4EKOFRMTXG26GQ,10,4,0.4,0.0,0.0
AE2BR5KVBCYRPJOE5QIJA522WD6A,10,2,0.2,0.0,0.0
AE2EQIWFETMRHUOAQQ75IT7OYCWA,10,1,0.1,0.0,0.0
AE2FQMIPSPB4P4ICPAPY6CWKLVRA,10,10,1.0,0.0,
AE2IOEBB2ZWAJRCPU3UNMFYKFJAA,10,1,0.1,0.0,
AE2L54LBHP2INCTEHGS7IEAFQJIA,10,0,0.0,0.0,0.0
AE2LYVGEMVGJLY4AKRKBUGATC7RA,10,9,0.9,0.0,0.0
AE2N7SLQNNU3DMKWCSYQ3EX7YKSQ,10,2,0.2,0.1111111111111111,0.0
AE2PT4VR4PSPFP7GEKIAWXU5WIBQ,10,0,0.0,0.0,0.0
AE2RM4MMMEI72LAIUE65SE6O3HYA,10,1,0.1,0.0,0.0
AE34UEHMNFJNTDSCOKGUGGZN37LQ,10,6,0.6,0.0,0.0
AE36QRRPB4KJXCCDF2O6RO3RHGEA,10,10,1.0,0.0,
AE3B52RNBKYNGB4W7OUKA2ZUKETA,10,0,0.0,0.0,0.0
AE3CLQPNFWSWGO2DB43T34O3UUVA,10,10,1.0,0.0,
AE3F4FYL3INJ4TR7BTEVSJNZF7VQ,10,2,0.2,0.0,0.0
AE3JIZUY5NFAZXIUPKYAIC43SICQ,10,2,0.2,0.0,
AE3NFC36AT3HIDJ5WJD3MFIJY33A,10,9,0.9,0.0,
AE3NMEDUNWZRXX34BS4OARMGPIZQ,10,0,0.0,0.0,0.0
AE3O33QDAJUUUIHLL3BDEE4CT5WQ,10,0,0.0,0.0,0.0
AE3QBHORIX77P4VSY56UGRH7JHKA,10,0,0.0,0.0,0.0
AE3ZDAWJ75N5SZ4DPS54A6UNGVDQ,10,0,0.0,0.0,0.0
AE3ZV7ITHUXP3C3BASBBIQ7W32OQ,10,5,0.5,0.0,0.0
AE42ZHZLHE3K7IGBNPUQ2XGDQNIA,10,0,0.0,0.0,0.0
AE46IRBXL6OUQ4DYU2FTJOA4UBTQ,10,4,0.4,0.2,
AE4INHLQ3RJDSFLZKJ7435HZNZ3A,10,1,0.1,0.0,0.0
AE4OENC32WCDOINT3W6IDUVQNX4A,10,3,0.3,0.0,0.0
AE4QJLCBQH74DTKX3MN6JPSN22YQ,10,0,0.0,0.0,0.0
AE4WNZBCEVA3EXBG2H33AQ2FG7PQ,10,2,0.2,0.0,0.0
AE4Y3YEZRRMFC44WE74BCZQN5LRA,10,8,0.8,0.0,0.0
AE4ZF44EU4MZ3EFEBIKC6IVMBSMQ,10,8,0.8,0.0,
AE55IIDFUIUGHAHTLOPEQDSW3IHA,10,3,0.3,0.0,
AE56DXBMRDCY5MHCAL24LQJR7AMA,10,9,0.9,0.0,0.0
AE5BZ3XGNCMDPF2Y7V4VJ5XIE2OQ,10,4,0.4,0.0,
AE5EMRUM6ZAJLDVAXHHON3LR46MQ,10,0,0.0,0.0,0.0
AE5HL767XRMBS7GT7S634WKBNQDQ,10,2,0.2,0.0,0.0
AE5IUVLTAKMTYF7KFQOJBVDTWNEA,10,0,0.0,0.0,0.0
AE5O6ZHTQIPFEEGJ22RTNRAG6MVQ,10,2,0.2,0.0,0.0
AE5TY5TARFLHSSR4NQDUBPKZMQTQ,10,1,0.1,0.0,
AE5XEQMYG5PBY3OMG3NN4NJDSUPA,10,0,0.0,0.0,
AE5ZAEAGS7LVO5WE5HHJ7GKUQRBA,10,1,0.1,0.0,0.0
AE637SWDEZDSUOIQAR5MUU5CHOCA,10,3,0.3,0.0,0.0
AE63UQTYF2B7FBOT7GPWW7ZCSDCQ,10,0,0.0,0.0,
AE6462BTZG254SNA4VCUXPAQEAPA,10,1,0.1,0.0,0.0
AE6BA7CQPSS7F6UMPTJ5EBBMFN4Q,10,3,0.3,0.0,
AE6BF5P4HYA3SMJFGKSEYDWTSGFQ,10,7,0.7,0.0,0.0
AE6DG6QAAH2XSB7HUDD76XMNBWYQ,10,7,0.7,0.0,0.0
AE6E2BZSOCL273XIXORZY3NQUOWQ,10,1,0.1,0.0,0.0
AE6FNRDQABKOSIPU6LQCHJWO6GJQ,10,3,0.3,0.0,0.0
AE6I32MGP77YFNCYJGPL7H6H6P4A,10,2,0.2,0.0,
AE6MB4X6USKHKVJFVUH5TLEQHZYQ,10,0,0.0,0.0,0.0
AE6WSSXICM6NUXIT6VYPIITKGXPQ,10,2,0.2,0.07142857142857142,0.25
AE73S23OSGRJGKA65PW2TZISNTPQ,10,4,0.4,0.0,
AE76KLBIAF2DHSGCNBLOAL7ILN7A,10,6,0.6,0.0,
AE77XZ3PG7XMKTKPHHEZFEEET7QQ,10,0,0.0,0.0,0.0
AE7A2S24H674TMZF2ZCPNV4PKSMA,10,0,0.0,0.0,0.0
AE7DOD72UCUJ4YCYXQMDSDFIDH2Q,10,0,0.0,0.0,0.0
AE7EEXVSBZJR6H5V4G2APKJAGDRA,10,2,0.2,0.0,
AE7F4Q4FI6FN2FXC6TJW5FS2B4KQ,10,1,0.1,0.0,0.0
AE7FC5YJJSQ5QAXL5J4GBFQ52AVA,10,9,0.9,0.0,0.0
AE7HKWEYQGSL6J2NS25S2XXH3SBA,10,5,0.5,0.0,
AE7HUGGKDH6LGNVOMFMY6NTG4YBQ,10,1,0.1,0.0,0.0
AE7JHYVQBFVNCPTLV3POFLHOMULQ,10,1,0.1,0.0,
AE7KJLDBHYCA6Z4CVAIRTMAIOUNQ,10,2,0.2,0.0,0.0
AE7MEWDMTDZDHDVJKWGKB3MCAIPA,10,0,0.0,0.0,0.0
AE7NJBCDLDS3GMXV3LN55U23OIZQ,10,2,0.2,0.0,0.0
AE7R3JK73JEXTUC3J36FE5X5FJAQ,10,0,0.0,0.0,0.0
AE7UWKMZA6DOZTHJVXEI3ZQV7TSQ,10,0,0.0,0.0,
AE7WC5BVTWMWDWU6YO66JSWIDQEQ,10,4,0.4,0.0,
AE7YNU75R4Q5EDFGD5GHFHN5U6LQ,10,0,0.0,0.0,
AEA27IIUHGPUCMUMGFACNRNDKF3A,10,0,0.0,0.0,0.0
AEA2RTKQFCBIFICU4LW537E3SF6A,10,4,0.4,0.0,
AEA37BHOBFANFBUOKXHGKHRE4C2A,10,2,0.2,0.0,0.0
AEAB7UDZQBD4BNE3MS7MVXD3LYZA,10,1,0.1,0.0,0.0
AEAEEWYVZ2PYHOG3JLVGJ2BIYQYQ,10,3,0.3,0.0,
AEAGCIMGDOZO4UE4KHV2Y4KGGIKA,10,0,0.0,0.0,0.0
AEAIBHGHPGEMIOSJUHXM23QRYOAA,10,1,0.1,0.0,0.0
AEAIYWJDA77GH4GUZBBBU3IPMFRQ,10,1,0.1,0.0,
AEAJ4XROS3EJ7JB4ZMKP35YIWU3A,10,0,0.0,0.0,0.0
AEAKSVYQPLKKNTW4RNE6E6UHD2CA,10,5,0.5,0.14285714285714285,
AEAN4MNOJVFSMD2ZFMKYQ4X4N2HA,10,4,0.4,0.0,
AEAPBPDVH2ITSUQTUV3AZN5V3RXA,10,0,0.0,0.0,0.0
AEAR2TC7VZCNLUVXVJGLO6UFOO4A,10,1,0.1,0.0,
AEASMGHEEOS3VTNAH5XF72VV6NMQ,10,0,0.0,0.0,0.0
AEATHWSJO64CIZJWAFS74KTUWE5Q,10,5,0.5,0.25,1.0
AEAXIHND3PQZVYWBSKHEZVELNC6Q,10,2,0.2,0.0,0.0
AEBAQTUQLJAJPIY4XSKAHQ6ZQRZQ,10,0,0.0,0.0,
AEBHKFOA5GOEFOBILCDGSINIJH6Q,10,0,0.0,0.0,0.0
AEBILCVEHOQQIUYFGCZHXNYSJPQQ,10,1,0.1,0.0,0.0
AEBMHNX4DJIPJWDDLX2OGECFVSXA,10,1,0.1,0.0,0.0
AEBN3ZEJBUAQOQSYUFDCNQPSYXIA,10,1,0.1,0.0,0.0
AEBPL62TPS6L4GC6AJWKOID6FP5Q,10,1,0.1,0.0,0.0
AEBPRIVHDA6BJYQDKE2UTL5Y2TXQ,10,6,0.6,0.0,0.0
AEBQYIJ2ZKM3Q7CCYDWWTQSZAFOA,10,0,0.0,0.0,0.0
AEBTZ533CGSDBLRIUDYVI2Y2MDJA,10,5,0.5,0.0,0.0
AEBV2DAMJ36JSEFIY4OM5QXQMX2A,10,0,0.0,0.0,0.0
AEBYQHEW6TRETTBLICHHQIUJUCPQ,10,0,0.0,0.0,0.0
AEBZ3XWQCG23UY7HLZDXXYE7JCAQ,10,7,0.7,0.0,0.0
AEC3JL3L5COQT3736SYI7LMMQS4Q,10,9,0.9,0.0,
AEC6N2FWZBI4BI24H7ZXGPHULNRQ,10,1,0.1,0.0,
AECAZYV46EMIQD63JR6NNO6IYZFA,10,0,0.0,0.0,
AECCVFESJPHVAS4RVRKEA4EEXXXQ,10,0,0.0,0.0,0.0
AECDCYZOTXQR7II22FBWUQOXX3HQ,10,0,0.0,0.0,0.0
AECDNCG2FWKR75NVGAJBHGHSTWLA,10,2,0.2,0.0,
AECFRCKXOWJ4PB5Z2VGG345TM65Q,10,0,0.0,0.0,
AECFSTETVURAXDHXR4T3745IQNPA,10,1,0.1,0.0,
AECKRIBEGVXZJZY43V3HG7ZQNQUQ,10,0,0.0,0.0,0.0
AECL7JB5WQ5HTVCYDYW3XE2JBPHQ,10,1,0.1,0.0,
AECM64WE6UTVEZ6JPBFJ3HZRS2CQ,10,0,0.0,0.0,
AECPVEJ4XSSVLYRJMZRULTHZHTGQ,10,7,0.7,0.0,
AECQIXEHDH7NBXK6A2FRF2QZHDPQ,10,2,0.2,0.0,0.0
AECT4QHKYMP3TTJ35M73OO5ZYRCA,10,8,0.8,0.0,
AECTF3HARL3U5KUKZYKIQ7Q7ZMSA,10,4,0.4,0.0,
AECZYIRDYWLSY4LRB6WFWDW3NF5A,10,2,0.2,0.0,0.0
AED2GOLVKYNCMEMV6DGHZKMYTUKQ,10,1,0.1,0.0,
AED2YPA2SNGJGNVYELKNR3YUWUJQ,10,0,0.0,0.0,0.0
AED3PQGKE2MP7OA6YA7ITROMHQEQ,10,1,0.1,0.0,0.0
AED3TIUTVGBYQIVHFQ7BL5XXMEEQ,10,0,0.0,0.0,
AED4NEC25KAVQYWMAVUPF5ZJGTAQ,10,5,0.5,0.0,
AED67S5C67COQ6E3IWLCN5NO7VLA,10,0,0.0,0.0,
AED7ZMGX2J2O5YXONLDQCSFFUS4A,10,4,0.4,0.0,0.0
AEDAFCOGJU5QB55TRPIB3PKP2YPQ,10,9,0.9,0.0,0.0
AEDGWSW5ZO7QCGU5UD47IQ5BJ6MQ,10,1,0.1,0.0,
AEDHKOIH6WAOPG7NPJHXCIGHKSBQ,10,0,0.0,0.0,0.0
AEDI34V7XXO7LG7B2PG2XRJQ5EHQ,10,1,0.1,0.0,
AEDIKSFRX5JXTPBFH4WEVHDENUUQ,10,2,0.2,0.0,0.0
AEDKUI35LSPOZADCPBARMRQMPSGQ,10,3,0.3,0.0,0.0
AEDM7KNLPWPILDHY2PIF2FNDQSMA,10,5,0.5,0.0,0.0
AEDNHNJFJOE7GJ3ZNYVIZNTAOK2Q,10,0,0.0,0.0,0.0
AEDTPSV5TKV6TFHVUN5KKB4SJAFQ,10,3,0.3,0.14285714285714285,0.0
AEDYOS5VDOGIV6EQEO6KVJUS4V5Q,10,0,0.0,0.25,
AEDZBNHNKSIXOHEUKYYPMIOYLB6Q,10,6,0.6,0.0,
AEECHRG42M53EIZTJ7HVXZQI4U4Q,10,0,0.0,0.0,0.0
AEEGVVKWQ3UBYZBBJGKI76LKJAFQ,10,1,0.1,0.0,0.0
AEEJEKEDIYEAJRUREDLANBFCGUVQ,10,0,0.0,0.0,0.0
AEEJPOPGZKVV7ATPNSU346IXCFKQ,10,0,0.0,0.0,0.0
AEEJXJFDOZHMRHI7CNSTEX77XXWA,10,5,0.5,0.0,0.0
AEEMAQWZ7FWRTRG6L5BEGVZ24MNQ,10,2,0.2,0.0,0.0
AEEMFZXUUFIQCI5A2MZYX5YQE6GA,10,10,1.0,0.0,0.0
AEENUFZZ7VZ3QRDEXMFL34COQIAA,10,2,0.2,0.0,
AEERK55JHJK5CO6ECZEHRJVVMP3Q,10,2,0.2,0.0,0.0
AEERZ6EBGS2TMZ5HUTJJPLOCTLUA,10,5,0.5,0.0,
AEESVU5UOECM5KSS3YAWLTABB7SA,10,6,0.6,0.0,0.0
AEEWEZZ5OFTB6CSO6CHOAA56HWMQ,10,3,0.3,0.0,0.0
AEEWYZKH4OGRHNPVL2UIMYF6Q7BA,10,0,0.0,0.0,
AEEYGYMKWB4NMP7XEOKRRJB6ZXOA,10,1,0.1,0.0,0.0
AEEYQNUYWOE4DA5SZ32PUA6I5VRA,10,2,0.2,0.0,0.0
AEF23RYE2HBCPG447X2JD6J7G52A,10,3,0.3,0.0,0.0
AEF5U6HJFT7LRRHXDBXQEQKQ4R6Q,10,0,0.0,0.0,0.0
AEFA7QXOFRL2NABVRTPMSM5SXLDA,10,0,0.0,0.0,0.0
AEFEJHBNSMLDSE6VAENHF3JTEUJA,10,0,0.0,0.0,0.0
AEFEQBCTSOCM2EZ2EGWMH5RJGCEA,10,0,0.0,0.0,0.0
AEFH67R3UHKTHNT5VSRKRLM3CMNQ,10,3,0.3,0.0,0.0
AEFIPFXGCLEEUYG2RK4ZLBC2ETKQ,10,0,0.0,0.0,0.0
AEFNK3NSCPOCOIONNSPQ5XTQI4SA,10,5,0.5,0.0,
AEFQLMDRHWAJBF5ZGU24UFIM2PXQ,10,1,0.1,0.0,0.0
AEFRH7NOWYFGWTHRO5FBH4HRDXJQ,10,1,0.1,0.0,0.0
AEFRZZPFLH2D4JEEZWNM2QP7VUQQ,10,1,0.1,0.0,0.0
AEFWA4RPS6UJZNM3VYR3YC7AFMBQ,10,1,0.1,0.0,0.0
AEFWB23CABW4VX2PJ7IYU7MSWGHQ,10,4,0.4,0.0,
AEFYN24GIJD3PF5UHP7TRKUEZKSA,10,3,0.3,0.0,
AEG27DGPKCQ5ZWXYWSJP6QM3AAIA,10,0,0.0,0.0,0.0
AEG6JGSUOD2W3E4YNPWHVYEMMVIA,10,1,0.1,0.0,0.0
AEGD27E2R5NPNVOKSOEQ6FI54SZQ,10,1,0.1,0.0,0.0
AEGDYPMSKYVXJV5ITGUWJBM63HTQ,10,6,0.6,0.0,0.0
AEGFFH5RWY7KQZT3HLOKAMK3JZ5A,10,2,0.2,0.0,0.0
AEGJRNSGJ4S2IH33KSH45ICZ4UOQ,10,0,0.0,0.0,
AEGLMXXDXIEN2GTXMMBD4RPFYV3A,10,1,0.1,0.0,
AEGLWCLYPWJR5MISZI2R536DRGVA,10,0,0.0,0.0,0.0
AEGNLI4GH2WPBOMTCJUES6G6SCCQ,10,1,0.1,0.0,0.0
AEGQ5337JE7AZVWQB4NH3D3WLSGA,10,0,0.0,0.0,0.0
AEGQTA4YSBF6A7ETUOUGFTZASJLQ,10,1,0.1,0.0,
AEGSNK3H7CQ5RQTO3VEUA7ERV7ZA,10,1,0.1,0.0,0.0
AEGTJIWQKVA5K2C7XCOOCUWDX7KQ,10,0,0.0,0.0,
AEGZ6HJQWPXJNPNRXWYHSOEXFCHA,10,3,0.3,0.0,0.0
AEH3PHNVNSH6XTESIP6JIMOUYQ4A,10,0,0.0,0.0,0.0
AEH74W5HKKUU4ATDNSACSSQHSE3A,10,5,0.5,0.0,
AEHBOFYTNFSD2522T3QQKA6AN67Q,10,0,0.0,0.0,
AEHCLDKH7JVEUVXISNWXN72BVIEA,10,9,0.9,0.0,0.0
AEHEHGC7266BDBZFW4CFBQ5XUXZA,10,0,0.0,0.0,0.0
AEHEORTA5L6RK6HJ6EQGI4M7I35A,10,3,0.3,0.0,0.0
AEHIZZWVTLEKHGRW53EE33PVWGJA,10,0,0.0,0.0,0.0
AEHKDITJSRMJ4O67W74EBS2I2LAQ,10,2,0.2,0.0,
AEHOIAZ54JAVWFIIVNP7HDP4WHGA,10,1,0.1,0.0,0.0
AEHQOWODMPOUGWT4MIYKIJLNWSFQ,10,0,0.0,0.0,0.0
AEHSPPWMKD3UUNOD4AMUUNV7O5KA,10,2,0.2,0.0,0.0
AEHT5W5PE3RE2MCZXXNO7M3REICQ,10,5,0.5,0.0,
AEHTXGJEUCDDT26FNE7IQO55FPWQ,10,2,0.2,0.0,
AEHVHK3KO5WFC5DJG7CYRHSAVV4A,10,0,0.0,0.0,
AEI3YEAVL2VKZ4RVDCH3RYUD4FYA,10,2,0.2,0.0,
AEI4TR2QQJ7VTDKHJEI7IAVZAFBQ,10,0,0.0,0.0,
AEI5UAXZBQ5SXPPLI5D7ZLLC7Q7Q,10,3,0.3,0.0,0.0
AEI6U4DU5GRGNQNPB5Q3M3K6SAPQ,10,1,0.1,0.0,0.0
AEI7DYTDWVA3ZI3LWL44JWZ4E4JQ,10,1,0.1,0.0,0.0
AEIB3IDZTOEVMASMETR35S6OSNFA,10,2,0.2,0.0,0.0
AEID3PA45DNZKX5BUQPMBFPBNG3A,10,6,0.6,0.0,
AEIDR5ELP5AXABP3K5CBQDMQEF3Q,10,0,0.0,0.0,
AEIEKUH6Z6OH2GVPS35MCF6C2YNQ,10,1,0.1,0.0,0.0
AEIEZUPOZCGXWTGIKDYE736YBWNQ,10,2,0.2,0.0,0.0
AEIF2GR4TZS3IGJ3CE7KPE36BH3Q,10,1,0.1,0.16666666666666666,
AEIFZ7RCFJNHSOBPBODUVDUFUJ7A,10,4,0.4,0.0,0.0
AEIHDVD2MWZSZKRUYWMRMKQHEQ7A,10,2,0.2,0.0,
AEIIRIHLIYKQGI7ZOCIJTRDF5NPQ_2_2_1,10,0,0.0,0.0,
AEIJYKTLI34BJW7VOS354OBGA24A,10,0,0.0,0.0,0.0
AEIKHP34OZXSDQKHIZDSR3MZQFYA,10,2,0.2,0.0,0.0
AEIKOR4LYRGXNDZNKR3JJA6OR2AQ,10,2,0.2,0.16666666666666666,0.0
AEIM2JLPSCPSZM5GZHLSPP5DGDFA,10,0,0.0,0.0,0.0
AEIN5GS477ZI4WI2L6ZKJAU4Y6VQ,10,1,0.1,0.0,0.0
AEISGGHLCD4CJHCYWVTBEUFCD4JA,10,0,0.0,0.0,0.0
AEITN5VWBFOBU7WDYZTLAYTGG7BA,10,0,0.0,0.0,0.0
AEIUZ6AWK7K745G4VMW3VTFDVHLQ,10,1,0.1,0.0,0.0
AEIWIRX7HSBPUU5PT4NZH2YZV4ZA,10,1,0.1,0.0,
AEIWJOHIFSOL6PNKRMASJLMX7TKQ,10,9,0.9,0.0,0.0
AEJ2SKGPRFB4TDRMKIVHCZSC56PA,10,0,0.0,0.0,
AEJ5IZ74676MDNCZTTAY66ZILU3Q,10,2,0.2,0.0,0.0
AEJ7AVPS7KWP4NQ5D5KVROJWZP6Q,10,1,0.1,0.25,
AEJANVQPUFAV45D4QF4SF2KHLP2Q,10,2,0.2,0.0,0.0
AEJC7XDADUMJTGFAHKWOXDNV7EAA,10,0,0.0,0.0,0.0
AEJDQZLMYD5AUO2PD4OJPFFXLX5Q,10,1,0.1,0.0,
AEJFIBPMDHR4SWQKLYGVJX6T3IFA,10,3,0.3,0.0,0.0
AEJG3IEEGXNQP5MVRTOEBZSHW2VA,10,1,0.1,0.0,
AEJH772BM23YVRK3N2V47DCVZ3QA,10,2,0.2,0.0,
AEJHEYDTSLVGAT33LXSNIFUGPPZQ,10,1,0.1,0.0,0.0
AEJHUPJ5VQB37HH4Q5QOZJHI5TFQ,10,0,0.0,0.0,0.0
AEJI3JLDDY7DAGVBK6QGKF5HZAPQ,10,1,0.1,0.0,0.0
AEJML7B26PQE7U4BSTSHBCQTDNWQ,10,5,0.5,0.2,
AEJNZ34EIS2HMK2L42CDLT74WCMA,10,0,0.0,0.16666666666666666,0.0
AEJOAGVMS53VQOEHWOGDLAU363TA,10,0,0.0,0.0,0.0
AEJP73XQSOETXMVQBPJPBBKVRVOA,10,3,0.3,0.0,0.0
AEJPFUEHKHDA525RKFWQBZU3MY2Q,10,1,0.1,0.0,
AEJPQYTMPLTRRRLLJQIOHIPTBZSA,10,0,0.0,0.0,0.0
AEJPTSSVEEDYKUMJQ5YH6LE2PMFA,10,0,0.0,0.0,0.0
AEJTHD3NLWRBBSFEBZZNDVNX34IQ,10,7,0.7,0.0,
AEJWOZC4BAH6D2XW5NISXUOEHHMA,10,0,0.0,0.0,0.0
AEJZMA34QZDQHJE3PRIICGLSHL7Q,10,0,0.0,0.0,0.0
AEK2ODLNOCXJNIHHA7QG7BRMD2CQ,10,0,0.0,0.0,
AEK4264N3ZWOLSQL7QJ734GMV7GA,10,0,0.0,0.0,
AEK5NRQJLR4UB5CDPQW4HKHCQPUA,10,9,0.9,0.2,0.0
AEK7EZ7C6V44Y7MHZZI5Q6DRGAIA,10,4,0.4,0.0,0.0
AEKFFI3ZHHGJKEEY2GHDBDUU35XQ,10,2,0.2,0.0,0.0
AEKG47U2ZSDWCBQWO2CYJJOHGEBQ,10,1,0.1,0.0,
AEKGIBX6SHCC3SYXAX5CZQZNRJ7Q,10,0,0.0,0.0,
AEKGU5KEYVHGNTYTRM2BL5O7AFQA,10,5,0.5,0.0,
AEKH7UEPF7VS2H5TS6S7E244D72A,10,0,0.0,0.0,0.0
AEKHHBB7LPSXVVST3ISDZEW7TXJQ,10,0,0.0,0.0,0.0
AEKJTZNL6BWSFD2SC4PTSLZNURKA,10,4,0.4,0.0,0.0
AEKN5ESHFCUHGLVOK2QK5DHMYOYQ,10,1,0.1,0.0,0.0
AEKPDUCNGW7XIIYTBVCYFQ2G6RXA,10,0,0.0,0.0,0.0
AEKPPOLIAQHRAWICEJKGFNPAZD5Q,10,2,0.2,0.0,0.0
AEKQIEV34GW4FIXHEGP7C4Z2ZIEA,10,3,0.3,0.0,0.0
AEKREDYEXNR2RCS7UH4KFQQ3LPRQ,10,4,0.4,0.0,
AEKS5CJXD5CS3H6N2YNGAMTRDJLA,10,2,0.2,0.0,0.0
AEKTHXEFTMGZLSLWWOGVHSA76OTQ,10,2,0.2,0.0,0.0
AEKWF23K2TG5SJXDONWW3K6BDVVA,10,0,0.0,0.0,
AEKWINGK2KV4XP4H75CQ6IA52RKQ,10,1,0.1,0.0,0.0
AEKY22QCB7EPDF2P4RXZSSNTNMSQ,10,1,0.1,0.0,
AEKYQ3DZ6X3J36VOCL3KUWCMOH6A,10,0,0.0,0.0,0.0
AEKYXJVULXTRHIDGBLVJ64XWN5IA,10,0,0.0,0.0,0.0
AEL2VUYDTGB7VTQQ7INYO5DORTDA,10,2,0.2,0.0,0.0
AEL3DA2RF7ZZSMSFTS6DY4PCQ6KA,10,0,0.0,0.0,0.0
AELA55IUPW7C6HEFF2JZ3GLHQJLQ,10,6,0.6,0.0,0.0
AELI3UAD2WAGMP3HLKTC2HDSZ7IQ,10,1,0.1,0.0,0.0
AELIND6M6RLMXOFMNSZFAZPWNVCA,10,6,0.6,0.0,0.0
AELKGRC6IB2MQGYN4CA4K4CKW4SQ,10,0,0.0,0.0,
AELNKTZKYOXRNBNAQOIXSQW5GRLQ,10,2,0.2,0.0,0.0
AELNWGTMJ6DMWXQ3VQOV7XK5UTHQ,10,0,0.0,0.0,
AELP2CEXNBYBEKA7QB5LZ76UHQVA,10,0,0.0,0.0,0.0
AELQL2T7SKO2JUOD32QCHFK6LFWA,10,4,0.4,0.0,0.0
AELRLZACOGCQWUE2JKAVMOGORTFA,10,0,0.0,0.0,
AELTGW3GWOMNI3JDTD2ZBEEP4ZLQ,10,4,0.4,0.25,
AELTHNAIG7KQIZLYILUHAXGTWC6A,10,0,0.0,0.0,0.0
AELXIWO4NQK74LMLOXAFUBPKBIIA,10,0,0.0,0.0,0.0
AEM2TL7XTMNEY6VBQOXMB6CKEGFA,10,1,0.1,0.0,
AEM4MJNG3NMBZDMEWMDCIZ2ZVZXQ,10,0,0.0,0.0,0.0
AEMC6IS7V2ZQXQYZIN5VTPZ2F2GQ,10,2,0.2,0.0,0.0
AEMDUNGRCCSVUOM4M2X2TYPLRAVA,10,4,0.4,0.0,
AEME4RSLX7EFI5RSSLPKECCZ5TSA,10,2,0.2,0.2,
AEMSNGIYEV5IGI67T2FQSS5TKGUA,10,1,0.1,0.0,0.0
AEMTLSMNHPY3MDIYZGWP3AME4SKA,10,0,0.0,0.0,0.0
AEMTMJU4IGLOGGYPQVQKCWQEBZMQ,10,0,0.0,0.0,0.0
AEMUHZGDHRORTTX5Z6RRFOAEYJTA,10,0,0.0,0.0,
AEMYEHCKJC6ACETUD464VOXBRBKA,10,3,0.3,0.2857142857142857,0.0
AEN2EG4TVL3W2MCF2M47AI3AYRDA,10,6,0.6,0.0,0.0
AEN2N4CUCLSOT5HSELJVMDPLRG2Q,10,6,0.6,0.0,0.0
AEN3GNFZHJ4VSCE4YYXLGGJU7ZBA,10,0,0.0,0.0,
AEN5I3BZBHGXS3PHFRW74OVBVVGA,10,5,0.5,0.0,0.0
AEN5WTEWCGW6YPKQBALFLDUXUJVA,10,1,0.1,0.0,0.0
AEN5YQD32TYCDCSH44DHBVPNUBOQ,10,0,0.0,0.0,
AENB7XZR7CQA225LS72VDXMW54RA,10,2,0.2,0.0,
AENDTO74FSVBOOBYEV5UP7C6CAPQ,10,2,0.2,0.0,
AENFUH65F4DQSUML4ZGYETLHOUPA,10,9,0.9,0.0,0.0
AENH26VFYJQVORKN3K6PTFSNXP2A,10,0,0.0,0.0,
AENH6CYFNMAFYE3WTD2ILT3NNRNQ,10,2,0.2,0.0,0.0
AENHJFPZU6DXKMJ6FIEOJDKA2EJA,10,1,0.1,0.0,
AENI33GCGENHGKP7ZNGBVEZHMXQQ,10,2,0.2,0.0,0.0
AENIAYF2WUFKC7UXZ5YLQTEOVIOQ,10,1,0.1,0.0,0.0
AENIJI3JBKOOS6BJ7S7SLUEBMFSQ,10,3,0.3,0.0,0.0
AENJSNLDGOSZMICXRYSX53TZXJZQ,10,0,0.0,0.0,0.0
AENNPOWHSDG6FZXL5AC7KGVPAPLA,10,1,0.1,0.0,0.0
AENOV7PVFKAMLSU624FFLLB3EHAQ,10,3,0.3,0.0,0.0
AENS7EZI75CNPARGT3UCNNFJKJGQ,10,0,0.0,0.0,
AEO3J65KAZ2LQRKHUNJXTDCSXPSQ,10,0,0.0,0.0,
AEO46HGQBWDQQHHXGM3DC64WWSIA,10,1,0.1,0.0,
AEO5CQ5ZMRVDNDVBB3G7ZZDPCQGQ,10,7,0.7,0.0,0.0
AEO6KAJT4WEYDECCPDXQHJRBKNZA,10,0,0.0,0.0,0.0
AEO6MBZ7VCDP76UTLSIFVDXHIH6Q,10,9,0.9,0.0,0.0
AEOCHDVENID4PLB4GFX5WBHH6T4A,10,3,0.3,0.0,0.0
AEOFJ7PTDAUCHOLHA7F57RM7YG5Q,10,0,0.0,0.0,
AEOFSEWVZRACZ5NOFZNXEUT7VGKA,10,0,0.0,0.0,0.0
AEOJJNU2YGEVTVEW2MJCXX4V5OYQ,10,2,0.2,0.0,0.0
AEOJVWQW72WFJW3RWDAVJWK7E2XQ,10,1,0.1,0.0,0.0
AEOKHVZIRIHWHAFTCKWNXLQJCCLA,10,1,0.1,0.0,
AEOKXTRNQOL6C2WL4UDKCHYZ6LLQ,10,0,0.0,0.0,
AEOLP6DWX5AGS5XVTFIVLEFUOHUQ,10,1,0.1,0.0,0.0
AEOOELARI5NKKDRTN32TV436RKIA,10,0,0.0,0.0,
AEOPO3AIE23AZGJBTCHOCC6LQCJA,10,2,0.2,0.0,0.0
AEORT7NYCZWF2AB3ZILUK6H6BU5A,10,0,0.0,0.0,0.0
AEOSQQQGVTSKCDPSEF5277XEGBHA,10,0,0.0,0.0,0.0
AEOSXHTCPCSVQQ2QB7KSZNJJBI2Q,10,2,0.2,0.0,0.0
AEOWCUSMTEUTTOP4FS5R6DIG53RA,10,7,0.7,0.0,0.0
AEOX6UNPILSWRCNGURVF36U742VQ,10,0,0.0,0.0,0.0
AEP4ZHH5TO6YGBXQN6DV7PWJH3PQ,10,3,0.3,0.0,
AEP7SVTUDTL76DG2R5EVQYHIQDKA,10,0,0.0,0.0,0.0
AEPBQGIKLDXOY4DZSTTJYGGZWABQ,10,2,0.2,0.0,
AEPCEALOW7XAKVWD36M4MSO2Q7GQ,10,0,0.0,0.0,0.0
AEPCEQTBJAD5QAGZS6YM5BTY22MQ,10,2,0.2,0.0,
AEPDQZPSMUZXXDE5NREEFFLBK23Q,10,1,0.1,0.0,
AEPDT6DYEN76IMZP5UOC6RLPXDYA,10,1,0.1,0.0,0.0
AEPI3EAL2I6IWZBRLT2D3TSLZWNA,10,1,0.1,0.0,0.0
AEPII5OV5MUBXPIFZ2EIXIXZAKZQ,10,1,0.1,0.0,0.0
AEPINYLVGWLBPIVFAXYLLCD56R4Q,10,1,0.1,0.0,0.0
AEPJ246YASMF64XZ7MB6WGXVU3HA,10,1,0.1,0.0,
AEPPHODW4ZJVNKBDV3N2VQRELXQQ,10,0,0.0,0.0,
AEPVIXOSC2KZTMTBSRZSQXZ3THZA,10,2,0.2,0.0,0.0
AEPXOWWDTZUCTWXFNYFP5ZKIG3NQ,10,1,0.1,0.0,0.0
AEQ2VNNEAFSTGKZZE224R2J7STXQ,10,1,0.1,0.0,0.0
AEQ3OBOTWNO5VJULXLK4OY6W4JKA,10,6,0.6,0.0,0.0
AEQ43GNK22OVOFXKN5C4MTGBBFMQ,10,1,0.1,0.0,
AEQ6NZL6DCUHBBA7Q74255BW4LDQ,10,2,0.2,0.0,
AEQEKTBFSZNTYY5HKN7ZDQ5C7IGQ,10,5,0.5,0.0,0.0
AEQFIGS5UJKWTXXLHOE4KJ32RYIA,10,3,0.3,0.0,0.0
AEQFZ6J36644OJYNHUCSEU2AD3GA,10,0,0.0,0.0,0.0
AEQGRVMEYZ72DABEOX73PITCAN4Q,10,1,0.1,0.0,0.0
AEQGYLXVT5UVHR6RJ6J2JRXBFH2Q,10,7,0.7,0.16666666666666666,0.0
AEQKV3HM3IVHWNX3JCHYIVCVPJQA,10,1,0.1,0.0,
AEQMHPYN2VQUVTUF7G66OGPFHZCQ,10,0,0.0,0.0,0.0
AEQOVE4KMUQDLXZJHIG3OFD4B7RQ,10,2,0.2,0.0,
AEQRAQAB4GVCIQ3WADQCXYGRYX4A,10,1,0.1,0.0,
AEQXORRI4AH4OMLSKNDDABKUEFQQ,10,1,0.1,0.0,
AEQXVB7JA7V64NEYHUMBI4DZ3FCQ,10,0,0.0,0.0,
AEQZTLWXVR54HHQGCST2ZJBLF3QQ,10,1,0.1,0.0,0.0
AER2SW3VOPZEHN4GKKANQ46C6MDA,10,1,0.1,0.0,0.0
AER42BHOKYLIWICAV6G5XET7S5JA,10,0,0.0,0.0,
AER63CHZHTGXBLIETSGKZRKG6WHA,10,2,0.2,0.0,0.0
AER63ET57JQWDJYG7T5PWKYPU7YA,10,2,0.2,0.0,
AERHIFN6YWBTX5E444KFMFLRCCXQ,10,0,0.0,0.0,0.0
AERHK5RABUOQNIOUGQGCZY4IZKVA,10,8,0.8,0.0,
AERIW37GFDSVLZXANDKFUOVLY74A,10,1,0.1,0.0,0.0
AERKCAELXR5ELTP7WHOVU3SL5KJQ,10,2,0.2,0.0,0.0
AERLZDWODTDHCO7QBCQUSWOI2ZRQ,10,7,0.7,0.0,0.0
AERMIMRUHPJ4NTNAEGAKTGG72RQQ,10,1,0.1,0.0,
AEROS75ARPVPT732G4AWELNMNFTA,10,1,0.1,0.0,0.0
AEROTJJNQ2OP77V5I5PSLYBLVHCA,10,2,0.2,0.0,
AERPQKROUGZID2LZV2RYMQ6YIWTQ,10,4,0.4,0.0,0.0
AERPVCV5ISJCK6G67C6J4J2EACUQ,10,0,0.0,0.0,0.0
AERRDC7EP3BO3SJGJMCVZNWGNUWA,10,4,0.4,0.0,
AERS3X4G3TTTDVYYV6DSZ2EILDPA,10,0,0.0,0.0,0.0
AERU4GLVEBSLAVVE3UTYZO4ZVS6A,10,1,0.1,0.0,0.0
AERU6XD6DVNZZABGAI5BZNGQ3YYA,10,3,0.3,0.0,
AERVIQC2AGVY4DOOYDBHDIEAB53A,10,2,0.2,0.0,0.0
AERW7OJA4HYB3LHZ2PUNMB5YMM4Q,10,8,0.8,0.0,
AERXYBTJIQ2GK7YAWDX5LG75QNBA,10,3,0.3,0.0,0.0
AES2EDSXHDHSBAOEEFW7SKV3Z7CQ,10,0,0.0,0.0,
AES3P456IBM4Y5WRBLYQEP4C22XQ,10,1,0.1,0.0,0.0
AES7RYET3XLHYUZJKNYYTHH64CDA,10,2,0.2,0.0,
AESFPLYB424HREQLNOB2C3W6KU6A,10,1,0.1,0.0,0.0
AESHNOQAXNDP45X4XUPVJEZ5KB5A,10,1,0.1,0.0,0.0
AESM7V7EFIGG5FODNLS77XW7AZ2Q,10,5,0.5,0.0,
AESTQDAH2CPNNQOP7RCMA5SUMJCA,10,0,0.0,0.0,0.0
AESW6NAV464MLTVSLMPBX44SVMPQ,10,0,0.0,0.0,0.0
AESWRITQTB4VXBV3RPTY6ZPTWQLA,10,1,0.1,0.08333333333333333,0.0
AET37D3WDNBYL2OF32CYUU57KFPA,10,0,0.0,0.0,0.0
AET5SM5NO6NWJQ5446UVBQPS6JLA,10,6,0.6,0.0,0.0
AET5XZ4IFQFIRWRNU22AOHHZLVUQ,10,1,0.1,0.0,0.0
AETA5Q4TFDLPGL5YWI3GE2T73D3Q,10,0,0.0,0.0,0.0
AETAF4OSMXREUSPTPGMLXFCGIPGQ,10,7,0.7,0.0,
AETATROCLFSVJ74SAXL24TQPJXGQ,10,0,0.0,0.0,0.0
AETDRXEAKGJNPCCAA2AGDTL2M5BQ,10,10,1.0,0.0,0.0
AETFJSMJKA624ZX52TDJKY6UJ3AA,10,2,0.2,0.0,0.0
AETFYI5ANZGO4W4NEG3NJ4FMON2A,10,2,0.2,0.0,0.0
AETIFTWOY7IS4OCZNGU4NADKHQXA,10,0,0.0,0.0,0.0
AETPBVLJBSRYDXATJD6BCOONX4DQ,10,1,0.1,0.0,
AETT3Z2Y25TAD7GIIKOA65XAVCLA,10,2,0.2,0.0,
AETU2EOHB4IQZNB3PTLBVADBMLYQ,10,0,0.0,0.0,
AETUKJPXKBLMTYFX4SPZ3ZODBNHQ,10,3,0.3,0.0,0.0
AETVOXSQLZZ5TSMUTRR6PGZYGJ6A,10,0,0.0,0.0,0.0
AETW7OZTCDKCZVBHGGBCJQTTU6KA,10,1,0.1,0.0,0.0
AETWZEGM36SKNH4BB54R5DQOZY3Q,10,1,0.1,0.0,0.0
AETZ2HU7DNFNN6M7AHJDSMIPGS4A,10,6,0.6,0.0,0.0
AEU22EZFI5EN3QIGYTW5HXT32OUA,10,2,0.2,0.0,0.0
AEU4RAC5LE6LTF52KPGW6IJBOMQQ,10,2,0.2,0.0,0.0
AEU5S4GJKGWRJ55B7U6L7YVIHWOQ,10,2,0.2,0.0,0.0
AEU7KZURZGK6FLR2CGDGSZ7HSGTA,10,0,0.0,0.0,
AEU7PWQJYAX35X7EQQULEQK4HQRA,10,5,0.5,0.0,
AEU7QBNRZ36KSLQGYK26E7G3CUCQ,10,0,0.0,0.0,
AEUA342VYO4MXYMC73U2G7IWQ55A,10,3,0.3,0.0,0.0
AEUA7WIKWNA53WXE52VGE5YRDMEQ,10,3,0.3,0.0,
AEUC65FVVPRD4IR6WFZ7T4HELRPA,10,10,1.0,0.0,0.0
AEUDCTJABXD44TGLEY2635VLF42A,10,1,0.1,0.0,
AEUGL2OAD6FM3FJGNDVISKA6T2VQ,10,1,0.1,0.0,
AEUHLXXMZCJI2F6HWOZTAENOLTFA,10,1,0.1,0.0,0.0
AEUJ3V5NX2BV33LZZ3KFB2QYLQDA,10,1,0.1,0.0,
AEUJZI5CJYP7TAY7XX3WM2YTTEVA,10,0,0.0,0.0,
AEUNFBHMROLF2ZZWTQX6YJXRYOGA,10,0,0.0,0.0,0.0
AEUNQHA5HRRK6PKNEI264TNL5YJQ,10,0,0.0,0.0,0.0
AEURC56MOPVXGEK3XS4LOHUL6JSQ,10,0,0.0,0.0,0.0
AEUS5ADOHM7I2HEM6VZWMZXQCVTQ,10,0,0.0,0.0,
AEUSMSGIQYBBHSWOJYETHH7ZXOVA,10,0,0.0,0.0,0.0
AEUW7EEDJWDAVHPE2WSVQYTX74YQ,10,1,0.1,0.125,0.0
AEUXGURMIPE22JKK2IR2HMEFNGAA,10,0,0.0,0.0,0.0
AEUYFYP3WUEZ32B2XF6IN3QNNFTA,10,1,0.1,0.0,0.0
AEV4VYB342PGNC4VZVG4XLZIMJYA,10,0,0.0,0.14285714285714285,0.0
AEV5CHBGTEZIMBVTSXUXJNT77RHQ,10,0,0.0,0.0,
AEV64LDE45W3IFSAY7ARGRSQWBNQ,10,2,0.2,0.0,
AEV6FR33FCBMJHE6C4C6VW3KPKSQ,10,1,0.1,0.0,0.0
AEVANAUW67Y37WABLIVRJZJJLYXQ,10,1,0.1,0.0,0.0
AEVCSODMIKFJ6EUD7VOVEGHUY57A,10,2,0.2,0.0,
AEVF5EIFNSPO7NULRHJ2WPUMPPQA,10,0,0.0,0.0,
AEVFQUMCCRVM4MAXRHQ32LWKEZMA,10,0,0.0,0.0,0.0
AEVGR3UQUOB3WIS3GUXYP53VK7KA,10,0,0.0,0.0,0.0
AEVLM2V7JOEAHOCJMV4EYMORJP7Q,10,1,0.1,0.0,0.0
AEVLY7T752JCVGS227I2ADVVWIDA,10,0,0.0,0.0,
AEVRI442WLWKSBWN6IKYQ2XP3QVA,10,0,0.0,0.0,
AEVV6D2KYWRXAHT4FLAIPGM6NUXA,10,3,0.3,0.0,
AEW2NFXBU5CTTMILKSMGRQO4BYEA,10,7,0.7,0.0,0.0
AEW34QBZ6YWBRIMU675MMMJVMLEA,10,0,0.0,0.0,
AEW3FU3XN26KT3KTFIK6FD756PBQ,10,7,0.7,0.2,
AEW7OKFQV54LUPA5OJG2VJ3MIOWQ,10,10,1.0,0.0,
AEWBUR6W6KCX6GGEE6GWV2EQ7Y6A,10,0,0.0,0.0,0.0
AEWFAL7G3VYOXURGLU5G3PZT7L7A,10,9,0.9,0.0,
AEWGZJWAWHMW7KWH6U7PAVVGYPGA,10,0,0.0,0.0,0.0
AEWHCQNTEZLFTN23IVNY3ENL5NSA,10,1,0.1,0.0,
AEWHSFTCTWHIC33Y6GQCZVKSZ34A,10,1,0.1,0.0,0.0
AEWMHZAZFVKMPH3YRQMZRSKMGWIA,10,2,0.2,0.0,0.0
AEWMOZMAFQBM5S5ESCQXQAWGS3JA,10,3,0.3,0.0,0.0
AEWMX54MK6TA4GEHREGS3CJJGA5A,10,2,0.2,0.0,
AEWPOCPQD7JZY2J2JLZCGIWCGSRQ,10,2,0.2,0.0,0.0
AEWQ3AJ633KF2UMZBFSG3GJKVUFA,10,4,0.4,0.0,
AEWU3KIFLUA3TFUPUUWXBJF53S3A,10,0,0.0,0.0,0.0
AEWUKSRSCJCALV3X7U4B623VZ7EA,10,0,0.0,0.0,0.0
AEWV3VZ2K3GQMSIWZYD743BBWMYQ,10,3,0.3,0.0,
AEWXXVGPWK4P7H2WGHPJ2WRHLK4A,10,0,0.0,0.0,0.0
AEX3THJ2B7CVB3RESZREWC5675MQ,10,3,0.3,0.0,0.0
AEXAQSQE2FQREMEJR2RKS2MNXG3A,10,0,0.0,0.0,0.0
AEXDE77ALKKEFCSPJNZJ2JE6I6TA,10,1,0.1,0.0,0.0
AEXF4SVVA2KEWF5XFJO3BU2CY6OQ,10,1,0.1,0.0,
AEXIQM53NELGMZDK3VGFVVLT6NJA,10,3,0.3,0.0,
AEXJFP65DTWHMBJMJKLT4IADIXIA,10,7,0.7,0.1,0.0
AEXLIO2TQ54WUO35IW2XHRTS745A,10,1,0.1,0.0,
AEXMJDF3EOWVKJFDTRLRGXN35PRQ,10,1,0.1,0.0,0.0
AEXOM5MCCHLECEXBWHCYDDTYVUFA,10,1,0.1,0.0,0.0
AEXP5NIJYPDMEYRF4DGDFT6TH7OQ,10,0,0.0,0.0,0.0
AEXSRE2HX4THSW4WPVLVFNT4YB6A,10,1,0.1,0.0,
AEXW4KFAMWWWGWF7SXRBMBQ4LSOA,10,0,0.0,0.0,
AEXWDT56IH4R2HLTXA34LNW3L6WQ,10,1,0.1,0.0,
AEY3XP2EGGI3AHKLVX7VTNLLLINA,10,0,0.0,0.0,0.0
AEY75TNFX4QSG2OP4NXO4KE3HISA,10,0,0.0,0.0,
AEYBEBCQHK7CND5L2U4KZC4UBRBA,10,3,0.3,0.0,0.0
AEYHEKKZW5R6A4H7PPK4NHZ7QLEA,10,0,0.0,0.0,
AEYIMFGBJSWM4JQ6A2PFPQMZAUBA,10,0,0.0,0.0,0.0
AEYIS5EFWY3D4JMPTXXUKCZ4DUBQ,10,0,0.0,0.0,
AEYJLPAY364JCKDWYE6KX25TZ5EA,10,1,0.1,0.0,0.0
AEYM53XFJTINP5KWCAE34HXCO2IQ,10,1,0.1,0.0,0.0
AEYO5P5CS5PI6KAUDUSUBIUELETQ,10,8,0.8,0.0,
AEYPQH33ZCBQNLOOLD3HGEGNF5SA,10,1,0.1,0.0,0.0
AEYS6FPWUIFMCXBXEAGAVRZRQARQ,10,8,0.8,0.0,0.0
AEYSGCOJIR5X4PFUY7JGUOFCZVNA,10,8,0.8,0.14285714285714285,0.5
AEYTEWRCY7KF5K4NBOHG6I4VUUOQ,10,0,0.0,0.0,
AEYVDSFKTQC4RAZW6NEDY5VQHZ3A,10,2,0.2,0.0,0.0
AEZ2LLS3S7PLTNA2WFRXZUGVNW2Q,10,1,0.1,0.0,
AEZ5ZPLDPFZWOQF7QF5ZCK6SWVWQ,10,0,0.0,0.0,
AEZ6B2L5L5O2UET3UC4ORLXTVT3A,10,1,0.1,0.0,0.0
AEZ6SBJRRLDNJBYFWUK2DCFQMMFA,10,0,0.0,0.0,
AEZE4SRC2MMMYH4IBTDEXB2MHJJQ,10,1,0.1,0.0,
AEZHA77T7U3ACHXOL5UGIFOOED4Q,10,2,0.2,0.0,
AEZJ2TGHQC2AYUZFDM4Q6YX4LOHA,10,0,0.0,0.0,0.0
AEZKGBBG6SGFUWZHUYIM3LHDF5FQ,10,0,0.0,0.0,
AEZLB6YTDA35QNCSEGIGDAXGTNSQ,10,5,0.5,0.0,0.0
AEZLEG54V2ROA2JTU7VXX5622U6Q,10,0,0.0,0.0,0.0
AEZLO6YQ4HOJMBZ7QPIIFXA7ZPLQ,10,1,0.1,0.0,0.0
AEZLQ6I4GWACLZDMYHMF6C7I3MUA,10,0,0.0,0.0,0.0
AEZMGLCXCRXMYCFIBFTFL2YBBPOA,10,6,0.6,0.0,0.0
AEZMOON7P7RY6KKNY24VWRYMLMHQ,10,1,0.1,0.0,0.0
AEZPR3OI4DAJYXIDPM4QJS2V2RZQ,10,1,0.1,0.0,0.0
AEZTZFYT3ZX7CF24YZUIKH5J24YQ,10,2,0.2,0.0,0.0
AEZVEAAR7CYFXBO4PMTHOAMO6BSA,10,0,0.0,0.0,0.0
AEZVTHEB4V6I3LUPNVSPWNGPBV5Q,10,0,0.0,0.0,
AEZWGVHK62MI6F3R42A5I4G4KCHA,10,9,0.9,0.0,0.0
AEZXR5L263IRQUQNAQUMWJDHMPVA,10,2,0.2,0.0,
AEZY2G7RDJM5PDKG4WUN2GLE7GGQ,10,2,0.2,0.0,
AEZZOXNIHIHMLLOFRMHCYPBJHSCA,10,0,0.0,0.0,0.0
AF226UBRQOQ2XOQ3SHF4ONWOCAUA,10,0,0.0,0.0,0.0
AF22UYLQQC5Y4BP2DWV3MICHW2RQ,10,9,0.9,0.0,0.0
AF26NZZRAS54FZM7EOJ637ZPHUKQ,10,2,0.2,0.0,0.0
AF26XZUO4HQMW2NAMRO3NGCZEOAQ,10,1,0.1,0.0,0.0
AF27MUBMAHB7EPMB6NC3WMVQ3RMQ,10,1,0.1,0.0,0.0
AF2GCNPZHWFGVG4FU7GNBAQ6V6YQ,10,1,0.1,0.0,0.0
AF2JMSNEKMYOD7D6UQACZFQIAG4A,10,0,0.0,0.0,0.0
AF2LKY37WWUF5AVP5ADJ5XJUBSPA,10,0,0.0,0.0,0.0
AF2LMUVYDIBJJ5QZQA36DKB4C7RQ,10,0,0.0,0.0,
AF2LPOY6JWRI6CN2QSQI34JTWUDQ,10,1,0.1,0.0,
AF2M2RZFGOAD2B5RS4OARVAED2HQ,10,0,0.0,0.0,0.0
AF2NR3L4PTH2LXCMM5WTRUBLDSSQ,10,7,0.7,0.0,
AF2OZ3TM334625U364LHXGQQO4GQ,10,0,0.0,0.0,
AF2PFXQYAQWAH2EIK5FHDSETSLKA,10,0,0.0,0.0,0.0
AF2PYTBB3YLSEVDJST7E5AOSXJLQ,10,2,0.2,0.0,0.0
AF2RB5N2VWYDFXWG4UM257QQ22QA,10,1,0.1,0.0,
AF2TAVAZ4V4LJWBTAVIVF6TU2OFQ,10,1,0.1,0.0,
AF2VVMASHY55FTASGFBTHV42EM2A,10,0,0.0,0.0,0.0
AF2W6A5ZNJA7DLMOT7OVIVJOXSEA,10,1,0.1,0.0,
AF2ZI4BYPY56Y2O3ZS5MHQBQMCDA,10,0,0.0,0.0,0.0
AF33SB6ZZ4SZTBGCJ2A26GXEHOTQ,10,1,0.1,0.0,0.0
AF35QAXJFPUFXIKCRP6WLE2TTVWQ,10,0,0.0,0.0,0.0
AF3AYR6XZLATKXKT3E33GKXGFO6Q,10,0,0.0,0.0,0.0
AF3FS4TPCZYPGJMKHGTRLC6OE4UA,10,2,0.2,0.0,0.0
AF3FZH2XXBFBDKK3LB6Y7SZBOZYQ,10,8,0.8,0.0,0.0
AF3IKE5V7OZFMVJKJI3INCSQA7CQ,10,2,0.2,0.0,0.0
AF3J42VUWFI42QEKYFDGFA55SR2A,10,1,0.1,0.0,0.0
AF3KF4CVKVD3MOGQT2QEMWXRVZNQ,10,1,0.1,0.0,0.0
AF3M2HFBKY5L2LYXD4GOX5ROWIKA,10,0,0.0,0.0,0.0
AF3N4HSFIAHGCQ3JQZRQRGHKM7AA,10,4,0.4,0.0,
AF3RIXFFIORNQZTXHDKBYQXLAQMA,10,2,0.2,0.0,0.0
AF3TR7EBS37EVLMKBHCADOLNWOQA,10,1,0.1,0.0,
AF3ZMBFSS5VET7PNQ3LTOWPDN5IQ,10,0,0.0,0.0,0.0
AF3ZYOKALGCMQLUARH4VU72EOMJQ,10,2,0.2,0.25,0.0
AF425YWIDQYRPXVHOHO3RUT6MOIA,10,1,0.1,0.0,
AF44TB62MTSDCSU4A5J7R2GAULLA,10,0,0.0,0.0,0.0
AF45I6IJMNPZRYMU7LX5GEUMPS7A,10,9,0.9,0.0,0.0
AF4ACGTK5AZW4VFSJ6F6MN7QFSOA,10,1,0.1,0.0,
AF4CRHKKBIIXUKOSZX5MLKMZ22UQ,10,0,0.0,0.0,
AF4FBX7TMLQVLJB45TOQ2EJTXVYA,10,1,0.1,0.0,
AF4FRBBFKQTWPWHAYEVIEVGIX4YA,10,1,0.1,0.0,0.0
AF4GW4KJBW3LAH552SANPYH3GL4A,10,1,0.1,0.0,0.0
AF4NMCMOVJWFTNPCJKBTJZLHADNQ,10,1,0.1,0.0,0.0
AF4PQ7X4OZ3JOSR5MI4RHBQXQ6BA,10,7,0.7,0.0,0.0
AF4SSPLSSF27VDKV6JLWVEE2DO4A,10,3,0.3,0.0,0.0
AF52CPMZOVTZRQ4THF643TLPPU2Q,10,0,0.0,0.0,0.0
AF54A7HVXA73YHG4G2B3DX7B53AA,10,2,0.2,0.0,0.0
AF5EF27UBPOSAAAG726MSGWL4IZQ,10,0,0.0,0.0,
AF5EOY2VJ6PI36BFC3GZIAJTBAEQ,10,2,0.2,0.0,0.0
AF5IX6RNFPXT7HNXU6UD6Q5G6MBQ,10,1,0.1,0.0,0.0
AF5NATN2OIAB54BDEMUYEXQV6GVA,10,1,0.1,0.0,
AF5NQD5Z7Z4LCNSA5NACXJGRZXOA,10,1,0.1,0.0,0.0
AF5SWT72D7ONRMX365HGDUMGEEHA,10,2,0.2,0.0,
AF5UVXL3M5KBWZUKE3PFSNT5FNAQ,10,3,0.3,0.0,
AF5VW4WFV2JWSOIEMRFZM4EF5NLQ,10,2,0.2,0.0,0.0
AF5W4LLFQLKCR3NJHUQHZZ3SOIKQ,10,10,1.0,0.0,0.0
AF5X55VGAETPEYCZG4VVLADZ57OQ,10,1,0.1,0.0,0.0
AF5YITGEVYNENMSMTCYBG6I72XHA,10,3,0.3,0.0,0.0
AF64Q7YLFDHZKIHKUMWAPMHOCECA,10,3,0.3,0.0,0.0
AF656D6ZJ3UVKSBIFI5GHRGMGMHA,10,2,0.2,0.0,0.0
AF65V7WLUYOSHH5QZ7TXBPG5AHSA,10,2,0.2,0.0,0.0
AF6APUO3P7ZTZYDLBZTTJ6FGD4JA,10,9,0.9,0.0,0.0
AF6AZ7XLFNQYPW2SOOM6R6HWKZSA,10,1,0.1,0.0,0.0
AF6C7UYOPQLQYVIQAOGLGFK3MBEA,10,4,0.4,0.0,0.0
AF6DTQDGHMY5ABQKEJLZDFYIQTKQ,10,3,0.3,0.0,
AF6K764QITPCDFFVA56WY3O75MYQ,10,1,0.1,0.0,0.0
AF6KLVECQVBTEGYURITICIZ74A4A,10,1,0.1,0.0,0.0
AF6TRGORLGEF47IEA6UXE27VCV5Q,10,0,0.0,0.0,0.0
AF6U5NPJ2HZCPTXMSFM4QSE2IIRA,10,2,0.2,0.0,0.0
AF6ZAXZ5HQZ7BF3TLPWWTZ4P6BGA,10,6,0.6,0.0,0.0
AF6ZLNQCQ2ZW53TKVFAAKYLB4HSQ,10,1,0.1,0.0,0.0
AF75FTUGHY2RJ5KAGNDRR7KGBTEQ,10,0,0.0,0.0,
AF76NH4RUBWDHQSGVN2PCXZNSLZA,10,0,0.0,0.0,0.0
AF77XZ6MFYU7AQTJPQZSKLXEJHOQ,10,2,0.2,0.0,0.0
AF7ABIXWRMZTRZZ4KONRTSFXLVWQ,10,1,0.1,0.0,0.0
AF7COOATE2NAP4MAHOATCGC2OW7Q,10,0,0.0,0.0,0.0
AF7GOLLW4ELSEEJR5CS7GEN6LU7A,10,0,0.0,0.0,0.0
AF7HAVVESIT4QBJYZJMWTZBWB36Q,10,1,0.1,0.047619047619047616,0.0
AF7IN3MHFTZCNBOFHGFFL3W7YS4A,10,3,0.3,0.0,
AF7JP2ZHVTB6LEDTUFBVCTEKFU5A,10,1,0.1,0.0,
AF7KIZTDR2R3I4MWNRFZ7UYYXBUQ,10,0,0.0,0.0,
AF7MV33DFJOT46ISBXTYZI3M2SFA,10,2,0.2,0.0,
AF7UQ7ISMU5RZXQL63BVIPCJRXIA,10,3,0.3,0.0,0.0
AF7ZU57A7PC2HKNVAS3BZFZ3LVAQ,10,1,0.1,0.0,0.0
AFA6RBBAJHPPSMIILDPTUVOLXMNQ,10,0,0.0,0.0,
AFACY7FQQZS26DA47PEXH4QWE4GA,10,1,0.1,0.0,0.0
AFAEAJP3HJPBXLRTH6ZMGJTADXIA,10,4,0.4,0.0,0.0
AFAJO66NTA5MPEZFBG2BD23GGYKA,10,0,0.0,0.0,0.0
AFAMYTW7RG7XQB45PZRCMQYHDDDA,10,1,0.1,0.16666666666666666,0.0
AFAP3MJ32WUYJHPN5ZQJ6JGMGUSA,10,0,0.0,0.0,0.0
AFATDQMYSPI6TQ3WGHYQSG742PRA,10,0,0.0,0.0,
AFAVNIGPSTTXZ5BQHO2KBSUQ5DGQ,10,0,0.0,0.0,
AFB4TH4M6JJKV2DTGU7Q3WCQZLQA,10,0,0.0,0.0,0.0
AFB5HRJFQQV2JHQXCUQAT2RXQW7Q,10,1,0.1,0.0,0.0
AFB6X44FWDDOKJQRH4PQXXDPDEMA,10,8,0.8,0.0,
AFB76X6ZRGBOGUYLMLMRFRHTWNBQ,10,4,0.4,0.0,
AFB7MFTDPUKNJNTDA72JYGND2PAA,10,3,0.3,0.0,
AFBAZIUJSVITNKWBDG5D2RFJNWDQ,10,10,1.0,0.0,0.0
AFBCEAEWHCC7K2ONVWOWLHY5XELA,10,1,0.1,0.0,0.0
AFBFFB6T5DRAJHOKT3ZMEP2X5UOQ,10,1,0.1,0.0,
AFBFMNKT2FHBYTXVCXQLS7JKC6MA,10,4,0.4,0.0,0.0
AFBIB6CB4DYSUXKHFVM7RGMB7ZMQ,10,1,0.1,0.0,0.0
AFBIMPF3BIOTEPNZ5OF4JPBMJ52Q,10,1,0.1,0.0,0.0
AFBK6VMXAKWCO6WBE4A64HUDXDNQ,10,8,0.8,0.0,0.0
AFBLKOEBM3DMXFIDX44MNTZEONOQ,10,0,0.0,0.0,0.0
AFBNKA7QHDWIVKVLAUY7SJAUSBPA,10,2,0.2,0.0,0.0
AFBPP7XKMVKTCHNMXA2374DLVL3Q,10,1,0.1,0.0,0.0
AFBTN4HATLZZKAAWRTEZMPLAWIXA,10,0,0.0,0.0,0.0
AFBZQO43NATA44M347A6CO5PQHJA,10,1,0.1,0.0,0.0
AFC32DU7LVG2QW4SVVDF24MOD4HQ,10,0,0.0,0.0,0.0
AFC3KHGKHNRKG3HDLPWDGXJNILJA,10,10,1.0,0.0,
AFC5LLFZKZAWYJGE5KU2Z462GW2Q,10,1,0.1,0.0,
AFCIQONF437KBDWXHEBG27BGOI5Q,10,1,0.1,0.0,0.0
AFCNXDXCFNFDHJRCRC6XMCHUPTEQ,10,0,0.0,0.0,
AFCPS37YPEGOLHWCNAJ443ZFO2LQ,10,0,0.0,0.0,0.0
AFCSYTR27UOVNJRVTR2DJT5KJIQQ,10,1,0.1,0.0,0.0
AFCWJTJT63MGSYMKETBRFY4CBDAQ,10,0,0.0,0.0,
AFCZJSKT3N2XWMHFIEE5J6MBXHNQ,10,3,0.3,0.0,
AFD25W5BU4WBIRVZG3OBKFFUNGEA,10,1,0.1,0.0,
AFD3SNQQEARFESGYDTFXGBEO4SQQ,10,0,0.0,0.0,
AFD4ESSETMRLZRDA4BHTNAJM5TFQ,10,2,0.2,0.0,
AFD56Z3GZG5PDVCWJAWI2DWUE7AA,10,1,0.1,0.0,0.0
AFD5TXJNTQ5QCQD6YHSA5NRP3RYQ,10,0,0.0,0.0,
AFD6NXTH5U4FWNNXPH62OKWL3SNQ,10,3,0.3,0.0,0.0
AFD7BGVXD7XMET6OLRET2L6ULANQ,10,6,0.6,0.0,0.0
AFDD2VWTKWQRKWZUL6RGW73KKXVA,10,0,0.0,0.0,
AFDGOVWSEJTMMVORZWPE4OSBQAHQ,10,1,0.1,0.0,
AFDHUCLATYYXOGOGOCJDFVNHIDZQ,10,7,0.7,0.0,0.0
AFDJ3F3ETRVISN6HU54PE7U6MDAA,10,1,0.1,0.0,0.0
AFDLJN4BMND5LWI5CIXOT2J27BTA,10,5,0.5,0.0,0.0
AFDY3MTJVPS2N746ZZRAMFKQOXFQ,10,2,0.2,0.0,
AFDYCVHOVTFXTVSEZTNDLVDW4DJA,10,2,0.2,0.0,0.0
AFE33W4GTKXFWSF6U2GHKEH2V43A,10,1,0.1,0.0,
AFE4C6ZPH2UQCL4JJFRO4NTXK3DA,10,0,0.0,0.0,0.0
AFE54SOHAGMGHZUFJ2L3HQH5S6MA,10,2,0.2,0.0,0.0
AFEBSWEWUJTGFZBHRL2OOZIEZTNQ,10,0,0.0,0.0,
AFELYUPTCWTAKDTNLLDPE7FBEQQQ,10,2,0.2,0.0,
AFENWDQ5OAFJITI36HXV7XKT3HFQ,10,0,0.0,0.0,0.0
AFERDF3J4TACWWJYVLVMNK57YDIQ,10,0,0.0,0.0,0.0
AFF4KAFY7FMHXUPZ5AR3LYBORGKA,10,0,0.0,0.0,0.0
AFFAGTMUJ5SBYKREB7IAL3XUC3ZQ,10,0,0.0,0.0,0.0
AFFB4ARUBE5WTFX7BZGHZOMS3ACQ,10,7,0.7,0.0,0.0
AFFE2BXMD7XECTOSKR7OJW6Z2XYQ,10,2,0.2,0.0,0.0
AFFEVIOQDONBCYKGYRN6KULLOJAA,10,0,0.0,0.0,
AFFFVBGGIDSZ4IUKWJYRLXVFJHGQ,10,1,0.1,0.0,0.0
AFFG5DJZ5XC2ZNIWLFOX3QSQ7CNQ,10,0,0.0,0.0,0.0
AFFHHIKDCW5NI2P73Z2UEPJLZ2NA,10,6,0.6,0.0,0.0
AFFKPZFPTTML57TW7NDSSYWYZDFA,10,0,0.0,0.1,0.0
AFFLXR7SP7P3HSH67MATB6KBDZOQ,10,1,0.1,0.0,
AFFNPKDUAYNRD4LMKEJGW74FGJYQ,10,0,0.0,0.0,
AFFNR2UVFGVE3ZCHJ5G4U76K64AA,10,9,0.9,0.0,0.0
AFFRL4YBJLZRMYXZCG44HK64FXYQ,10,5,0.5,0.0,
AFFSE7VO55MBDXTPX3FNLES2XCLQ,10,3,0.3,0.0,
AFFUVVE5RUL3ZKHYD6LUWFN42EMA,10,5,0.5,0.0,0.0
AFFYJYF6SMY4OKO3KKQDBWGUEAFA,10,1,0.1,0.0,
AFFZ4BR7AY4WVHDT6RI2LJJQSMHA,10,4,0.4,0.0,0.0
AFG2NELL4TDZY3ZHIQEPWIK2MHWA,10,3,0.3,0.2,0.0
AFG4FVP53MVIDTE42DFP2AK6AUVA,10,0,0.0,0.0,0.0
AFG4PJAOBEVRKOMON2NWSA3MWERA,10,0,0.0,0.0,0.0
AFG74QOJJRG3UEUCO6QZBHIPC65Q,10,1,0.1,0.125,0.0
AFGC64J5XPOZX3GL4JZIVX66224Q,10,1,0.1,0.0,0.0
AFGCJWEVX4NS6G4LOOTW3RFMOK5Q,10,0,0.0,0.0,
AFGDJXPLVCTV4VPJNBUZESI33XKQ,10,6,0.6,0.0,0.0
AFGFKDJ64GCMHKYLP3XQ6WJ5WO3Q,10,4,0.4,0.0,0.0
AFGG2UXLYJ2GI3HE7ELFCW3TDRJA,10,1,0.1,0.0,0.0
AFGHV2FCKCMNR6XSJSK7FF5WNIOA,10,4,0.4,0.0,
AFGL6SAJUMPXGNJO6ZOOZUDNFLBQ,10,0,0.0,0.0,
AFGRPBGJWWC2RM6FA57MN37BELCQ,10,2,0.2,0.0,0.0
AFGUEJHT3AXPG3ERLNUGESSHZATA,10,10,1.0,0.0,
AFGWMBIOGQBB5MKJ4USVSLYEDE6A,10,4,0.4,0.25,
AFH3DSMJ6HCPKTDE6RINGWGCWEMA,10,0,0.0,0.0,0.0
AFH4K36VNX6D2ERQI27XV74FKESA,10,10,1.0,0.0,0.0
AFH5GXKAAYTHYW7MLBCB5WRMVMUQ,10,0,0.0,0.0,
AFH75AZ3HXUYRC4EXUSFIU3EICIQ,10,1,0.1,0.0,
AFH7JFLRM76FS74F4QB2IU6WBW6Q,10,1,0.1,0.0,0.0
AFHAM46BETKOF5WS76R3TY6ZHR6A,10,0,0.0,0.0,
AFHDOXWAEPNFYBJSRAHDV4OYGEXQ,10,1,0.1,0.16666666666666666,1.0
AFHFBDPJAJ2JZQCIRVDGOJ2U3WDQ,10,10,1.0,0.0,
AFHFOPAIHAXNOR4QJSBEUV6MXCGQ,10,2,0.2,0.0,0.0
AFHFRJKIJV43SFU53QIN4XLWKVPA,10,0,0.0,0.0,
AFHLQPDGC4ZGXA5Y7TLO4P42XC7Q,10,0,0.0,0.0,0.0
AFHMT5JPXWQFFZG3L3G7KLGZG5OQ,10,1,0.1,0.0,0.0
AFHMVXGIZ4A3WRICVK2444I7E37Q,10,2,0.2,0.0,0.0
AFHMXQ7GXEWBNGPU362B4VE75EJQ,10,8,0.8,0.0,0.0
AFHQLEWRT7HAEXEJVTNHWJZSNYZA,10,0,0.0,0.0,0.0
AFHSTCEE2JNMQWU6JB4HI7KLH5AQ,10,10,1.0,0.0,0.0
AFHW625VCI7IIIDFXPHL6MU7YTIA,10,5,0.5,0.0,0.0
AFHXT4JQVBD446JQPJTIHQOD32TQ,10,1,0.1,0.0,0.0
AFI6FE3N2QWZNYWPSNGGM3CTFLHA,10,0,0.0,0.0,
AFI6KFBF4RLYIEI4P5HNMOKSOJBA,10,0,0.0,0.0,0.0
AFI6OJOY3YLTK2XQUJ6Q56GKWUTQ,10,1,0.1,0.0,
AFIAGM53T2CFKQWRZOUZNWMTAHOA,10,1,0.1,0.0,0.0
AFIB7UJAIYASTN4ZYQAVSB4PFZLQ,10,1,0.1,0.0,
AFIBHNQSFP3TISPRVKA2LSAGV3CQ,10,1,0.1,0.0,0.0
AFICHVZ62IFAWIBZK3U6B7NZWAVQ,10,1,0.1,0.0,0.0
AFIHDBPFQ26YJZQMDNYUW6SY23PQ,10,5,0.5,0.0,
AFIHWD7J2EKQOEMMRU5KWDDET3JQ,10,4,0.4,0.0,0.0
AFIICL33VHTWFDOPVUJECU6XN6WA,10,1,0.1,0.0,0.0
AFILBS3UCRFOW52FU2KAHJ6QFXTA,10,4,0.4,0.0,0.0
AFINYPC2ES62BZJ5ZUXS5SAM7F6Q,10,0,0.0,0.0,0.0
AFITKLEEIRE5TMSQ547PHNUFGEJA,10,0,0.0,0.0,0.0
AFITKU6RUCWUDZRR2IQHJCOETJ5Q,10,2,0.2,0.2,
AFIUE73MR26H6OIRWMM4BNBSV7UA,10,1,0.1,0.0,
AFIWUIX2CJSFWSZCFKOW2VNJMO2A,10,2,0.2,0.0,0.0
AFJ2V7MSOFT2RYPPEY6VAQKWNFGA,10,0,0.0,0.0,0.0
AFJ5JHTHTJFXBOH3C2YNTA2Q5Y7Q,10,1,0.1,0.0,
AFJ5OPJDCTIE6KE2KO5GQTT7GAXA,10,1,0.1,0.0,0.0
AFJ6BJ52LJTX56EG7QOFZKHSACFQ,10,0,0.0,0.0,0.0
AFJEVXZK427AU4QMT5EOOSQIXONA,10,0,0.0,0.0,0.0
AFJEXMOBDOQDOIX46YFY5KMNQCZA,10,9,0.9,0.0,0.0
AFJHGPVLATXDD3EKHPZNKYQIWTEQ,10,2,0.2,0.0,0.0
AFJLZFNAFWXXEONCNROWNAKN3RNA,10,7,0.7,0.16666666666666666,0.0
AFJO242WNCGB3KUVS5SNPGA3WNKA,10,2,0.2,0.0,0.0
AFJSJTZSA2QE6OTUEBNVTAM3RV7A,10,1,0.1,0.0,
AFJVQ3HNGNLNBRJJVN5LHCNGH2LA,10,0,0.0,0.0,
AFJWF5TUFVA64VSQO35RGGKW33VA,10,8,0.8,0.0,
AFJXBMEQSSFFZUQ4UVCQX53PA6TQ,10,0,0.0,0.0,0.0
AFK2H5EWE6PBBRGBPUU5ZHFEYFFQ,10,1,0.1,0.0,
AFK3DSGRV5TY74IGD3J3S52MVLTA,10,0,0.0,0.0,
AFK4YBIZUP4L6I4DI6M2XZLXFXQQ,10,0,0.0,0.0,
AFK5YEJOMM6OOR5GNPUUQY5IMHGA,10,5,0.5,0.0,
AFKBJUJ6HGZCEF2PHSDN3UC4T5FA,10,4,0.4,0.0,
AFKDSHJZ5JULXLBZIHZMI3HRV3MA,10,3,0.3,0.0,0.0
AFKDWV7XVRPPXUJ2VKDMOTWU3LKQ,10,0,0.0,0.0,
AFKEBML7ERH3AXPWWEQPCHD6EN7A,10,1,0.1,0.0,0.0
AFKG54QEQJKVB3WU5APLZCXLUXNQ,10,0,0.0,0.0,0.0
AFKJUQ3TU2W4SGIRYCR4QMMHWPDQ,10,3,0.3,0.0,0.0
AFKL4NNCJDSRVRCFIRREN4QDH6MA,10,0,0.0,0.0,0.0
AFKLZ2H6RE74YF67Q4767TLYHQ3Q,10,3,0.3,0.0,0.0
AFKN42MUDRF3VLDSDMHGDSM5V5HQ,10,5,0.5,0.0,0.0
AFKNM5NJYHAXJVJGVD7PBLCZJ4NQ,10,0,0.0,0.0,0.0
AFKPYCRFAB5X6YL367CSGMCL3O5A,10,0,0.0,0.0,0.0
AFKSKBPCWXW45MCBMMOFVW26XAIQ,10,7,0.7,0.0,0.0
AFKUYJ4D7OZT4YPDFAGQ7CKY7G5A,10,2,0.2,0.0,0.0
AFKVSIAZ2YFR6KKEN7OLN7IMJ2WQ,10,0,0.0,0.0,0.0
AFKX6T4CODZEQ5PYGDGFHF7B6K5A,10,4,0.4,0.0,
AFKXJ3ADPJRMCWMKBJVY5UWCQ3MA,10,3,0.3,0.0,0.0
AFL23JWQA7NGLYNOTXJXGDMITTXA,10,0,0.0,0.0,0.0
AFL2SNCJQRB5ZNBPHJX2KZQWA6MQ,10,8,0.8,0.0,0.0
AFL3UAOHGGI2DRSA7WXIJ57BWRVQ,10,1,0.1,0.0,0.0
AFL4QHPJFMZFSHXUCGHTS3MNKBLA,10,0,0.0,0.0,0.0
AFL75C4H3HH5S3TXKY6ABI6AH7AA,10,3,0.3,0.0,0.0
AFL7TOAW7EG2CFWWIFZGCKMLHVYQ,10,1,0.1,0.0,
AFLA7A3NUZHXV3GH2BEHZSU6EUIA,10,4,0.4,0.0,0.0
AFLAX7O6XNCYLOYR5RSAWMH46ZPQ,10,1,0.1,0.0,0.0
AFLDM7DR27LSS77VEFKT4Q5URA7Q,10,0,0.0,0.0,
AFLGINDB6PJ2HFPHAESCIYMHOHQA,10,0,0.0,0.0,0.0
AFLHU47XNOFSWPXKQECQRJRXIDPQ,10,0,0.0,0.0,
AFLJ6MSZEYHS2JCCE74YOU7WXXVQ,10,5,0.5,0.0,
AFLJEEDUKQFLOQF6HVEYFNXDH66A,10,1,0.1,0.0,0.0
AFLKSCZWWJFUEKY7Y5W5KX4AGQ3A,10,3,0.3,0.0,
AFLMOVIEQOF77KF7PA27ELLQ5XQA,10,2,0.2,0.0,0.0
AFLQE6XTZUZWVGWJOGRSGYYHSZIQ,10,0,0.0,0.0,
AFLUVB7A3SQH26LKMBP5LKMO7KZA,10,1,0.1,0.0,0.0
AFLW6FXQMVUGOQVWIT6CXX3LMQZA,10,0,0.0,0.0,
AFLYVVD5HCJGZOJ4SHYEBUHFHOKA,10,0,0.0,0.0,0.0
AFLYW5UTJ2UMFHAJTFMUHYXBTPAA,10,0,0.0,0.0,0.0
AFM2CTFXQRBH7IA6IMXY5J6FTLIQ,10,1,0.1,0.0,
AFM3B6PPBYJ3GOVVMBP6JKCS3HGQ,10,0,0.0,0.0,0.0
AFM44A3QEYJEBACSAZMTFLGRBGNQ,10,1,0.1,0.0,
AFM4U7V3AI7QWHGA2TWND5LPCP5Q,10,0,0.0,0.0,
AFM632D3TIVTFNITKNTC3LKKUA5Q,10,0,0.0,0.0,
AFM6M4BE24Z263AHHR7V4BKTS3BQ,10,1,0.1,0.0,
AFMBJLRWUEW7GFMIFESY3M72I73A,10,0,0.0,0.0,0.0
AFMBROKUVPFSPVOJWED5YSQPKILQ,10,3,0.3,0.0,
AFMBXTGWFJVX666RWOJWJ2CHUGCQ,10,1,0.1,0.0,0.0
AFMC3IZ2ETRU5XXODXMC5ADYZFBA,10,1,0.1,0.0,0.0
AFMFHWUQYNU7XHX56AU7NNNDKWRQ,10,0,0.0,0.0,0.0
AFMKBOYBETSTD42NUNWGIMD5V5NA,10,7,0.7,0.0,0.0
AFMMRE56NRM2VESZUWPFYHJSJ45Q,10,1,0.1,0.0,
AFMQJGIN4LUY46LHUMVX7MV55UVQ,10,2,0.2,0.0,0.0
AFMQRAQ6V2T7JG4M4GHPIK32RDXQ,10,0,0.0,0.0,0.0
AFMU4LHVPKH65KIXVYJSQGHCYWEQ,10,0,0.0,0.0,0.0
AFMVE2BGBYR3KWCWIYQHIEP5MZ6Q,10,1,0.1,0.0,0.0
AFMWK2RRTBPCR7EZGV4JDW4TUCFQ,10,2,0.2,0.0,
AFMWNCAZFMEDGOGQ3K2IMOYG2CUQ,10,0,0.0,0.0,
AFMYYYO5OQMUNTP7OCFDC7FQ6UCA,10,0,0.0,0.0,
AFN42XC7GL5BKP7IJKWCY43MKD4A,10,7,0.7,0.0,0.0
AFN6LKT2AUQ2KWRZB23SL6T5EKJQ,10,0,0.0,0.0,
AFN7675R4GNWGGWJXLV63MLHNMJQ,10,1,0.1,0.1111111111111111,
AFNAA7WMBLSIUBLMHSDE6SU6OPCA,10,2,0.2,0.0,
AFNBFEHHWEC4KHEZJW2JOIU2ABHQ,10,1,0.1,0.0,0.0
AFNBUTO634MBO3TPCY2NYBSEFNQA,10,1,0.1,0.0,
AFNDNOCTD2GTDNO4NUDEWP7AIHNQ,10,0,0.0,0.0,0.0
AFNETLZFRQO6E4MSTXXRRE7FABEA,10,2,0.2,0.0,
AFNEXX7JSKGXNRORMBDQOOH3B2SQ,10,1,0.1,0.0,0.0
AFNF5TBXKN4KKQDSMVXX6KGSAAWA,10,0,0.0,0.0,
AFNHXTHM4NHZY67FT37OLERZTKTA,10,2,0.2,0.0,0.0
AFNJZ7V2XXJXGJ4PDYSGMF6SBH3A,10,2,0.2,0.0,0.0
AFNK3T3NLHIWIZH4AHLCQSFNORWA,10,3,0.3,0.0,
AFNO5Y37YOZBXVEYGCPAHOXAK5VQ,10,2,0.2,0.0,0.0
AFNPYGSTBEQQXECK73PO5SWHZA7A,10,3,0.3,0.0,0.0
AFNQNOSC523JPSS43IBIRSMYEMYA,10,1,0.1,0.0,
AFNRCLGLGHTH2OZCCXJUXYUGQLUA,10,2,0.2,0.0,0.0
AFNX6XKIN5GCXAXWE3CDVAW4K4MA,10,3,0.3,0.03225806451612903,0.0
AFNZJSWM7UPTEQZSXQE4YQZ32QPQ,10,0,0.0,0.0,
AFO3EWL5AUXMQOXAENR2E2XKOP7A,10,0,0.0,0.0,
AFO7O3CGDKJINX3Y7U2HFPRVSWSA,10,1,0.1,0.0,0.0
AFOAMSDIGOCGP6RJFMV3SST274MA,10,2,0.2,0.0,
AFODGOH4AAL6OJCDIEI75COMHMRA,10,2,0.2,0.0,0.0
AFOECZ4SKCJEHDQ4UIXE2DH7YQ5A,10,0,0.0,0.0,0.0
AFOHEZS2M3Y3BMBPMZACSNOH2YPQ,10,1,0.1,0.0,0.0
AFOHQOR56OCUQYTI6EGYIC54AEZQ,10,0,0.0,0.0,
AFOIZAKGPBUB3GZZRR7EG7H5ZNUA,10,4,0.4,0.0,0.0
AFOONVLY7TWNBKZDQ2HXC25WEO5Q,10,0,0.0,0.0,
AFOYBXZA6UK4YT32LKYCZLCQG3VQ,10,0,0.0,0.0,0.0
AFP5O5IKIYVUIZMGHB4I4QHAUERQ,10,0,0.0,0.0,
AFPE4AEIV4LEU7PYTPZWW74YNU3Q,10,1,0.1,0.4,
AFPEUSBGNDJILCA3NGGFIZG6WCSQ,10,7,0.7,0.0,0.0
AFPHWPZPAENMGLCSEHIRIB5YF3TQ,10,2,0.2,0.0,
AFPL446LK5WTZFRIF6FTTHQYCRJQ,10,4,0.4,0.0,0.0
AFPOTFD5RRB6MHZQ5P5UIVG7QTBA,10,4,0.4,0.0,0.0
AFPPMAPYGGLB3OEB62FXOJZAQVEQ,10,10,1.0,0.0,0.0
AFPQREI2ZDAOOHPDQJ77ASEUIDYA,10,1,0.1,0.0,0.0
AFPUH5HVQJRMQIZ5EZDCCWY74NAA,10,3,0.3,0.0,0.0
AFPZ25M45T7CUX4YPBJRPAM7PXSA,10,1,0.1,0.0,
AFQ4RXCGFMPHD2HB55W33MIFQ2WQ,10,0,0.0,0.0,0.0
AFQA6LGYI62K2AR5PARHVAPV3YZA,10,0,0.0,0.0,0.0
AFQA73GHU6CKQ425EVZLRUFH6D6Q,10,5,0.5,0.0,0.0
AFQAHYZLA663LKWD7QQOW6ZTKQXQ,10,2,0.2,0.0,
AFQAMELZVJQTVUQDBNUOLZQST4RQ,10,0,0.0,0.0,0.0
AFQB54YYBF2UU4ZCL7V3HKT7DR4A,10,1,0.1,0.0,0.0
AFQB6AWX3WBJYZQHBXGP2HLCONKQ,10,1,0.1,0.0,0.0
AFQCIHPQHRSGMSF2WU2FOVE34GWA,10,0,0.0,0.0,
AFQDOCE2TDRT5TFUINUG5NBDWFRQ,10,3,0.3,0.0,0.0
AFQDPSZYIUZO4D76CAVQFBSS3CXQ,10,0,0.0,0.0,
AFQEQRWER7XPKP4QBJUEIKUWFLSQ,10,0,0.0,0.0,0.0
AFQFRRRV4CMQMVCIXPCJN4XCA5WA,10,1,0.1,0.0,0.0
AFQGEOMWLTM2VWY6T3PAXO24WZWA,10,1,0.1,0.0,0.0
AFQHEQJKQOBX42YQLEO4DPXEUEZQ,10,2,0.2,0.0,0.0
AFQHG6DQYJUJ6PWAJ3DY7I4YHYPQ,10,2,0.2,0.0,0.0
AFQNZZ37U5NE27T6H2YKRZKOXLLQ,10,3,0.3,0.0,
AFQOZMHENBPV747ILRGDYWKR5YGA,10,0,0.0,0.0,
AFQPDGHVZA2PIZK7VP6PFUP7D6BQ,10,10,1.0,0.0,
AFQQIAYFU5QLUQTYUS3LAZ22AXIQ,10,2,0.2,0.14285714285714285,0.0
AFQR2CAI3IEFGNQEXHCWMBHV7QZQ,10,7,0.7,0.0,0.0
AFQRLVWYTFG4YO4RNXSJWSQUOJAQ,10,2,0.2,0.0,0.0
AFQT2G7MAC6AXGXK6SKXJSVTSKIQ,10,9,0.9,0.0,0.0
AFQUX3KI77G45XHRKPV5HQLUMJMQ,10,1,0.1,0.0,
AFQZGH6WY37FH46QGEOC6POBNO4Q,10,2,0.2,0.0,
AFRA6YXULA4EXFHLZW2TSTYO3HFQ,10,1,0.1,0.0,
AFRDHXTHTC74B7WEOVRLLB2UYH3Q,10,0,0.0,0.0,
AFREFX6HP432TL5MSBDZJWTK2RZA,10,0,0.0,0.0,0.0
AFRIRJAJWVEMMBJIVF4TOMP3526A,10,5,0.5,0.0,
AFRMWOA4XCXJJT2LJJ7GBAQAZXJQ,10,0,0.0,0.0,0.0
AFRPLHQY3PSZ36J2GFVU7LGNSRWA,10,1,0.1,0.0,
AFRQKJXWL3CJTQC64T2Z4T73EA5A,10,1,0.1,0.0,0.0
AFRRMBJRX47AWH64MIG76T5GLQLA,10,2,0.2,0.0,0.0
AFRTCV5LEUOUZMNAGCMRBUTWXWXQ,10,1,0.1,0.0,0.0
AFRULJ47WEAMKTW4S7YO6WAVFDFA,10,4,0.4,0.125,
AFRVLLRG3XETBPQWO23X2EKOO25Q,10,10,1.0,0.0,0.0
AFRWU25WUXTUQWS2U46AATSWUWJQ,10,1,0.1,0.0,
AFRXD7UL2F3H7ZMH6NICQUDW343A,10,6,0.6,0.0,
AFRXRMRRTRH5OKC2PPQSMW6AG5IA,10,0,0.0,0.0,0.0
AFRYREJK6ZNYNHURRUSXNBHODM7A,10,0,0.0,0.0,0.0
AFS5VQNOFIFI2UBBMYDL6VRUNQBA,10,0,0.0,0.0,
AFS6OY32CEHUCPBPKJMCMLFOOZRQ,10,0,0.0,0.0,0.0
AFS762DRUBA6BR2N5A2VMLS4726Q,10,0,0.0,0.0,
AFS7Q3JDAOELDZ3AB2PPDV5HFQGQ,10,1,0.1,0.0,
AFS7ZN2VLTRNTM2DQTIQSYHAMV6A,10,9,0.9,0.0,
AFSAKM6VZNODTF5RFGEEE3GQA2SQ,10,4,0.4,0.0,0.0
AFSD5CSKQUSWNC2KB5WS2Z23TCNA,10,0,0.0,0.0,
AFSDCHVKZLUGYXEBDYSHTGFPWDSQ,10,2,0.2,0.0,
AFSJQDINDJ7YSCVGUKHBL4XBDNUA,10,6,0.6,0.041666666666666664,0.0
AFSMIWBY6CFAEMBGRK5HQDILIQ6Q,10,0,0.0,0.0,
AFSMKZXC5LLBOEGNYZF4XE73GZIQ,10,1,0.1,0.0,
AFSOE6CUYFA4B3DBWAUZT5BLYKGQ,10,0,0.0,0.0,0.0
AFSPNU7RCSF3Q5N32XNAQK63GUXA,10,0,0.0,0.0,
AFSTMH7U632CHK6PCXFDWUY7BP2A,10,10,1.0,0.2,0.3333333333333333
AFSTRVM7HCN36GBDSYDU3GIOGQYA,10,0,0.0,0.0,0.0
AFSXUVAIKUK7LPVOYW7NL6I5FK4A,10,1,0.1,0.0,0.0
AFSYHZQDAT4PQ7GKSNT7ISNICASQ,10,6,0.6,0.0,
AFSZXKMEH7GMF257EMPBZ64SCF7Q,10,0,0.0,0.0,
AFT27H7RWAHK2DR44IHDWG7ZTBOQ,10,4,0.4,0.0,0.0
AFT2KA5CLENUCLGLKEYZXCMK6QQQ,10,0,0.0,0.0,0.0
AFT474OSLK6Q2TSFCBCJF7SPWWGQ,10,0,0.0,0.0,
AFT4JQEIOXSGENBGVHGSVYXCMKJA,10,0,0.0,0.0,
AFT4KW5LV6RW3FWNLVVJ2WVK6PWQ,10,0,0.0,0.0,0.0
AFT4UJF42JFZZM2KDVNBJOB4UFZA,10,0,0.0,0.0,
AFT57HVH4BWX64KBDDRQKSRF4XYA,10,0,0.0,0.0,
AFT6NKVPX6IKUPEMEIRLMICXAJEA,10,1,0.1,0.0,0.0
AFTABZGQFOD3Z7RXUT7KPJKJ36EQ,10,7,0.7,0.0,
AFTDEE5VIYHKPZXM7EECU46FDZAA,10,0,0.0,0.0,
AFTDRNK77YWMTFRPS7YNJ26SQEYQ,10,0,0.0,0.0,
AFTPGCBZ4ZKIRBJJQEC6W63D4MZQ,10,3,0.3,0.0,
AFTPHODED6MHDEMNLP6P5TMPBSVA,10,1,0.1,0.0,
AFTV44MRDW3TFUAEDDOSED6EQ7CQ,10,10,1.0,0.0,0.0
AFTVR2JKEVGUFDSSOQZNHCSRXW2Q,10,4,0.4,0.0,0.0
AFTVZVP6YZQ4FT3GK2OLKTFFFWAA,10,1,0.1,0.0,0.0
AFTWJAI66PG5PDMRI3TT6A77YPJA,10,5,0.5,0.25,
AFTY2W2L5KAHMGJC45YDKBKOFPSQ,10,0,0.0,0.0,
AFU45LRRRXWMZXLQCJ34DK227WTQ,10,0,0.0,0.0,0.0
AFU5QF435PD4QKGO7PDT46FC6W7A,10,0,0.0,0.0,0.0
AFU6H2YGKXAWNLNTQHBODV3NPAEA,10,8,0.8,0.0,
AFU7RZ3PWHPJMVC43JLSLZDUHNDA,10,0,0.0,0.0,0.0
AFUDUQ7URWACTZUK3ZRHO4HRMBLQ,10,1,0.1,0.0,0.0
AFUEFQPRHURC4SDRBS2VGMAM7BPQ,10,2,0.2,0.0,0.0
AFUEWVJSO6QCFEIPP7CGQXLQEOJQ,10,0,0.0,0.0,
AFUGBAVJPH5QXVCYDCC57KMYGXWA,10,0,0.0,0.0,
AFUIKNMIBLX5NLZ3JYB5UK4NGXNQ,10,2,0.2,0.0,0.0
AFUJ4KVERHGJMOEU5CN3ERR5YCEA,10,0,0.0,0.0,0.0
AFULHBO2RKOADAJJAJNFWW57MXQQ,10,2,0.2,0.0,
AFULZUWVBHKZKBSNV5GDK6Y7ZWAA,10,2,0.2,0.0,
AFUPOQY5RSV572OSK3EAYHJP42IA,10,2,0.2,0.0,0.0
AFUPYKYOB6NRMT6BLK4BFGWUMB7A,10,0,0.0,0.0,
AFURGBTZDSJMFRQHNLJGRT3GZWKQ,10,1,0.1,0.0,0.0
AFUSZCLQUAUQBVWFRKZBDFH3LY3A,10,8,0.8,0.0,0.0
AFUV4VUBXN67W5JNJPNZ5DAZPE6A,10,0,0.0,0.1111111111111111,
AFUXCBNNXQEWX2PZNBXKMXD25GLA,10,1,0.1,0.0,0.0
AFUXPD5BJQWRSIKENU5CELUTDSGQ,10,9,0.9,0.0,0.0
AFUYENS5K5RUBNNPN5YFIRUQSWSA,10,0,0.0,0.0,0.0
AFV2U2DROIQXP5NBDNW3AV6RUBNA,10,0,0.0,0.0,0.0
AFV7BHNY5QGVMYKC4Q5VNZLVQNIQ,10,1,0.1,0.0,
AFV7LFIKZAWA7TGWJMEI22I32GQA,10,0,0.0,0.0,
AFVA5W76II3KZYZBM6A6MJ5F77MQ,10,0,0.0,0.0,
AFVB23RSF5TWIQBJLYBXR65DBUWQ,10,1,0.1,0.0,0.0
AFVFLIMZPBUBWCRTHJKUEYM6KRLQ,10,6,0.6,0.2,
AFVM7VBAMR3IJTMPVFF3N63GLM6A,10,0,0.0,0.0,
AFVMFSL2ZYMCQ5KJESHDXSUL2RLQ,10,2,0.2,0.0,0.0
AFVP5HY6KKRHG23C65HUMXXZ25KQ,10,1,0.1,0.0,0.0
AFVR7CIL4RXITW7U5DHHXGTYDRZA,10,2,0.2,0.0,0.0
AFVXM7RXLDTBDNZV7FDVGMJ3IU6A,10,1,0.1,0.0,
AFVYW6TUB7GQFL7P53CMEM34H24Q,10,0,0.0,0.0,0.0
AFVZCNPUKSBH7UELHUEMVF2BRO4Q,10,0,0.0,0.0,0.0
AFVZSEAXLGCJDORSTXHUCFYVOF2Q,10,0,0.0,0.0,0.0
AFW33O2X222O642DYDPZOL2JRBDA,10,8,0.8,0.0,0.0
AFW5YNNRBCNDWWG2RNVZEUCQL4TA,10,0,0.0,0.0,
AFWD3PWZ5MPFWXUFPXLMPKC5NR6A,10,4,0.4,0.0,0.0
AFWEPWAZNN7GJ5Q6SSLT25YALU4A,10,4,0.4,0.0,
AFWF4SZCPCIZXUUNGCEXFU6WL6GQ,10,0,0.0,0.0,0.0
AFWFUSZQ3UCM3GHCNHFTQSRX2YPA,10,3,0.3,0.0,0.0
AFWJIIAYYUBUM6NSCP243QONNEPA,10,4,0.4,0.0,
AFWJJJ46PIGAMHSQ6P2EV5TZTWQA,10,5,0.5,0.0,0.0
AFWKIMTYVOXMZQD24QEUC2UQEO7A,10,0,0.0,0.0,0.0
AFWL4OYOP7XIVAC4JO6SHT7OJCWA,10,0,0.0,0.0,
AFWNXDK6322LQIZXREWPAA4AJM2Q,10,0,0.0,0.0,0.0
AFWQX6QDHFAFY6ZEODQRRSS52R5A,10,0,0.0,0.0,0.0
AFWVPHZSZ6D4SJUCNU2M7IRAVMSA,10,0,0.0,0.0,
AFWW665CAZMBU3BCRK4MVIO6N5BQ,10,3,0.3,0.0,0.0
AFX5APRIJVTHSY7WTJS36JEPFZFA,10,1,0.1,0.0,0.0
AFX5TBRVORYG2IM3SOB3T55VCOPA,10,5,0.5,0.0,
AFX6D3EK5RBNFXVZDWCICNYENU4A,10,7,0.7,0.0,
AFXC3EXK4262KYZCSX5LCXH7ARXQ,10,9,0.9,0.0,0.0
AFXDQLMIM57RYRIRZBJJL26GC3UA,10,1,0.1,0.0,0.0
AFXEEMIK5G5E3MNQESGXLRHIBH6Q,10,2,0.2,0.0,0.0
AFXII7SC3IRSNLIAAO7QQEWXHY5A,10,10,1.0,0.0,0.0
AFXISNFHJHIO7XJYDXWLKUUXFA4Q,10,1,0.1,0.0,0.0
AFXL34HGKHZ3KSV3P7BMKB4ASI2A,10,0,0.0,0.0,0.0
AFXPOKNTDZXAK5XDZ2TLTCXZIS6Q,10,0,0.0,0.0,0.0
AFXQY5O6NNLTDM3ZSGI5SV5X44BA,10,1,0.1,0.0,
AFXSJVZWTZNN5NTL5M3QS544VXRA,10,2,0.2,0.0,0.0
AFXTPN3SBU4JC4P3IZCFFNTXYQJA,10,1,0.1,0.0,
AFXTWZDWSKU5ALFZ6EEEVALRBMAA,10,0,0.0,0.0,0.0
AFXWGS7DRCN5SKOSB2RCCQ2YJHXA,10,0,0.0,0.0,
AFXWN4PITPKCT7IWMSALBCOJOWOQ,10,0,0.0,0.0,0.0
AFXX25O3GEWLRESYIAV6RMG2OA6Q,10,2,0.2,0.0,0.0
AFXXK6D5KCWF6IKNGJ3IXC2L7ZRA,10,0,0.0,0.0,
AFXYOMMH73HQUYWIQORVBR74YVNA,10,0,0.0,0.0,0.0
AFY2HAOOR7KE6NXQ2PD3BBWNH5KA,10,1,0.1,0.0,0.0
AFYBJY5T5C2VS3GIBYN24QASXB6Q,10,0,0.0,0.0,0.0
AFYBN556IOEJMFPEAFRCABP5EZVQ,10,2,0.2,0.0,0.0
AFYD4BLSJXTLJKWP4XTUDFIXYTHQ,10,1,0.1,0.0,
AFYDHN6AHUFZQTAQBS3C5VSUQWSA,10,2,0.2,0.0,0.0
AFYFBW6WE3YS6Z6ABXYLPSVMVNUA,10,1,0.1,0.0,
AFYLY7JR2Z4SB7D4OI6YU225V2OQ,10,2,0.2,0.0,0.0
AFYMULKHEIBT7TGMY6IOOFLFNXUA,10,4,0.4,0.0,0.0
AFYTBQ77YCDDUMMT6SWXDWKIYGIA,10,7,0.7,0.2,
AFYVIMCVJVXVJOKVIXEXW5GWY26Q,10,0,0.0,0.0,0.0
AFYWJSDGHUWQKYWIA5V6WBHBJKAQ,10,1,0.1,0.0,
AFZ4HCIGNRMS23DROQUN5GK6BXDQ,10,0,0.0,0.0,0.0
AFZ52HT752TIMAMOHAKC4BVLXQMQ,10,10,1.0,0.0,0.0
AFZBOR22TOC6VSIBDMFHHFB2OTOQ,10,0,0.0,0.0,0.0
AFZCUPJ4YLNN2XASEJXI6USME6NQ,10,2,0.2,0.0,0.0
AFZFUKCD5Z5RKCEO3E7ODCL2SURQ,10,0,0.0,0.0,
AFZGCWIQTXJ4GJOROIGHUWSUZKFQ,10,1,0.1,0.0,
AFZGORHSJTHMPOOTYIRQV5WC5JFQ,10,2,0.2,0.0,
AFZI7NRJ3EHUXZ7M2MZG2SSTH73A,10,2,0.2,0.0,0.0
AFZIAOYRVGG2HC6HROS7XPFJKAHA,10,2,0.2,0.0,
AFZJHSIADX7QUON34PM2DKHERNLA,10,2,0.2,0.0,0.0
AFZKDTZN5Y74J5AXCB5CVNLDE3WA,10,3,0.3,0.0,
AFZOAUVKPVSHVWKV6SV5B2RUXOQA,10,1,0.1,0.0,0.0
AFZPL7ASAPLZQKMOVCGG3EVTVFQQ,10,0,0.0,0.0,
AFZPUXSXCCSVPQSA3KGSAVDDGTMQ,10,1,0.1,0.0,
AFZQNOL7ZY7LWEFEJ5KKX4PEB6BQ,10,1,0.1,0.0,0.0
AFZQPR6AOQTDNS5LCYCS4IFYG2IQ,10,10,1.0,0.0,0.0
AFZSSLGULINNG536WSMG6POFN33Q,10,0,0.0,0.0,0.0
AFZUY43OPA56WNL6TTVB34YMTADQ,10,1,0.1,0.0,
AFZYQJDSSEQGF2UDEWDZLQYLOTWQ,10,5,0.5,0.0,0.0
AFZZCU2VG2L6L5FODK3HCBN25WMA,10,0,0.0,0.0,0.0
AG22E4G5NPKSIONGLOSWAOVK5BBA,10,0,0.0,0.0,0.0
AG256JJTNPVZHDHIS5QKTBU6IA3Q,10,1,0.1,0.0,0.0
AG25NSCLIOIOBNI6E2KVZF236C5A,10,3,0.3,0.0,0.0
AG25UWOTNZ64PS6OHQACS43SBDAQ,10,1,0.1,0.0,0.0
AG25YQVN3W7LIU4VKFH23LQD7RQA,10,5,0.5,0.0,
AG2ATJPLTIH73FNUWYTJJ26MI4NA,10,2,0.2,0.0,
AG2EIWRNW3I6VCUV6VVD3AHXYF7Q,10,4,0.4,0.0,
AG2EUA5HHNV3KRDAXXO7PWAFZ5FA,10,2,0.2,0.0,0.0
AG2GVMU23XR45AKQECI3AHTX6MBQ,10,0,0.0,0.0,0.0
AG2IJPL54ET4JBK22F6DKN42DOBQ,10,3,0.3,0.0,0.0
AG2KHPZQK4XK7EHMZ4DKB557HTLA,10,5,0.5,0.0,0.0
AG2L6E4H2SO43HLVNQI3BHCU6NWQ,10,1,0.1,0.0,0.0
AG2M63HC2MJLQM35EIF7BVTRPUIQ,10,4,0.4,0.0,0.0
AG2R7LMGMNKBE6H4DFW3K2RKSRWA,10,1,0.1,0.0,0.0
AG2RTZBOYUM6RESPT7DD3OA32NHA,10,3,0.3,0.0,0.0
AG2SAG6HSVFZIJAUOF52XCOVLQAQ,10,0,0.0,0.0,0.0
AG2VJYW57FMT4YBSY3KYIHY6EURA,10,1,0.1,0.0,
AG2VUQZRX3EDPPTT65Z2GL5QUJ2A,10,4,0.4,0.0,0.0
AG2WX3SVQNSZYJ25HULQ33PNHYGQ,10,2,0.2,0.16666666666666666,
AG2YPF77M7RWI4OY5HXCQF6MO2EQ,10,0,0.0,0.0,0.0
AG33Q5746MEHUR7LBHIAZNLVFEUQ,10,2,0.2,0.0,
AG35AI5EEQKOQMLMGUQZFLRK7PTQ,10,6,0.6,0.0,0.0
AG3DDQB3FSRV7K7X633EKCYO6ASQ,10,0,0.0,0.0,
AG3GHD6KATNMYPQ4MUUE6MSA5HWQ,10,1,0.1,0.0,0.0
AG3KH773Y6RJ4O3TJ4I4IKLR7AIA,10,2,0.2,0.0,0.0
AG3M4LFA4ZK7WESDNEN5ZCOA33WQ,10,1,0.1,0.0,0.0
AG3NAWE54CTXWLK2BOMFOYN44SNA,10,0,0.0,0.25,0.3333333333333333
AG3VZBL7U5LWV3QC5CO6RW3RROBQ,10,0,0.0,0.0,
AG3WWJH4253LU6T5KEZCKDIJUCBQ,10,0,0.0,0.0,0.0
AG3YPMKHMUZY5I4MUULIR6BEHE4Q,10,0,0.0,0.0,0.0
AG426E2XSGOIH3IGLL5XMTKXCXNQ,10,4,0.4,0.0,0.0
AG44LJRWV6IAT66VAOPCNLGSTKOA,10,10,1.0,0.0,
AG45FQYFSBSTAC67CIHUGUROYZUQ,10,2,0.2,0.0,
AG45J2F62J2MAO2UNYA64DT4PXAQ,10,4,0.4,0.047619047619047616,0.0
AG45NWDYKXFO3JBXKRAEER6LL6XA,10,6,0.6,0.0,0.0
AG47X6BE6OAZTFASDFV2K4AWQL6A,10,2,0.2,0.0,
AG4D7KPB3PTMYDG6JGZPGDRPKTGA,10,1,0.1,0.0,0.0
AG4DH56ZK2SRZXX5CIGX5LBWYXQA,10,6,0.6,0.0,0.0
AG4GMXAV2UCOO6N4E7GDGN2TMKTA,10,0,0.0,0.0,0.0
AG4JDGQREZU2VL7SH3QAA6MDJKSQ,10,1,0.1,0.0,0.0
AG4JVV3FTZT2AMVTDGOKADZIJX3Q,10,3,0.3,0.0,0.0
AG4KNYTI6CV2XEUWC3AT33TOF32Q,10,0,0.0,0.0,0.0
AG4KQJLB5PPIRTHCFMGIPZ7TCKUQ,10,5,0.5,0.16666666666666666,0.0
AG4NJEEA4XPFDCI3JNS6OL7FJHGA,10,5,0.5,0.0,
AG4P5MNOMQ5SOECLKFHEK3DX33TA,10,0,0.0,0.0,0.0
AG4QHIZFWXQYM3FCWZSPKKFOS5BQ,10,1,0.1,0.0,
AG4WOB5YVFNSNFNVYAX2FDZZBCOQ,10,0,0.0,0.0,0.0
AG52JWUG3H4CYIYENIKXM4Z4RMXQ,10,5,0.5,0.0,
AG53KWZXX2MEI5JMM5SJLYKWFYOA,10,0,0.0,0.0,0.0
AG57FBA3ZBZ6OGAOIDLG7PR4USPA,10,0,0.0,0.0,0.0
AG5DTPDJ6XF4EU2LLSFHPJO4UZEA,10,2,0.2,0.0,0.0
AG5EJTIBO5EXXYDMOSUQVYBDJIJA,10,4,0.4,0.0,0.0
AG5F4LQTMNQHHNFNEGWSDKD6NCLQ,10,10,1.0,0.0,
AG5GGOE4MIKTMDCTFYQEDN67UVKQ,10,0,0.0,0.0,
AG5HW6SXNYV26QOIYKQ3VWCECYTQ,10,10,1.0,0.0,
AG5IEMZFHTWHEM6FFBDMQBSH24GQ,10,0,0.0,0.0,
AG5IEN4THDRURS5MQUSUZYZYUF5Q,10,1,0.1,0.0,0.0
AG5PFWKWU77L3DLYUHHZRSMKKXNA,10,0,0.0,0.0,0.0
AG5POK2R6T7TNLWM34LGZLGYLTOQ,10,4,0.4,0.0,0.0
AG5QCC2MQN6XT7I4OUPNOESNLTHA,10,9,0.9,0.0,
AG5T75CF3E4PHXVRVGIJCDWLQD4Q,10,0,0.0,0.0,
AG5UFUTELKFDXDVYOB6PZTL7VXXQ,10,0,0.0,0.0,0.0
AG5WPSVCNLT4M33SXXOUXWE32LLQ,10,1,0.1,0.0,
AG5X4MTFX4GIKULTGKMIV7G4XBUQ,10,0,0.0,0.0,0.0
AG5YKWO57PMH2CZKCQEOEEGZRQJA,10,0,0.0,0.25,
AG65HM5RVTFBMAIXRLOAVS3Z3HNA,10,2,0.2,0.0,0.0
AG664F7XMBNM7CUENCDBJATDROHQ,10,1,0.1,0.0,0.0
AG67AEXULJQMW7GLFJDJGZEBNT2A,10,1,0.1,0.0,0.0
AG6AJDWW7HVQZUG6L2WLX4PYYZUA,10,0,0.0,0.0,
AG6AYVY4OS3I7US6RS2YHOLPQM2Q,10,3,0.3,0.0,0.0
AG6EIHDADU65T2M7V2QOIJEJYI5A,10,0,0.0,0.0,0.0
AG6GPIKENPZRBMYKTGNF46XUN7FA,10,1,0.1,0.0,0.0
AG6H3B63JLLAI7KCMQA25C67VUXQ,10,3,0.3,0.0,0.0
AG6IAN32LFXF46L5SSFW443EN64Q,10,0,0.0,0.0,0.0
AG6IJ2OTA7JSOJ27QTR45WO37DVA,10,2,0.2,0.0,0.0
AG6PHCY2S6HHV6VNZWU6MP37EUHA,10,2,0.2,0.2,1.0
AG6SV6KH5H2L6E5GZ5NTIK7POELQ,10,0,0.0,0.0,
AG6TVCP4OWHMYAEWK27XWYZR6FAA,10,1,0.1,0.0,
AG6XG5EBYE5M7TOAFSCWOAZKGHIA,10,4,0.4,0.25,0.0
AG6YXEPL6ENWE4CTSAOR3HHPX6BQ,10,0,0.0,0.0,0.0
AG72U7CVIHG3I4MI7SPO6YXPRGDQ,10,1,0.1,0.0,0.0
AG73Z42QIAZW5QMI425NB3AKCVLA,10,1,0.1,0.0,
AG74QXOLXOXXBRNNHB6H4LXRJERA,10,1,0.1,0.0,0.0
AG7BCFH2HZRGWTM7TDOBKCKPSQUQ,10,1,0.1,0.0,0.0
AG7C24544TV4DKMCXMW3HEO6KAEA,10,0,0.0,0.0,0.0
AG7FEHOLMTMN6JSE6FXCFAHCL26Q,10,3,0.3,0.0,0.0
AG7HEUXYJY2LXKEAO233XULAZJOQ,10,3,0.3,0.0,0.0
AG7I743DBZQFLJ76LMKVKDI3YJAQ,10,1,0.1,0.0,0.0
AG7IC7UE2XWCCPIAX3227DESRBIA,10,0,0.0,0.0,0.0
AG7JHGOHLKP562RLJUGJGIWKE4TA,10,1,0.1,0.0,0.0
AG7KJQEEBSSEER6ZH44JKFULPYLQ,10,7,0.7,0.0,0.0
AG7LELP2BOE5EHXMAHMJE2LK4JUA,10,0,0.0,0.0,
AG7NJYKYFX3D5AFUK6WD32RVMD4Q,10,5,0.5,0.0,0.0
AG7OUAYXTOGHHFXEH5ASGVTLINFQ,10,3,0.3,0.0,0.0
AG7RKT3TQ5KNALFQTX6AP3NWWXEQ,10,0,0.0,0.0,0.0
AG7S2BXUGI2G5RJFLE5T32H54XFA,10,1,0.1,0.0,0.0
AG7TXYCQZCUKVG7C4B5OJND364SA,10,3,0.3,0.0,0.0
AG7UARZKJO6PN75CBEY42EBVQOFA,10,1,0.1,0.0,0.0
AG7UZAWIH2SV7PATOWBJOO4NIQAA,10,3,0.3,0.0,
AG7VINHKWSSJNX23KJOYIUAEOGDA,10,2,0.2,0.0,
AG7Y7FOL43VKCJDSEYP25LWSQFYQ,10,10,1.0,0.0,0.0
AG7ZHNF6IJPLT7Y3DENNM6XWXEPA,10,0,0.0,0.0,0.0
AGA3V7ICXKHCESK7AQJKH2ZIP62A,10,0,0.0,0.0,0.0
AGA6ELHQQPZEVEG26LAAV6SFWDEA,10,1,0.1,0.0,0.0
AGAF5KC7MMH56QC3FMLB6GE5Y7AA,10,2,0.2,0.0,
AGAIFW4CADGCRD7ZTK7WA5ZPSSMA,10,0,0.0,0.0,0.0
AGAKQAITS4UTWUJFRP7G5FKPI33A,10,0,0.0,0.0,0.0
AGALVYGREGJB2QJ4Y5BBJUBKEWAQ,10,1,0.1,0.0,0.0
AGAPV5OVPQPOAUWQZN6GTAQCVL4A,10,3,0.3,0.0,
AGAS7VFGWZRNSHZDBOG2OIGJJAHQ,10,3,0.3,0.0,
AGAU6SD2VS7SJONCEQROOUBFQPRQ,10,2,0.2,0.0,0.0
AGAUKTX7WKPRODBVP62GLOSWXWNA,10,0,0.0,0.0,0.0
AGAWZ25AT4BMEKVA72Q3TKQA3GZQ,10,0,0.0,0.0,
AGAXRWI3OXILG65ZGA267I37MHGA,10,0,0.0,0.0,
AGAZVZ5D3DE2GZYDIBGRNPBG4HCQ,10,9,0.9,0.07142857142857142,
AGBCPVNLWDIGZQNPTES2EGWRUG3Q,10,1,0.1,0.0,
AGBDW5HTTDTD7PX4JE5JJGFBMGSQ,10,0,0.0,0.0,
AGBHFFHOFPAELWL5OLGVM4OUD4TQ,10,0,0.0,0.0,0.0
AGBO4REEUDHVELNUKSYSVHNR7IUA,10,0,0.0,0.0,0.0
AGBQSN5H3ZHMLW4SWRI6TQINO6BQ,10,0,0.0,0.0,0.0
AGBSBTMGYFHRUFU53KSUXUSYSGXA,10,2,0.2,0.0,0.0
AGBSTY6SKAOWGU47KW726CTF6REA,10,1,0.1,0.15384615384615385,0.0
AGBTU2S7G6WX33ZXUJ7IBXHYLVPQ,10,8,0.8,0.0,
AGBV5RCPMSI6G4LYYEM62KONRURQ,10,1,0.1,0.0,
AGBWAE6Q5TGR5UOODZJFMEJ2QEOQ,10,2,0.2,0.0,0.0
AGC3RB6DFPPJQIZTKKD434WP2ORQ,10,0,0.0,0.0,0.0
AGC3YYKGEOXRFYGVPB52ZC7JGZUQ,10,4,0.4,0.0,0.0
AGC4MWUL6RK2FFE5F2XJOL7TT4SQ,10,0,0.0,0.0,0.0
AGC7B5XAMCKS5JQZY26N3HUKDTFQ,10,0,0.0,0.0,0.0
AGC7YZNGZUMLZBQPTCXZ3G67GZRA,10,0,0.0,0.0,0.0
AGCAXKPJGNRZSEOOXH4RXUPS4PZQ,10,2,0.2,0.0,0.0
AGCB6IBFGZFFYZLMBEDUXOKG6FEA,10,4,0.4,0.0,0.0
AGCCAESXN25VH56YY4V23HORTTYQ,10,2,0.2,0.0,0.0
AGCEG52FAYFCAJUWYRFKXTNPRIOA,10,0,0.0,0.0,0.0
AGCEMBF74IHVFUDDKQV4H6RYJJFA,10,1,0.1,0.0,0.0
AGCGJLFRTTH62NQCAEO235PL2TGQ,10,0,0.0,0.0,0.0
AGCIWZOQ6EXDARGN7UO4KRE2VNCA,10,5,0.5,0.0,0.0
AGCNYCHVOAK54VNI44UQ55FJTMUA,10,4,0.4,0.0,0.0
AGCOWIQDUV3DBDVHPC5CRKUWXV5A,10,0,0.0,0.0,
AGCRNNVKJUPPHO7XXU7DKVVKNPAA,10,0,0.0,0.0,0.0
AGCSH2QGPZAPKMO4RSRMRCHR3N3A,10,0,0.0,0.0,0.0
AGCWATQPGD6UFLQYQP53FTLGLHKQ,10,0,0.0,0.0,0.0
AGCYSGOBKNTIDQ25NKKBP5DRY7YA,10,0,0.0,0.0,0.0
AGDECMJO3CU7PCJYILXKKARSSRQA,10,0,0.0,0.0,0.0
AGDF6OOWTVAFZLMZ2Z3TQB7TGXGA,10,0,0.0,0.0,0.0
AGDK25G6GU4YKRJ7MIIW4J7RW3DQ,10,2,0.2,0.0,
AGDMSQ543LH3RB6A2YUKAH2RG3PQ,10,0,0.0,0.0,
AGDOIWDOMB5NM3M65FKJY5TZ5IFA,10,2,0.2,0.0,0.0
AGDQCAX573GEXWKTJ4INUD7NSH2Q,10,5,0.5,0.0,0.0
AGDSFUPLYQJ7XN6O7WFGNXNVE5BQ,10,0,0.0,0.0,0.0
AGDSJVJE6XIC6663DXEUDQLT24MQ,10,1,0.1,0.0,0.0
AGE547VYT5237XV4RXAVWEUCBQEQ,10,0,0.0,0.0,
AGE6WH2OZZU2KHZBFAWA7X2UV4KA,10,2,0.2,0.0,0.0
AGE72UHSXLMISQJUCAVJ23QTT6SA,10,0,0.0,0.0,0.0
AGECTTCI3CGWSNWJHCRPXKH4SCQA,10,3,0.3,0.0,0.0
AGEDM3FTZK3KLYYLDMJ7DM376FHQ,10,0,0.0,0.16666666666666666,
AGEE5QUMQ5SQKUZDCLEOCW6QJJFQ,10,0,0.0,0.0,
AGEEISX66TCXT4A5BV5R7PFCQNPQ,10,1,0.1,0.0,0.0
AGEEOY26VF2B7IL7EO537NTHD2NA,10,2,0.2,0.0,0.0
AGEFPQJGJREWX44MTKR6IJ5PX23Q,10,0,0.0,0.0,0.0
AGEG6LXEQ7A3VCJC6YMNW2OZ3YVQ,10,0,0.0,0.0,0.0
AGEGW27LWW3XLVAEA2FDZCX4S2PQ,10,0,0.0,0.0,0.0
AGEH6AQGOVAMASM6JFY4AELGRY7Q,10,0,0.0,0.0,
AGEJPQ3TQZCMQHIDIORC4QF7VVMQ,10,0,0.0,0.0,0.0
AGEKE44CBJ6JHGKK6ZAGGEAFSG7A,10,3,0.3,0.0,
AGEM377USTLOB66X3IVLT4XFUDMA,10,2,0.2,0.0,0.0
AGEOL7LSHJFKJVCQB4J2ZGEDU3IA,10,1,0.1,0.0,
AGERB2PMIAIXQIHNBE4TFNXV7UBA,10,3,0.3,0.0,0.0
AGEU43CKPAEC7A2DXM3AMGG73THA,10,1,0.1,0.0,
AGEUN6TTVRCSQXZSWEDE6VGXLFZA,10,3,0.3,0.0,0.0
AGEWXW526KOH5743XNOIKVCMVJQA,10,1,0.1,0.0,0.0
AGEXSQYOE6QENERQRTKDGMKSKMDA,10,2,0.2,0.0,0.0
AGEY3IA4BA75RC4QXXAP65RQILAA,10,0,0.0,0.0,
AGF5WAFPFVLKHXP36ZEXH3V2635Q,10,0,0.0,0.0,
AGF6JOEINYZIXA2FWFVGHB63RQGA,10,2,0.2,0.0,0.0
AGFBCL2EALMFRW67RHXQPLYBYWRQ,10,10,1.0,0.0,0.0
AGFGEEWU4Z37FECFOUHFZYMQAORA,10,0,0.0,0.3333333333333333,
AGFISDVW6TIA3Z4WGP5FZDMMVQOQ,10,6,0.6,0.0,0.0
AGFITDBX2GCRLII6WFT2RY24UYJQ,10,2,0.2,0.0,0.0
AGFK7ORZLMRV773SXK4Q4A2SCJRQ,10,0,0.0,0.0,
AGFLODZYK7HFYCHNP24JZJRMXYIA,10,0,0.0,0.0,0.0
AGFMQQ7NCB3YQM7ERNPZ66SPCADQ,10,0,0.0,0.0,0.0
AGFQ2L22FVJPU7E45EW5QNLL52ZQ,10,1,0.1,0.0,
AGFQY7VM24GIBWFRV7NIH5FK5GGA,10,0,0.0,0.0,
AGFRRPHPE5NLWNKAGVLTCYLRG4LA,10,2,0.2,0.0,0.0
AGFRVRKDTKMME52SBPNYLLLAYITQ,10,0,0.0,0.0,
AGFSQEADAQ3WIIUKOBWKNHGXH62A,10,4,0.4,0.16666666666666666,
AGFTZKCH3YT5BUCGOCVDKLPYIBDA,10,0,0.0,0.0,0.0
AGFWOLCP3YXULQROP2JPWLRFWZRA,10,0,0.0,0.0,0.0
AGG24KNWIGHNYEPX2IS7OXYUFRIA,10,5,0.5,0.0,0.0
AGG2XQBTW5QZQTU7AKRIJXC7DGYA,10,0,0.0,0.0,
AGG5AQY3UG6I374L6J3EMQY6ZEZQ,10,0,0.0,0.0,0.0
AGG5GD3PKDIMUMFJUK66SSEUT5JQ,10,0,0.0,0.0,0.0
AGG7ZAYUXZKYDA3GRDEVUQRY7S2Q,10,6,0.6,0.0,
AGGAAUAYUEFHJLJJEFBCV3NUQO7Q,10,1,0.1,0.0,
AGGBEHL4EQTT63RWFHT55UQ5PPPQ,10,0,0.0,0.0,0.0
AGGD4TCZZSCTR5ZXETDFSOKDWI2Q,10,0,0.0,0.0,
AGGFXQ3BTMQXJOLWC44G4ZIJQ24Q,10,0,0.0,0.06666666666666667,0.0
AGGJ6SHNO3HLK5JODWEITQQJETKQ,10,1,0.1,0.0,0.0
AGGKHFYI7IB3HU2BSJKUMQ7RE42Q,10,0,0.0,0.0,0.0
AGGNED7QJHIWM4U2JM22G5ZNDBYQ,10,2,0.2,0.0,0.0
AGGNS5YCIWJ7YSK5OEN7MNNCVI4Q,10,4,0.4,0.0,0.0
AGGQYKVWAI2YO4RTVB2LLE45Z47Q,10,9,0.9,0.0,0.0
AGGR75NNVQYTQUBNR5W7KA4OLF3A,10,7,0.7,0.0,
AGGTIT5J4YWSF2ULV5HUDUOD5MLA,10,0,0.0,0.14285714285714285,0.0
AGGXS4Z3BBVW5AHMGZCK7YC6PHWQ,10,2,0.2,0.0,0.0
AGGXZF4HBU434FOTOKFANG2DH7MA,10,3,0.3,0.0,0.0
AGH2IT6UURIZERZ2K4AQTF4GSOTQ,10,10,1.0,0.0,0.0
AGHAEAGGIKWH6QFTMYVZBRJG26BA,10,0,0.0,0.0,0.0
AGHDQUQF5HHKSM6JJ5DOEECYGYJQ,10,0,0.0,0.0,
AGHDZFK2DKO6CYEENN22WDQK2XYQ,10,2,0.2,0.0,0.0
AGHH64TOI6BF5OF3LKVDQIKIMSWA,10,3,0.3,0.0,
AGHPPNYG77TZFAVHPTYBGYQHN56Q,10,2,0.2,0.0,
AGHS4N7QG7LPBDSVIDPQV2EW4URA,10,0,0.0,0.0,0.0
AGHS6EDRDXK35Y6F2ZCTQLGYZWIA,10,1,0.1,0.07692307692307693,0.0
AGHSUTDW5EYFRSIA2OP52ZK525QQ,10,1,0.1,0.0,0.0
AGHSX6F5Q2FCGR2FEAWIJJSCIIRA,10,7,0.7,0.0,0.0
AGHT3HQHRIF43YXZEXOPVNN3PVJA,10,10,1.0,0.0,0.0
AGHUVKM72YKG4KSG62IAFZQ7JTJA,10,1,0.1,0.0,
AGHXS2OU3KFYDX2HBQAD6DJDHSOQ,10,0,0.0,0.0,0.0
AGHY3FSM46KKIA6ZOCJV5H3DEUCQ,10,1,0.1,0.0,0.0
AGHYUNOSZX7GASYVBXMM2E4CO2XQ,10,4,0.4,0.0,0.0
AGHZC2UA3DFECHU4XVUQBKNOC4UQ,10,0,0.0,0.0,0.0
AGI2KPUURG5BWWZ2HF4CE6CHSF5A,10,10,1.0,0.0,0.0
AGI2KSHYWID347DVC2OZ25WZ6KIQ,10,0,0.0,0.0,0.0
AGI6II7RRACEVFPR6IJB5JS3PRXA,10,2,0.2,0.0,0.0
AGI7CGNZGQG26DQ6DROZASJABRQA,10,5,0.5,0.0,0.0
AGIAC3TIZYW2TXOC7J7YMPWJXOWQ,10,0,0.0,0.0,0.0
AGIB4R5WWKZK43XDL5GXGULH4BHQ,10,2,0.2,0.0,
AGICAPXFIPQJFVD23TNMPGA547UQ,10,10,1.0,0.0,
AGIDVWEQISCWRAIATZZBDFPR6JIA,10,3,0.3,0.0,
AGIIHIVDKA4C35A66Q22SGANVFZA,10,0,0.0,0.0,
AGIKKRFT2XULMK7SL3HD6SDK52WA,10,7,0.7,0.0,
AGIL7OJHXBQKPVJVLLDCC3ASSKBQ,10,0,0.0,0.0,0.0
AGILV6ZJL6M2JSXSDOYS7LGST52A,10,5,0.5,0.0,
AGIPDVBDWZE6MCBEMSHFIR33S52Q,10,3,0.3,0.0,0.0
AGISAAQT4NCA4GYUWEHQMOS74O2A,10,6,0.6,0.0,0.0
AGIVPEUV76DWN6E7PNCH6EQUAPQA,10,0,0.0,0.0,
AGIWYLLL5BV7CJI4BBKOI32J6ZEA,10,2,0.2,0.0,
AGIXFNLQKHNY5FY3UT3WO3ME3KOA,10,6,0.6,0.0,0.0
AGIZIX3QTB2BX5ADGK2JZXAVVOHA,10,7,0.7,0.0,
AGJ7GISSXRLX754MERPM3BBEPIBA,10,5,0.5,0.0,0.0
AGJA3IZWH75QGRIDVSMP6LXIUTXQ,10,6,0.6,0.2,0.0
AGJCSEYRKWURCC7CYMPKBS5ANRMA,10,3,0.3,0.0,0.0
AGJDEVYJZR4ZH7P2BQF7RW5OXZOQ,10,0,0.0,0.0,
AGJEOGMPYXKFMJLJ26GOJ63HA2XA,10,0,0.0,0.0,0.0
AGJEWCN7TPN3KRJPW52LMTBXBGEQ,10,2,0.2,0.0,0.0
AGJH6MI2FS2ZT5A4LGUMSTMXBLLQ,10,0,0.0,0.0,0.0
AGJP3PTOUJCW3RQHUAZ23CYGQJAA,10,0,0.0,0.0,0.0
AGJR2GJH6BOX5T5H2AGKANHSAQ7Q,10,0,0.0,0.0,
AGJVPTZJB3E67FDQWFA3G6EKOYCQ,10,1,0.1,0.0,0.0
AGJZPEJFZMDKBAXTPDZATTJDJ3NA,10,0,0.0,0.0,0.0
AGK4RDFR4U6G6DZMEXWMU463AZ7A,10,1,0.1,0.0,
AGK4USRS5OW6433F2IJT2BC2D5CQ,10,2,0.2,0.0,0.0
AGKGLU3G7RKKXYM374KPEIVMZ2OQ,10,0,0.0,0.0,0.0
AGKUCML76DUT5DAWRBVEO4DHZL4Q,10,5,0.5,0.0,
AGKXKG4MZOEFIBB3VYW3ZR2THSLA,10,1,0.1,0.0,0.0
AGL4FUN42XCQMA62DY5OF2FIMUCA,10,4,0.4,0.0,0.0
AGL6PYLJKVWFCWP2IWNFNQHP2INQ,10,0,0.0,0.0,0.0
AGL7WJQ7CT6CYRC36DFLD7G4W6FQ,10,0,0.0,0.0,0.0
AGL7ZPXBFQW4G2XPIQMUDA3Z3TQA,10,7,0.7,0.0,0.0
AGLA52UYUHZN7ZLM3P266ETNXSQA,10,0,0.0,0.0,0.0
AGLEM3QBRJNREAL7VKMWGTAZDG3A,10,0,0.0,0.0,
AGLG2HV3YXNTBXA6JOMXFRT7BJPA,10,0,0.0,0.0,0.0
AGLI4L4NOT7OKEYM76T6O42IICVA,10,2,0.2,0.0,
AGLKLJPPATQQ5LV74YB7MGBIFOPA,10,2,0.2,0.0,0.0
AGLL5O2HLRMOYLYER5ZZIE56N74A,10,1,0.1,0.0,0.0
AGLOK44526O77V4PNP2H3I665YUA,10,1,0.1,0.0,0.0
AGLPERCRFIISQPZAFEMMG5ZMWCIA,10,0,0.0,0.0,0.0
AGLPJHBPL5BISSXLCLYC24CACE6Q,10,7,0.7,0.0,0.0
AGLQC2MDOQTYKORSHU7RGRMZBR5Q,10,0,0.0,0.0,0.0
AGLRPERYNIIFJXEWIYJDGI4A2DMQ,10,3,0.3,0.0,
AGLTMYT5VVQ44POJW676OZXZT2XA,10,1,0.1,0.0,0.0
AGLUVPH2G6GK6EX6AUHBA36SWIDQ,10,1,0.1,0.3333333333333333,1.0
AGLXDANMESSJCAYZNEMUZWT7MRNA,10,2,0.2,0.0,0.0
AGLZOVDLNLSPMPM4ASJL3IP47YMQ,10,0,0.0,0.0,
AGLZQURCP6E7EEIOWXMNCKWWN7KQ,10,3,0.3,0.0,0.0
AGM4YAEGMUSVU2JSLHPZIBE55GFA,10,1,0.1,0.0,
AGM7MOUSM34YZCSSX2LMS7ULWNTA,10,0,0.0,0.0,0.0
AGM7NQXRFQGA6GIRX2ZDRNUNNS5A,10,0,0.0,0.0,
AGMBLZDBYWSZJJID3LBM5IPIAZCA,10,2,0.2,0.0,
AGMBWCUJ3QT5GKGLNOTJ4HRWQGXA,10,2,0.2,0.0,0.0
AGMDLWEXHZTURYNVYSZ3SSNA6ZCA,10,0,0.0,0.0,
AGMEELLJOCW4QQQ5ZJRKFCXZKXTA,10,0,0.0,0.0,
AGMHCWXV3JJ6C7CNTCQXJRSJQYIQ,10,0,0.0,0.0,0.0
AGMMMUFATFA2FOGZ2DMJY6PG3KKQ,10,0,0.0,0.0,
AGMNDFVAL3ROVDTWEPXWCELFLSMQ,10,0,0.0,0.0,0.0
AGMO6A4IZTD75XMINDMBKGYN52EQ,10,1,0.1,0.0,0.0
AGMVGNICOUZNRT5DLGBJQBLQ2FGA,10,0,0.0,0.0,0.0
AGMXHFFE7ICTASZACOWLHXKVFDEA,10,1,0.1,0.0,0.0
AGMYK5CSCCJ5MVTBOIPUEZUNMKFA,10,0,0.0,0.0,0.0
AGMYZUAPRUQIZIVQTNK2PVOLP2CQ,10,1,0.1,0.0,0.0
AGMZ54XX2W3FXBPTJYN3RXFSI7MA,10,6,0.6,0.0,0.0
AGN4SAKFGIOHKCDRLNJ62BQHSB6A,10,9,0.9,0.0,
AGND7MRJQYGKXG3IVEVMXNYWD27Q,10,2,0.2,0.0,
AGNDBRXHS6TYSZWMDAYNWSEX4Z5A,10,7,0.7,0.0,0.0
AGNECLBFBVWD3FWZC3QRT25XAEMQ,10,8,0.8,0.2,0.0
AGNF7PN7A5JSXQVJZBD24ZS62SPQ,10,3,0.3,0.0,
AGNFHCQMNS4YGQGFTUUWD6FRPHRQ,10,2,0.2,0.0,0.0
AGNFNEABKEESTPCH7Z3ZQ4OTTYXA,10,0,0.0,0.0,0.0
AGNJBMQRORPXN7MMSYA25KG34MDA,10,0,0.0,0.0,
AGNLUZOPRUDLCSNLEOUZT5TWNXRA,10,0,0.0,0.0,0.0
AGNNY2HWWUG4HVF55UERTWEXJABQ,10,0,0.0,0.0,0.0
AGNOTGTM2GZMN6HGNFD7S4JY23PQ,10,1,0.1,0.0,
AGNPSYXMK36ROTAVHPO6ZEQK3V2Q,10,1,0.1,0.0,
AGNQ7SO6QWD6N2XDHPXGEWH5GYZA,10,8,0.8,0.0,0.0
AGNQFN4MPYH66IXB3ZFW7G2BQ6LA,10,0,0.0,0.0,0.0
AGNRBD2YSJJZN3BBM5RP2MRP7JGQ,10,2,0.2,0.0,0.0
AGNSSZYOUBNOPNXLTATEPXIWLFLQ,10,1,0.1,0.0,
AGNX7PPKVPW6D3Z4RRSV66RJ5NVQ,10,2,0.2,0.0,
AGO2DQXIDSTOMG265WO75CSXTD7Q,10,4,0.4,0.0,0.0
AGO7X4JXTL4NKZPUJZN5SOR7N3TQ,10,1,0.1,0.0,0.0
AGOA2HIADEEE26AL3IP74R6U2IHQ,10,0,0.0,0.0,0.0
AGOA6PTKPYNAMT2HF6WX6BXP6TMQ,10,0,0.0,0.0,
AGOAIXXDOVZIN7QBNZKV7NYWVV6A,10,1,0.1,0.0,0.0
AGOC72SW6MT2UA5FIYNF24NMC4SQ,10,5,0.5,0.0,
AGOFZDDGIYDIZHTSJ6NHZAPH2J5A,10,9,0.9,0.0,
AGOG6WYMIO25QFC4JCKTBTIF33BQ,10,0,0.0,0.0,0.0
AGOI2KTVDNOHLHCCKOCYL44NR2WQ,10,3,0.3,0.0,0.0
AGOJOFX7QT5EKLKFKICTCYUCNSTQ,10,1,0.1,0.0,0.0
AGOQGO6HQWIHV2XWEYFIYRMG2X4A,10,1,0.1,0.0,0.0
AGOTSGE7ZDSUSY72MTABMR5OGFNQ,10,1,0.1,0.0,0.0
AGOVYIK55X6LH23OSQRPTQERYLIA,10,0,0.0,0.0,
AGOXLQYHCEKKJGNEVQ63HJA4Y6YA,10,0,0.0,0.0,
AGP2LIJFAG7QON7IESIYC2DPE3QQ,10,0,0.0,0.0,
AGP2NHCPH6RDLCY3TQQRV7GFYKBA,10,0,0.0,0.0,0.0
AGP2OIGTPHN7XLIXUMNIVOLP2MFA,10,1,0.1,0.0,
AGP2UC2NAGJIPTQP2LTLC6R3O7PQ,10,2,0.2,0.0,0.0
AGP6KCB6EKFJE45JMKRBI7W3X3OQ,10,1,0.1,0.0,0.0
AGP6Q5AKCFRVW432C6EMC7UHAVVA,10,3,0.3,0.0,
AGP7GKZ5ELAOYKOJ5MG5XIFWP7PQ,10,4,0.4,0.0,0.0
AGPABAPZIMSA3WMHWO6CK26QPRDQ,10,1,0.1,0.0,0.0
AGPBDBUGFCIGKOMZ4A63YYNUY7RA,10,1,0.1,0.0,
AGPCEUUKY7OJ4RA56QKUU5ZU4EGQ,10,1,0.1,0.0,0.0
AGPERX2BUEEGD6CDIT75TI7XPBPQ,10,0,0.0,0.0,0.0
AGPEURLJKUC4JPUHWGX3K35P5JBQ,10,2,0.2,0.0,
AGPLQJV6722NKLAYCJQXNZ2CVWHA,10,2,0.2,0.0,
AGPS3WIBU2HO5EGTFSLE5QHOQYWQ,10,3,0.3,0.0,
AGPTXAG2GKMMFHICGIL5FW5LLYXA,10,1,0.1,0.0,
AGPUMX7POHL7UVAIK3MR2225OWBA,10,1,0.1,0.0,0.0
AGPVQ5Y4CZHCO42QQ7UQTWR735EQ,10,1,0.1,0.0,0.0
AGPY4HXLQIFSSXJ4EH6EZZFFEXTA,10,1,0.1,0.0,
AGQ22JRYUOFBFNWHMDNINUER25OQ,10,1,0.1,0.0,
AGQ22OW2SLPZ7BLA5IAITHPLIPZA,10,3,0.3,0.0,0.0
AGQ3HE72HZALBUFFVTHPZ7EYBAEA,10,5,0.5,0.0,
AGQ3XISY2FARUIDPJVSPDWED3BXQ,10,7,0.7,0.0,0.0
AGQ5MQVSATIMDGZ2ZIJV3QUHE5XQ,10,0,0.0,0.0,0.0
AGQB2GUY5OVCE3PPM53S2HK7YTJA,10,10,1.0,0.0,0.0
AGQEO3B3LR7G6E5R4FNMQ4AU2MJQ,10,0,0.0,0.0,
AGQGUPACPPK4DEYVFAEWS3EMMSDQ,10,2,0.2,0.0,
AGQH6S27IKGR3QURKFZHW3MDQ3ZQ,10,1,0.1,0.0,
AGQIOPVOBEHS2ELZRGBORDPMCVJA,10,0,0.0,0.0,0.0
AGQLUMSVHQUUYL7XRGH7NGQ47BUQ,10,0,0.0,0.0,0.0
AGQOASHVGLEHAJMQE6N75KHD6LHA,10,1,0.1,0.0,
AGQOVKYEMKQ6CZ5FBKRVF4MKLLLQ,10,9,0.9,0.0,0.0
AGQPIZ6BYPZ4TOPFDOWRLBSBV3QA,10,1,0.1,0.0,
AGQQ7PWJH5Y3XM3S2BWZ64CYF5OA,10,0,0.0,0.06451612903225806,0.0
AGQRDFU6UVFOBT6V45XT6LBEXCTQ,10,3,0.3,0.0,
AGQSFHJAIQ6BJLIVLVJQS3NOIOKA,10,2,0.2,0.0,0.0
AGQSHJJMINADTH6XWTKQBFN54JAQ,10,9,0.9,0.0,0.0
AGQWDHIAN3Y5ZNGTH3J326KLEBNA,10,1,0.1,0.0,0.0
AGQYEXFUQB6H5UWEU2GPJXJQ7V5Q,10,0,0.0,0.0,0.0
AGQZH36XXSYTAPSSVNGQ4P4BL23Q,10,0,0.0,0.0,
AGR5E5QWZTFMRGT5JLIVL2AM7DFQ,10,0,0.0,0.0,
AGR5EZNYTV2MUUM5TBD7Z2VQNLVA,10,2,0.2,0.0,
AGRA6GLTWH7U3NV6BEYVEYXK4IOA,10,0,0.0,0.0,
AGRE74KBYUIHJMNWZ46NVCESLSHQ,10,0,0.0,0.0,0.0
AGRFBNTBPLO2CB4A6PJBFY4QWUQA,10,3,0.3,0.0,0.0
AGRIIIF2WQ7ADENVKY4GWO7Z5TPQ,10,0,0.0,0.0,
AGRIN2X6IWKRSMMSUWHCQUFFK45A,10,3,0.3,0.0,0.0
AGROUFA34ORQG3KLELWMHKMFGO4A,10,0,0.0,0.0,0.0
AGRU7BSKQWM2TQZYQNSSFHUVPV4Q,10,2,0.2,0.0,0.0
AGRUEEYZUWTTUAXMGCMEVWQ5HCOA,10,0,0.0,0.0,0.0
AGRVYK4MSC2AUDQJHT4NSRX7Y6SQ,10,0,0.0,0.0,
AGRXBLVCXB35TRKCC7BLRIXVZJWQ,10,1,0.1,0.0,0.0
AGRYUS5YZPNBFMWRXZ25KH765HEQ,10,0,0.0,0.0,
AGRZRXGJETSR46HT4LNIYDXAET6Q,10,1,0.1,0.0,
AGS2AIGKUNVIF53YCYFHHHQFJYWA,10,1,0.1,0.0,0.0
AGS4U7FQVWIPSKCLEVIKACEU5KCA,10,10,1.0,0.0,
AGS5M6TA3K6SUIEO3ZUNBMLOTNNQ,10,0,0.0,0.0,0.0
AGS5QZVVE4BV2D5TNJNMLFV4QC5A,10,4,0.4,0.0,0.0
AGS6VOZQYPDQ7PKA6GTGHD5GA3KA,10,1,0.1,0.0,
AGS7HV2GN62B3Q734VWPBKAKAM6Q,10,1,0.1,0.0,
AGSBMLVWZDRFVH5BZZBJGFVJXOCQ,10,8,0.8,0.0,
AGSBQQVBUTMPXJSVNSQPTEO3AQMA,10,4,0.4,0.0,
AGSBWDHMLSIJNGUY3WJW3WVJT3TQ,10,0,0.0,0.0,
AGSFFWGHDHFIIM5J6OQNRGX7L4EQ,10,3,0.3,0.0,0.0
AGSHCB5T2ALDERK7YYPZ7GPCXISQ,10,2,0.2,0.125,
AGSKIIWKRE53RMXLI2HVUUNO5TWA,10,1,0.1,0.0,0.0
AGSLJQOUHG4HEY3F6PC2TMUXDETQ,10,4,0.4,0.0,0.0
AGSQ6AR4V6RI4O7M4SZZWMJ5EABQ,10,5,0.5,0.0,
AGSVPHNEBTO6DM2445FNFGRSDGEQ,10,1,0.1,0.0,
AGSY7ZCXLC6HQXLX67JFOVBRSMJQ,10,0,0.0,0.0,0.0
AGT43PQODOBFU7DQSFQSPYEX5HKQ,10,0,0.0,0.0,
AGT5H6BI3SHK2WZ4VGDVGL6PLC6Q,10,0,0.0,0.0,0.0
AGT6JQLXFSBLXLDE6QPYJ7Y6KUGA,10,9,0.9,0.0,0.0
AGTBID2XXAVOIDWHDVOPQWEYVS4Q,10,9,0.9,0.0,0.0
AGTC6BG277JEUPAOBO3SD2OJPN4A,10,0,0.0,0.0,0.0
AGTCQBXLHUSYYKF4ZXAN7JN4VTJQ,10,0,0.0,0.0,
AGTDMRXT6TJVBAN3O7QP6537RZJQ,10,0,0.0,0.0,0.0
AGTDVWM3VCHW3FL4O7R7KIYCM4RA,10,1,0.1,0.0,
AGTFIRUARYRCTPN2SKLJBTCPJE4A,10,9,0.9,0.0,0.0
AGTGU456VCTRUN2TJZKYNIJZBKTQ,10,1,0.1,0.0,0.0
AGTHXUIYC7ZYXAAGS3X3ONHNNVVQ,10,2,0.2,0.0,0.0
AGTKFJ4CUZYINULYUYLON22ESX3Q,10,0,0.0,0.0,
AGTM7IA6PD2G6VGFOUI7Y2GE54LQ,10,9,0.9,0.0,0.0
AGTORXIE2HUPKNRRRP2U3KYS6AJA,10,10,1.0,0.0,
AGTPZZZJRD3DS2OWG5IHNOOPECRQ,10,2,0.2,0.0,
AGTQLYVZ5GQFLC7S7EZW4PFLRBVA,10,1,0.1,0.0,
AGTSTPGVKBM57QBY7PF4T5L6A7AA,10,1,0.1,0.0,0.0
AGTSXBLODC2IEGM7BCNGI7YOFZTA,10,0,0.0,0.0,0.0
AGTTDB6FLTPDMLV6G2YLAKU2IP3Q,10,0,0.0,0.0,0.0
AGTTEYNB43QACP25AZQY3XSORATA,10,1,0.1,0.0,0.0
AGTZW5CLTAWDMH6GNBBKAW23IRPQ,10,6,0.6,0.0,0.0
AGU3VMGHA2QYD4ETHVNGS7L3UUNQ,10,2,0.2,0.0,
AGU4LW5KOSMVPYSS2WUDKFOBDUOA,10,0,0.0,0.0,0.0
AGU5F75N6HKW4HO4NHLZBXOCYWWA,10,1,0.1,0.0,0.0
AGU5GJOCWGRFFICUNKCZF73Y7DWA,10,0,0.0,0.0,0.0
AGU6EIWIZSV6AIQSAVRDHTIJCHPA,10,0,0.0,0.0,0.0
AGUBDU6YYFTAJT534LRGFDAITTBQ,10,3,0.3,0.0,
AGUCNIHN3UU3VITNWOSNZ5IUZDZA,10,10,1.0,0.0,
AGUDKZGMKHKT63F263RTLKDN56BQ,10,8,0.8,0.2222222222222222,0.3333333333333333
AGUFEGQEWBEQNQNUMI7INX6JEXJQ,10,3,0.3,0.0,0.0
AGULIJZFLHE46SP7NZ4B2L6XD7VQ,10,2,0.2,0.1,0.0
AGULRRH35GZ5ZTPVYGYIUKNEUOSQ,10,0,0.0,0.0,0.0
AGULZVFRG5XHPCTXFZOPCW3VSZWQ,10,0,0.0,0.0,0.0
AGUNHS6ZFAF6LILRODI7WBFVO2PQ,10,2,0.2,0.0,
AGUO3LSE2S7LYHRYE7L6A6V7JAQA,10,10,1.0,0.0,0.0
AGUOKSTAFW3TLBHPPF5O6GHRAHRQ,10,10,1.0,0.0,
AGUOL3VRCRVOW3S4SVHS36ULHNHA,10,0,0.0,0.0,0.0
AGURAOSJRAQPGOIG3NDEY2R4CJMA,10,0,0.0,0.0,0.0
AGUSJR33T4OEHUGKDQHU4HN5KEUA,10,1,0.1,0.0,0.0
AGUUOEEFMVOAWKL2QHC5WEHKYIUA,10,1,0.1,0.0,
AGUUXOHX7KOX6DSPUZY2MWKJCXIA,10,2,0.2,0.0,0.0
AGUWKGBIQOFLSJXC3FPNFKTBSJ4A,10,0,0.0,0.0,0.0
AGUXZGR23Y4E6CVFBXDB7U4RGWKQ,10,1,0.1,0.0,
AGUYRGPZEPMPJDJUS4WOTLB3DU2A,10,10,1.0,0.0,
AGV2EP5HG6WVSITI4CFZ4ZC5BZ2A,10,1,0.1,0.0,
AGV2IULSG6OOZLZNJESDS2BMHTYA,10,0,0.0,0.0,0.0
AGV4A3KWLIHZ2L4LQJ5OYHRSFOMA,10,2,0.2,0.1111111111111111,
AGV77VWHNGLG5HOKRWTM5LHTM7KQ,10,1,0.1,0.0,
AGVBTVXSZPR2CEAEERG77TLXZYMQ,10,2,0.2,0.0,
AGVHB22Z2Y5BHMNGZSI2RZECP6AA,10,0,0.0,0.0,0.0
AGVHDAMOX3GKMK4CJ5IZI5J57QKA,10,1,0.1,0.0,0.0
AGVJFMXXFYXT4AMUEAB4VRLSC2ZQ,10,3,0.3,0.0,0.0
AGVL7NWIZGHA6PGBJ7RJJ2Q3F6PA,10,0,0.0,0.0,
AGVOSDQL3ZVJXXIIW5T6FZNE4YLQ,10,0,0.0,0.0,0.0
AGVWE6IA6NWXPDJSVU4KGYYYNBSA,10,1,0.1,0.0,0.0
AGVWSSL2RCPV4ULFXL3UCPG7TLFQ,10,0,0.0,0.0,
AGVYKFSWT35KNZJA2AMANHY3EYJQ,10,1,0.1,0.0,0.0
AGVYMGS3AFLFRGI66ADY6WZF6WMA,10,10,1.0,0.0,
AGW2Q34KQNUJJZ5SLTWGIV77MM3Q,10,0,0.0,0.0,0.0
AGW2X5ULFS5X27YJPWLB74H7OPTQ,10,10,1.0,0.0,0.0
AGW5AW54AOUD4CPT4GM4ATM27L5Q,10,1,0.1,0.0,0.0
AGW5X5NMONZJIYRKGMIO3ILSORRQ,10,0,0.0,0.0,0.0
AGWAOOY6M6ETINGAYGWRUA4XWVZQ,10,0,0.0,0.0,0.0
AGWCCUUN5SDAIJAJKAMNF7OZ3KGA,10,1,0.1,0.0,0.0
AGWCIBGDL26V3XMRRZPVAX65L2OQ,10,5,0.5,0.0,0.0
AGWCV6DOCX5QO3HSLGK6XM62YBXA,10,2,0.2,0.0,
AGWG3T77ZAGX2XUFZI2PBY6UENKQ,10,1,0.1,0.0,0.0
AGWG5NTYDMSARYPCQPHIJU64ACDQ,10,1,0.1,0.0,
AGWGBUVDMG4BFE575MTYMF3LQMCA,10,0,0.0,0.0,
AGWI22R7PRL3L3VO3S6YACMKHGDQ,10,2,0.2,0.0,0.0
AGWK5TRRULB7JGEHV6EM7D7JAU4Q,10,1,0.1,0.0,0.0
AGWMFFTDDGKS4TLE5EIWUM4Y2LRA,10,0,0.0,0.0,0.0
AGWMQEPHCO2HTPNZBLGWG2F5ZC5A,10,1,0.1,0.0,
AGWOVT67DTLU3ZIPTXJBEYH7LHSQ,10,6,0.6,0.0,0.0
AGWPLYBL2E3MR5VN3O4XOLTHGI4Q,10,1,0.1,0.0,
AGWPSLMPSCLHSMRXVTXSMOSZ7FJA,10,2,0.2,0.0,0.0
AGWYMPST2CHG27RRMXQGPN2L6FRA,10,0,0.0,0.0,0.0
AGWZ5HDMFF75COKL7BZREMDL6C4Q,10,0,0.0,0.0,0.0
AGWZDVSD5NOVPNQ77ZR3K37ZJ35A,10,2,0.2,0.0,
AGWZRBKXVCJLDYSU4X2THGNG2ORQ,10,4,0.4,0.0,0.0
AGWZSILTAHWTROVMO3VGEUB6FEOQ,10,0,0.0,0.0,0.0
AGX2HRFYD2KOQRG32GZVHG4HQGEQ,10,1,0.1,0.0,
AGX2ICON3WSNEIZ5LIYY4VXPKA6A,10,2,0.2,0.0,0.0
AGX2MF677FCXMB3GSUOMB6KIERJA,10,1,0.1,0.0,0.0
AGX45JXOBD6LJ7OTO5KH4M6LWVOA,10,0,0.0,0.058823529411764705,0.0
AGXAEUX6PRZ33WV6AOTN5J5IDL2Q,10,0,0.0,0.0,0.0
AGXAGVNEJRAZAPT3LMPJJXJBVBQA,10,1,0.1,0.0,
AGXB22ZMJFCJG4LJDHMSPT3YVIEA,10,1,0.1,0.0,
AGXBIK5KK5FYO2MROYX5ZOVD5RSA,10,10,1.0,0.0,0.0
AGXCLEGTACWVEW5H6T4S3Q54Q7DA,10,2,0.2,0.0,0.0
AGXEW7ETHDUAVASQ7NX3P4MF5BTA,10,5,0.5,0.07692307692307693,0.25
AGXFA5NRMF3ILKV6HEKUN47OTVYA,10,1,0.1,0.0,0.0
AGXN2VVRNDXYHBFR2ZETD5CSFZ2Q,10,0,0.0,0.0,
AGXPANV56YQPOP235TR3BO5RSW7A,10,0,0.0,0.0,0.0
AGXPVY7DYHFAPG4XOBQ6U2M4LZAQ,10,4,0.4,0.0,0.0
AGXQFVU7F6FQKRHHNCQNXB6D4MRA,10,0,0.0,0.0,0.0
AGXRA37RPRLVBXO6OIF2TDR7PXIQ,10,2,0.2,0.0,0.0
AGXRVBTZSVNNFAQH6AYNGVNN3EGA,10,0,0.0,0.0,
AGXUUWH2KXP5QMPLUSREJ7J44P7Q,10,4,0.4,0.0,0.0
AGXX73HOQ7RSYCWLBF4OFBTLN7WQ,10,1,0.1,0.0,0.0
AGXYFWEA2NMWAWH4NUPVTMLNTVDQ,10,1,0.1,0.07142857142857142,0.3333333333333333
AGY4TGR2XNVQGUC5PUFHLLIMURFQ,10,0,0.0,0.0,
AGYAQHY3RSJM7IQLNKNDGJ5AYMFA,10,1,0.1,0.0,0.0
AGYBGW2VBTU26OJIFPN6VZA2SHAA,10,4,0.4,0.0,0.0
AGYCL7NYO53N22MB4DQLGZJ6TVAA,10,2,0.2,0.0,
AGYCMQX7SORWNKVQLJBST3YHM6PQ,10,2,0.2,0.0,0.0
AGYFLTNRIGYKE2YCSGUJAXKH5M2Q,10,10,1.0,0.0,0.0
AGYGYQMDMY4R62ZIU43HHLCHYCYQ,10,1,0.1,0.0,0.0
AGYMPPRZ4AGDTATWNTVLEPFWTBFA,10,0,0.0,0.0,0.0
AGYOQLMPDNT26XDEJXXKIYKCFUNQ,10,0,0.0,0.0,0.0
AGYQEQ3VEVKN33PPRCI7BRP6W2FQ,10,1,0.1,0.0,0.0
AGYQHWUVRH5B53VCV5ZJMVK7XI2A,10,0,0.0,0.0,0.0
AGYQUK3TMMJTFKQZI4LAU2IPJ4BQ,10,0,0.0,0.0,0.0
AGYSAFZZTS372QLZRRDQUWFKFO2A,10,1,0.1,0.0,0.0
AGYUEMT3OLI4BBQ7KTQUXAU35TXA,10,1,0.1,0.0,
AGYWYLS6GOPTKBFEWTT6MTUP2VNQ,10,4,0.4,0.0,0.0
AGYXJGSICKN4ZUQUICDUELAXCUPA,10,3,0.3,0.0,0.0
AGZ6HHURF2ZQ2OA3SERNBO4PEMEQ,10,0,0.0,0.0,
AGZAHLL5JVNJ27UQMUQM3HXO3CVQ,10,1,0.1,0.0,0.0
AGZBHGUT5AJXGXJ4YQZI5FW774NQ,10,1,0.1,0.0,
AGZC7435URSXORTVTDD53NTAE2SA,10,4,0.4,0.0,0.0
AGZCMD5G32CG3ESZADATS35WZ3IQ,10,1,0.1,0.0,0.0
AGZCSH5ZYNRWH4XDRWQIBCXUWHWA,10,0,0.0,0.0,
AGZDGXZNYHJDVH7DWVTH5Q6RWL7Q,10,0,0.0,0.0,0.0
AGZEPTJWCXSWXWX7GZDX2SQYD2AA,10,2,0.2,0.0,0.0
AGZFC44YNQB7ISQNZTOBMWXBPNTA,10,0,0.0,0.0,0.0
AGZFGWNGNTWNQ52WYLAL6GO7MBHQ,10,3,0.3,0.0,0.0
AGZGN6WV3DWMBS5CN4AXEXMYLMRA,10,0,0.0,0.0,0.0
AGZKEZMHPTHHXFPE4O5XO4PWAHSQ,10,2,0.2,0.2,1.0
AGZL4DXPARXOP3Z6S33WQ5TRVTUA,10,2,0.2,0.0,0.0
AGZT6KUVJYUFGZOAHLXX37LBRAAA,10,3,0.3,0.0,0.0
AGZV6FZR3TX556HFLGLA2OSFNI6Q,10,9,0.9,0.0,
AGZVA5WGPNF23JZKK3FTGM4V36JA,10,4,0.4,0.0,0.0
AGZZC7NVQCFFZF6V7TRXDEFHFR2A,10,1,0.1,0.0,0.0
AH23KVPPAIVTSTPNWMP4YOX332LA,10,2,0.2,0.0,
AH25HY77QDK6SKCT5DWZIXLZ37IQ,10,1,0.1,0.0,
AH26US6WERRKF4ECFTCXK3I6RXWQ,10,0,0.0,0.0,0.0
AH27FP6P62WSLCHAT4KV6CK5LK6A,10,0,0.0,0.0,
AH27VNW4PJTWXFLP4KTMBJPU74GQ,10,1,0.1,0.0,0.0
AH2BUHF7A3PK5ZVWNDXJYAD6KKOA,10,8,0.8,0.0,
AH2CGEXAFFSVRYQQWD4DANCLQJLQ,10,5,0.5,0.0,0.0
AH2FAQZXZOQVS6WIEGXNBS4VX6LA,10,3,0.3,0.0,0.0
AH2G3ZBFARX4X2ZYY6D2JLPSZDWQ,10,4,0.4,0.0,0.0
AH2GTGGDOJIBXJK5D3GF3QYI5UGA,10,1,0.1,0.0,
AH2HIVVJJ6A4XB7RJLZTAAEROYIQ,10,1,0.1,0.0,0.0
AH2IQHEG5XFPBGKYCFIUCMXDOX3Q,10,2,0.2,0.0,
AH2KC7SRRR5HAYBQKZKVZDDOELPA,10,0,0.0,0.0,0.0
AH2OWAHA2VX3GFKIE3T5BX72GJRQ,10,0,0.0,0.0,0.0
AH2TUXOFANK6LBHVYA4E7EFQXMTQ,10,0,0.0,0.0,0.0
AH2VNF2LKSMG27ZE3KVCS3CTGBDA,10,0,0.0,0.2,0.0
AH2X7XBWAYBCY5K3WVVRQFXQW47Q,10,4,0.4,0.0,0.0
AH2ZCE7SCLPJZRMXVMMHW5GKCG3A,10,1,0.1,0.0,
AH32LYWETRPHG34RYAS5P7T3VOKA,10,0,0.0,0.0,
AH32WWHOXX44L2I56C4FMIIVJ4HQ,10,1,0.1,0.0,0.0
AH33RHMYYFWJYVWJJTOAEPFBZHDQ,10,0,0.0,0.0,
AH34RIXGI36EBUEIHL3IMSXVL7MA,10,1,0.1,0.0,0.0
AH3AYO3JS6LDYIXCL42KNWCNSRAQ,10,1,0.1,0.0,0.0
AH3DQATQ4GGYD5XXP63Y4M4HUF4Q,10,0,0.0,0.0,0.0
AH3GYNKNKCK3RMESE7LWH6EP7REA,10,4,0.4,0.0,
AH3I5PJWQVC73QGJVRVR5GK5CMJQ,10,10,1.0,0.0,
AH3KOVKRR42LN5TBRGVD63IOUIRQ,10,2,0.2,0.0,0.0
AH3O2TNJRJIZYCMV3OLEM2F5A4DA,10,0,0.0,0.0,
AH3P6L5V4CSFCMD6AZBWYD7X27LA,10,5,0.5,0.0,0.0
AH3T7IW5Y43NB4DN7B6V6PD5SZCQ,10,7,0.7,0.0,0.0
AH3USHITQ6YSYJET2SFESP6GVAGQ,10,0,0.0,0.0,0.0
AH3YYDSBQVNKS2MGZCGWLZA6F7QA,10,2,0.2,0.16666666666666666,
AH46F5IQWUJA4PW4I4NM2TSE4SOA,10,3,0.3,0.0,0.0
AH46VH7BDUNL5ZMK56O2T4GO2Q6A,10,1,0.1,0.0,0.0
AH474GXYYKHXC27XQLF6WZDGLOXQ,10,9,0.9,0.0,0.0
AH4BEWYOOYKX65BCLAKTONHCEVIQ,10,10,1.0,0.0,
AH4LZBW2GRUR5BKUZ7GAKCNUW4EA,10,2,0.2,0.0,0.0
AH4RZAFFWLLYDZ5HQFYN7NREQVKQ,10,1,0.1,0.0,0.0
AH4VFMIO7MB3WE63AUC2ABAIHRPQ,10,2,0.2,0.0,0.0
AH4XZE7MZMEN543DGINJQ6U2AGYA,10,0,0.0,0.0,0.0
AH5227536AGF7R5MMQLFWRPENBCQ,10,2,0.2,0.0,0.0
AH552XPBK6C26WRVXGWGTQ5F4UBA,10,0,0.0,0.0,
AH56DJACUKMRMSRO64Y5YBHSNFVQ,10,4,0.4,0.0,0.0
AH5A3OEGR57ZIE5SZ5PO5BHMYWQA,10,10,1.0,0.0,0.0
AH5ESTLEYNSBKWSGOA5FXHAIMRRQ,10,1,0.1,0.0,
AH5F6QI77O65KV4TZY7KP546JSDQ,10,1,0.1,0.25,1.0
AH5G2DB7VQXZ2MH72S22LIGZ7F3Q,10,0,0.0,0.0,0.0
AH5HLSCDKIN5T5EFOHDVJUS7RXPQ,10,2,0.2,0.0,0.0
AH5IDP4QRK3VIFDW4RTQEA7X7OEQ,10,5,0.5,0.0,0.0
AH5NA6LIKHFQO3CDP6LULJT6VLYA,10,5,0.5,0.0,0.0
AH5OGZHDDZZPGDVDSEW63IJBOC6A,10,1,0.1,0.0,0.0
AH5OHMDSBMWMYMOA2734WQRJPYOA,10,1,0.1,0.0,
AH5OLAKBIAGC64AU5LAD3GWEAZIA,10,6,0.6,0.0,0.0
AH5QGTU36JXYGYPMAR2RWYFJ6UNQ,10,4,0.4,0.0,
AH5SCTPI23KZM6SOSL4KMT6K3ALQ,10,1,0.1,0.0,0.0
AH5UTAFTC32AGDHBOLMY3J6OIEWQ,10,0,0.0,0.0,
AH5UVMPTOLP4WMUIQQV4JMA2IX7A,10,1,0.1,0.0,0.0
AH63IT3Q6OA23O3S4TZ3LJYYNBIQ,10,8,0.8,0.0,0.0
AH66FDRMCEV536LI3WLBAXSMGVGA,10,0,0.0,0.0,
AH6ABWYOJM75VU5PAA3LQYANZIQA,10,0,0.0,0.0,
AH6C44AOMHR4YPCDHNF36L2WTXMQ,10,1,0.1,0.0,0.0
AH6CCBGTTQVS67QHNTOKUDY5MM3A,10,0,0.0,0.0,0.0
AH6CMWZ754IEXWWHQMY2BPG6AM6A,10,3,0.3,0.0,0.0
AH6HLVUEFNKAYSH24X6BTYR3LEXQ,10,5,0.5,0.0,
AH6JK5PWUORTLJHXFBB53VS6FX7Q,10,7,0.7,0.0,0.0
AH6MFPSE2S47CLSAZYTPZGJOZMQA,10,7,0.7,0.0,0.0
AH6N2IJZ4CJBVSDEPCUHSYKRAKOA,10,9,0.9,0.0,0.0
AH6QFLGTZUWMNELVVPEQMFYXCCCA,10,2,0.2,0.0,0.0
AH6QQOPBE6MOWEI6IUDUO24LVXUQ,10,0,0.0,0.0,
AH6T6ORA6TQ6WPUTTL7JY4NSGUUA,10,0,0.0,0.0,0.0
AH6WIJ5MTYHU6KFPQKAWEU2DDILA,10,10,1.0,0.0,
AH6WLMC4CLGSVJN6AJGCWES6WSBQ,10,1,0.1,0.0,0.0
AH74GPTJ4572QCBYTRE2JO3FIIHA,10,6,0.6,0.0,
AH7CPCRY2MGU4ZHHLOCFNKGLYVCA,10,2,0.2,0.0,0.0
AH7EQ5VNR7BOW3IEI2C6OGIIVBUA,10,5,0.5,0.0,0.0
AH7FSYKZ2E3FADRNITUPDMWCYJ3Q,10,2,0.2,0.0,
AH7GUVVKGGPJ74ULLJXXUQ6TDQTQ,10,0,0.0,0.0,0.0
AH7HMMBMJTTTQWWFDGEFFDWM25OQ,10,0,0.0,0.0,
AH7IA4WM2ISEQKMFCKVXWCZCLD7Q,10,3,0.3,0.0,0.0
AH7PCORVT76UBL3QQWA37M67XCAA,10,3,0.3,0.0,0.0
AH7Q4H467WU4X3C7PG7RL2ON3X5Q,10,4,0.4,0.0,0.0
AH7UJCOKUCVECWIMBNFC5KU33GLA,10,1,0.1,0.0,0.0
AH7YFMUQ4T3L4F4AXWH6W35CAUTA,10,1,0.1,0.0,0.0
AHA3PWRXECNTQX33JCX2YCKTUO4A,10,2,0.2,0.0,
AHA4ZUE367VIESLX3MQYYH3OKBIQ,10,0,0.0,0.0,0.0
AHA6J4QAD5PJUSGAHZ2WCGG4WL7Q,10,0,0.0,0.0,
AHAAEJSXRPI5GRKDAFQACXEHSAJQ,10,1,0.1,0.0,0.0
AHACQI3FPGL524EFQWSXOJG7VT5A,10,1,0.1,0.0,0.0
AHADKG2OOQNIJBR7XRDI243NSZ3Q,10,1,0.1,0.0,0.0
AHAH6UYJK2H2KJYNY3OEYM2V2WBA,10,2,0.2,0.0,
AHAIEIRSORRPA62USNQVCCQSJLBQ,10,0,0.0,0.0,0.0
AHAMHLUWZTVCHUQLQNDZZAAX4KGA,10,0,0.0,0.0,0.0
AHAPOSKRPSKSAMXOKGNSUYWI5WOQ,10,2,0.2,0.0,0.0
AHAR2YSTNGRIJYEQBVS7W67JYS5A,10,2,0.2,0.0,0.0
AHARTDWK3UVRFPYYSKR5GHWTPA6A,10,0,0.0,0.0,0.0
AHAWBIWDFA7Z7EORQUHNKXOPBZYA,10,0,0.0,0.0,
AHAYX6YWLK52LPXFSE2QUNMMS44A,10,3,0.3,0.0,
AHB25DQEPBAQXEJMRTTRHYBLBEEQ,10,2,0.2,0.0,0.0
AHB3UXKMIFBPCHFL3U25H4HT2PBQ,10,0,0.0,0.0,0.0
AHB5USJ5J3KKUFYLQBYDFVGYZI7Q,10,0,0.0,0.0,0.0
AHB7SDVFNQQINSZ6MIX3J3V5MHMA,10,3,0.3,0.0,0.0
AHB7URM2ZEBASDARVUBQPPCTKTRQ,10,0,0.0,0.0,
AHB7XZKFB7CO6LCJSK6OTMTOC5MA,10,0,0.0,0.0,0.0
AHBFWMXRA5DXHYFMFLYRC25DVUCQ,10,1,0.1,0.0,0.0
AHBKPHIWICSBEESGB3EIWWUCMEJA,10,0,0.0,0.0,0.0
AHBM2ZS3IHNCWH2XHOUUYN2N6EPA,10,2,0.2,0.0,0.0
AHBPQDWOYSP5QQEIETIMQFCX7EGQ,10,0,0.0,0.0,0.0
AHBPVWEQQJYJV7OYQKXEXLNQCNLQ,10,8,0.8,0.0,0.0
AHBQYAFF3P7663IHYQ7KCE75NQBA,10,1,0.1,0.0,
AHBT52J2ZQLELXSEBE6X6N2P7YSQ,10,0,0.0,0.0,0.0
AHBTQWKQL422IH7YO2XKYIEL7P7Q,10,1,0.1,0.0,0.0
AHC3FSGWZO57J3CBTI6MPELPQEFA,10,0,0.0,0.0,
AHC3PL2MI23ASRTMEVN3Y7HSUX7Q,10,0,0.0,0.0,0.0
AHC4XG2P7FLTT4YTTYQCXFEX6DIA,10,0,0.0,0.0,0.0
AHC4XNSYNNC2R7X6IQYREB6XVGTA,10,0,0.0,0.0,0.0
AHC5D76CWQV6UHSOJIWNXFGM4ATA,10,2,0.2,0.0,0.0
AHC6C4GKXZI2RI7TKGZ6FTGQMMCA,10,2,0.2,0.0,0.0
AHC6K467P7YVJTHM4EHJ34EGWNIQ,10,0,0.0,0.0,0.0
AHC6RDL6QSNP6YPLICGRKXNUOAWA,10,0,0.0,0.0,
AHC6UK7AUUJYG3QUWTXVV3WKN5GA,10,1,0.1,0.0,0.0
AHC74ZNMBOUXBJC4JI5O6QHT6D3Q,10,0,0.0,0.0,
AHCA3FF2KQI7SRT32XBZCNHFEHOQ,10,1,0.1,0.0,0.0
AHCCQILGSXELJC53YV6K3C3WBDFA,10,0,0.0,0.0,0.0
AHCEGHGYWR4RIDWR2LGQDCCLJJAA,10,2,0.2,0.0,0.0
AHCFV3JUAQB2IEYXBMDPWDV3BF7A,10,0,0.0,0.0,0.0
AHCGZ7DHLVG6ZOMYMT72HXIRSPVA,10,0,0.0,0.0,0.0
AHCKW36JOHBW4ALRQVU7R6YTDZLA,10,3,0.3,0.0,0.0
AHCLUVQ2GNXOH2MAMZFJ2HNDJPQQ,10,0,0.0,0.0,0.0
AHCODMEDV6AJKCF4N5LFS3LMAZXA,10,5,0.5,0.0,0.0
AHCR4E3C277EQLVE43JKUNMPGRBA,10,1,0.1,0.0,0.0
AHCV2RR4HIAI5KGCSMUZE5VX55GA,10,3,0.3,0.0,
AHCWZL7LHNR6T7JLO3U3LCEQFLSQ,10,2,0.2,0.0,0.0
AHD4VSCBIOL3ZM6XDCZYCQKQYDNA,10,0,0.0,0.0,0.0
AHDB4MTGAFZQFPFUBC2GCW3H5MRA,10,0,0.0,0.0,
AHDD5MA26I3LNJPFE3DX74PVVGKA,10,0,0.0,0.0,
AHDDV6BKQI4B2MBTFP6K4LI62OKA,10,1,0.1,0.0,0.0
AHDJ5NOH5NAYSHNN7KD7OMVKKO7Q,10,2,0.2,0.0,
AHDLZL4XEAVBYPZ62GIZQQJRJZFQ,10,1,0.1,0.0,0.0
AHDQPQDNVBTIX2G6H3MDFCEQYADA,10,2,0.2,0.0,0.0
AHDQTLHWO5K537EF3L5GC5S4JEKA,10,0,0.0,0.0,
AHDRE7FPR6UXPOU7DUZHI473L72Q,10,0,0.0,0.0,
AHDTY7KXH5RGZPKHWWH5W37IIQ5Q,10,3,0.3,0.0,0.0
AHDZ6IPACNCWO77TMLNXUGUS2NEQ,10,0,0.0,0.0,
AHE6A2J23M6UUHWUSY4VUC3N7ROA,10,1,0.1,0.0,
AHE7LV5BQBPV3JUMYW4LG542LBPA,10,1,0.1,0.125,
AHEABRGIPSJW3HCWRNHGDIHGSACA,10,7,0.7,0.0,
AHEC6MDJE57EX2CLUG5MGQNSLUTA,10,1,0.1,0.0,0.0
AHECR73DGU5JHS2GOGKLD3C4A3SA,10,0,0.0,0.0,0.0
AHEFCAXVJIHAXFE4BJVGD5CQT25A,10,1,0.1,0.0,0.0
AHEILWZYRACQLSSOZTFZYJ6IXYEQ,10,1,0.1,0.0,
AHEIUQGGTZHTBHPH6T62JM3IOKSA,10,0,0.0,0.0,0.0
AHEKI6TT6MHCBDICMPPLBOVL7JMQ,10,3,0.3,0.0,0.0
AHEOFRNCWPPXUG2Q26BUODZO4KTA,10,2,0.2,0.0,0.0
AHEX3HC3ZBC74O36D4APF724EAHA,10,5,0.5,0.0,
AHEXUYOR2PRRNNV5WDG463IFTNCQ,10,1,0.1,0.0,0.0
AHF24EZD4VJLOPJHYV7CLQZLQHOA,10,0,0.0,0.0,0.0
AHF7ZXYZLEFMZHRC6Y6T2J3P57FA,10,0,0.0,0.0,
AHFBQ42QEWHFCKBRX7XBDXX3L4OQ,10,1,0.1,0.0,0.0
AHFBXB7WUVYP4IZEEOPTWUSMVJIQ,10,0,0.0,0.0,0.0
AHFGTI6NVRRJMAUQKDIIABDZYD7Q,10,0,0.0,0.0,
AHFJQ7LMQ57B4HT4VKOUUXULGERA,10,1,0.1,0.0,0.0
AHFKDG33YKWZZOGTFP6YJ7LWOV6Q,10,0,0.0,0.0,
AHFOXJTL3OFNCGNJP5TURBFLJ2HA,10,0,0.0,0.0,
AHFWCJI7WYM3NK4TJGF2EOIZZSDA,10,0,0.0,0.0,0.0
AHFXMYDHD7XLXAGNJJHX5HXRBYZQ,10,0,0.0,0.0,0.0
AHFY7OYDINYSXSNYCHVMEVWIC5QQ,10,1,0.1,0.0,
AHFYFYNJG4YZIOUI57L5QBXLEBTQ,10,3,0.3,0.0,
AHG22FGDCE4C5S6PKIBPUIKG2BFA,10,8,0.8,0.16666666666666666,0.0
AHG3PO2W4CL73SBEWHST5ECOK6NQ,10,0,0.0,0.0,
AHG72ACR5SCVBYCFM5VTLHZAP5RA,10,0,0.0,0.0,0.0
AHGCL2VOIB45FI4XNLWJCUDXN6IA,10,0,0.0,0.0,0.0
AHGE72BODDEH75S355KDPIQZITKQ,10,0,0.0,0.0,0.0
AHGEX4UH7GDLQOVPGZ2OW4LGD7LA,10,1,0.1,0.0,0.0
AHGLZNIXAROQF4PP2IEWEDEM6QTQ,10,3,0.3,0.0,0.0
AHGMXOM4EFBCBNWIL6AYHPAGUI5Q,10,7,0.7,0.0,
AHGPNG6LJKHYC5WXK7TUE5CXQQKA,10,0,0.0,0.0,
AHGVWK2DQY4TARS4CTTZBWKJG2ZA,10,2,0.2,0.0,0.0
AHGWKHXWZ4TWP4SWQZP4W5PMMNNQ,10,1,0.1,0.0,
AHGXBVGP5LO52UPX434LUA62TMWQ,10,10,1.0,0.0,
AHGXIGSZFUEBG4BJV5C7F6VBKVRQ,10,0,0.0,0.0,0.0
AHGZATEWKDOBD2J7JTA3ZHCZOHXQ,10,0,0.0,0.0,0.0
AHGZGOELT5KZXFZ4NF3V2DHUDQ2Q,10,5,0.5,0.0,0.0
AHH2TTXJBT3G6M727TYEIIBADARQ,10,0,0.0,0.0,0.0
AHH2WY6Y246M2HNR2AWVJJSCUCLA,10,1,0.1,0.0,0.0
AHH37YROLTSQR6XVOM3EVQRECVEA,10,0,0.0,0.0,0.0
AHHF4AFDEYNZVDT5SROI35S767YA,10,5,0.5,0.0,0.0
AHHFUZZOT2HPJ3PSELTBLOYQS4IA,10,0,0.0,0.0,0.0
AHHFZB6IG3XVYSZGCCKHROEUL2DA,10,2,0.2,0.0,0.0
AHHKGC44C5EAIHLULTUGQLO455UQ,10,4,0.4,0.0,
AHHLDA6ALQUOSZ7IZGQ73SLVI3ZQ,10,6,0.6,0.0,
AHHO2ZI7DREW777VPC7CAI7A3FMA,10,0,0.0,0.0,0.0
AHHOVMKTOHRFODCRFGSNPKTJ6BWQ,10,0,0.0,0.0,0.0
AHHP5SHHKLP5QSWN4TFALSS56ZGQ,10,1,0.1,0.0,0.0
AHI2WUS2Z36WV4AB6TT3MR5DXDHA,10,1,0.1,0.0,0.0
AHI46ZL6NBNBRUD5F3YUP5ZWHEFQ,10,0,0.0,0.0,
AHI4PG33FLI6H3SWRDSDVGDDAPLA,10,2,0.2,0.0,
AHI4QMBBHXRDUNUUC6WMI6FUSXBA,10,1,0.1,0.0,
AHI57FBXWZSC3JTQCE3VTAT4HNQQ,10,1,0.1,0.0,0.0
AHI6QE5CQTL3FO5HTF6OUQFNACQA,10,1,0.1,0.0,0.0
AHIBHMJHIESF4HVKUSJCSCKVBSUA,10,10,1.0,0.0,0.0
AHIF5HZGSEWZJKQNLCOKGUATDF7Q,10,0,0.0,0.0,0.0
AHIFMMUC22JSTO54NVEFJKGL4Q4A,10,0,0.0,0.0,
AHIJ3OOZAUJFNUJS62VIBVZVVRUA,10,1,0.1,0.0,0.0
AHIJEUUMT3WKONI35CDE645HB3DA,10,0,0.0,0.0,0.0
AHILCBZMPDDT6ZH36BY6FX2VCKOQ,10,1,0.1,0.0,0.0
AHILXQL5R5XDILZXBNAVJKCHENTQ,10,3,0.3,0.0,
AHIOIBDRNST344VQCCGSJTSAZL2A,10,0,0.0,0.0,0.0
AHIQGQL6GAKB6WNNSLJZEUVFAPCA,10,3,0.3,0.0,0.0
AHIQVGPHCBR5MH3RIITKQ75KL77Q,10,4,0.4,0.0,
AHIRTEXYDINKP4DT3CGOQIFLKQJQ,10,0,0.0,0.0,0.0
AHIRWKIA4JWTMPDXNI6ZTUCUQ5NA,10,2,0.2,0.0,
AHIRWYSPJZOYC5N2AJRM5MTABLIQ,10,1,0.1,0.0,
AHIUD4ASTIXKKM2CA3A72HXXBJNA,10,1,0.1,0.0,0.0
AHIVPVXLFHWZ76UQ3YTYXAAT4JDQ,10,1,0.1,0.0,
AHIWHHZVU4VERGL2ZENI32I3FDUA,10,2,0.2,0.0,
AHIWOE4225MCWH374GJ5WYPFNNWQ,10,2,0.2,0.0,0.0
AHIWRGPY45DQ5FZ3OEBGGHYYFDBQ,10,1,0.1,0.0,
AHIZUUEBA4PWEZIMOIC242H44QMA,10,0,0.0,0.0,0.0
AHJ4QNNR4CSVJTARGV63HXQ7ECBA,10,6,0.6,0.0,0.0
AHJESSK2XPBGMOFKLP5IKZ3QOH4Q,10,4,0.4,0.0,0.0
AHJETUBRCQ3U4CBL5MXYARLVJ5KA,10,8,0.8,0.0,0.0
AHJGWPATO2HVXXOWYVZR7HUFAKDQ,10,2,0.2,0.0,
AHJGYZY3APTF23QWCDSM66CQCPZA,10,0,0.0,0.16666666666666666,0.25
AHJK3FGLVYOU2BIOY44JE2BMSOAQ,10,0,0.0,0.0,
AHJLJY6D7TTL3QSMN4TFAJJSAGUA,10,3,0.3,0.06666666666666667,0.5
AHJN6ADBXVTCSCTIPC4WXJFTYIRQ,10,1,0.1,0.0,
AHJRQ62HQBVA3MMCU3EPZVCMSRAQ,10,1,0.1,0.0,0.0
AHJUCN3APUY6MTUCTFXKSVV3556A,10,0,0.0,0.0,0.0
AHJV6Q32BEVYOLMEWWDQVHWXK6KQ,10,2,0.2,0.0,
AHJX53KKOPU4FTGRCWAGDDMXUUHA,10,5,0.5,0.0,0.0
AHJZLZSJYR62FOUM2QO4CYHLMQNA,10,0,0.0,0.0,0.0
AHK2HFL2O6XQAYQGN5JKL7PP3C3Q,10,0,0.0,0.0,
AHK2W6ZH3HX72GUZERUZMQUGWYNA,10,5,0.5,0.0,0.0
AHK34FRI3IXS3TKBW7N7KLJGUCNQ,10,0,0.0,0.0,
AHK5SGHSRFPRJBFW7FU6V5LYU64Q,10,1,0.1,0.0,0.0
AHK6AQTWZXTKNOEVW754Q7SISBNA,10,0,0.0,0.0,0.0
AHKAZNWK7KEIIWG2W65ZYU2ZUITA,10,2,0.2,0.0,
AHKIJ4LXI6GTDE5GXHT2IG7KZNGQ,10,0,0.0,0.0,0.0
AHKITCQRKCZWF6O5WKSH6FRB2M6Q,10,0,0.0,0.1,
AHKKZAJYUXGXJSHCDKUL32FSODBA,10,2,0.2,0.0,0.0
AHKNO5KU26W4HS2EPCIMPWZ5YXRQ,10,9,0.9,0.0,0.0
AHKQI5DHL4DCAKLYWF4C7KKP4W2Q,10,4,0.4,0.0,
AHKUVDQJZUWZ5P4PCSJZGQYIDQNA,10,2,0.2,0.0,
AHKWAW7SXIBUAWOM2EA3LQHMMG2A,10,1,0.1,0.0,
AHKWVA52UMLFBCJ3BPY7P57P4HSA,10,0,0.0,0.0,0.0
AHKYEIP6NQ7NGVMYINLBEFP7YBBQ,10,0,0.0,0.0,0.0
AHKYXV7JN2UO3QERHEGKW775HIQA,10,1,0.1,0.0,0.0
AHL3PEI32DHUY2CKIYE6G3662M6A,10,0,0.0,0.0,
AHL6GOIWDTTV25AODOVLUHXGK5UA,10,0,0.0,0.0,0.0
AHL6QPIJMK5YH5MRJOBYMFXS4NVQ,10,4,0.4,0.0,0.0
AHL6T2DFXK5RJVTRAPLDHV4WGXEQ,10,4,0.4,0.0,
AHLALNC7WGCMQ3ZU7VM2WX5M2NLQ,10,4,0.4,0.0,
AHLAVEDOCCOQJFFLE7DOC7G7USPQ,10,0,0.0,0.0,0.0
AHLCTAMDJMLO45TGL5C3LFNNGFBQ,10,1,0.1,0.0,0.0
AHLDFQ6XMNOCSFS7ULOPJ4LEB5WQ,10,1,0.1,0.0,0.0
AHLDL353YDVVU5WXY7654FL6IYNQ,10,4,0.4,0.0,0.0
AHLEIZP4DAP2IWRSS2LVARIQ3PBQ,10,0,0.0,0.0,
AHLFXRTP4HGQIH7XW5IZ5KMQIXGA,10,2,0.2,0.0,0.0
AHLJSUDY7SD3VIRIQUNC3TRV4GKA,10,0,0.0,0.0,0.0
AHLKSCFL4FKTB46WOBLE3DX556NA,10,2,0.2,0.0,0.0
AHLLSVTTSQ4BELN5KCOUTXUIYHHA,10,2,0.2,0.0,0.0
AHLNW6DYCFEI6XX5INWEOEK2SJZA,10,5,0.5,0.0,
AHLOIBNSUTHD54GMHMIWFVMXG2QQ,10,0,0.0,0.0,0.0
AHLPFBPY5TW77NKF5PRR2YCCWD3A,10,0,0.0,0.0,0.0
AHLPVQA2N54QFHXF6Y4V2TDYXV6Q,10,2,0.2,0.0,0.0
AHLQU36RFFABP5KHRWUWJKGTTH5A,10,1,0.1,0.0,0.0
AHLRMQKR4DY4ZPHJVDAQMGCSRFGQ,10,1,0.1,0.0,0.0
AHLSNLTZK6EATUSJZPL5K2FJHNFA,10,0,0.0,0.0,0.0
AHLT6VC2YEASH5M6MKB2CBDSUHPQ,10,10,1.0,0.0,0.0
AHLWQQB3V7RBFOTIHWDR4T7XMDXA,10,0,0.0,0.0,0.0
AHM2E3X72ZORE62AFX5ONQNGDWWA,10,5,0.5,0.0,0.0
AHM2KGZMLINHQ2BXPP7AE52C4PAA,10,1,0.1,0.0,0.0
AHM5ZNS25TY5TGW7R3VM2RBNKE6Q,10,3,0.3,0.0,
AHM6Q3656KXPYGTKJLYL4J2N55MA,10,2,0.2,0.0,0.0
AHMBM2M7FRWEX2X5GNYHQYT4IDMA,10,7,0.7,0.0,0.0
AHMCVXJMJ5ZDPFC466MN3DFF427A,10,0,0.0,0.0,0.0
AHMFKYURWH2B4ZLWBIDE2YBPGONQ,10,1,0.1,0.0,
AHMFSLIZ266QEOGB7WDMYZXGF2OQ,10,0,0.0,0.0,0.0
AHMJNZHZ5EYZH7WVHIUBGI23UP2Q,10,0,0.0,0.0,0.0
AHMKCCGYEEAOVDDD2CID5F4CXGLQ,10,0,0.0,0.0,0.0
AHMOXT6UU4WXCDKMAGROYMBJJIJA,10,10,1.0,0.0,0.0
AHMQE4CUBESTD62NMJD3PC3BFQYQ,10,2,0.2,0.0,0.0
AHMX3WE4J4JN2NRFKFAUGDYGSYGQ,10,10,1.0,0.0,0.0
AHN5QP7YL3S2AQPJLVXPIIFJZKMA,10,0,0.0,0.0,0.0
AHN665XTQDKQVRNM67SCZTMX3BXQ,10,0,0.0,0.0,
AHNA2B2VZKL6CBMQGGHOQ3SXCUKA,10,0,0.0,0.0,
AHNAZOJFPKO2OOH6HT7QAGNEBI2Q,10,0,0.0,0.0,
AHNB7FTEBX5YGXTW3JWRFJM65OHQ,10,1,0.1,0.0,
AHNCVWGN3T4CU7E2MYKPMJ5ZRRGQ,10,1,0.1,0.05714285714285714,1.0
AHNDLLLTAJJS2FEUGLTNSH6TXHXQ,10,0,0.0,0.0,
AHNDM6NMNTEJ3LNCNUBFPXEUT3NA,10,1,0.1,0.0,0.0
AHNL4SK35JO2GU3D3RMNKIE2YRLQ,10,2,0.2,0.0,0.0
AHNM6NCKNVH27QUN55BNWJAXP57A,10,0,0.0,0.0,0.0
AHNPSOEMF4AAVHHD537I42BTPDXA,10,10,1.0,0.0,
AHNQO4ZQSLGCDHULGXOONGQJXWDQ,10,0,0.0,0.09090909090909091,0.25
AHNRYMNJXHMCDNYW56G67BQUN3IQ,10,3,0.3,0.0,
AHNUQU4SFS6TCQICMJP6J2INRCNQ,10,2,0.2,0.0,0.0
AHNVE4FLDBJY7EB6J3JET7ZBE2JA,10,0,0.0,0.0,
AHNVTLQODKQQ7RC6B465ZMDEOIRA,10,5,0.5,0.0,0.0
AHNZVWC4FQI2BVDA3VLA7WMQXITQ,10,6,0.6,0.0,0.0
AHO6735E5JKFBKNWOHOQBJWOCMLQ,10,0,0.0,0.0,
AHOAIYXI3DQESGG7UE7KEBHAIBWA,10,3,0.3,0.0,0.0
AHOH5FUS4WVFZNRRV55SPZGGHCZQ,10,1,0.1,0.0,0.0
AHOHMETLXKVGD7PIBJ7GFG2LYZOA,10,1,0.1,0.0,0.0
AHOIERADN5IACWTQRW2ZGUKCXXOA,10,5,0.5,0.0,
AHOK53NP457EW3K3CL7TSEFZTPMA,10,1,0.1,0.0,0.0
AHOQZ5FKGAWBUBXNEMZTFDWJI2DQ,10,0,0.0,0.0,
AHOUFZWHJPHEQYUDFV6ID6TY2T7Q,10,2,0.2,0.0,
AHOURVP3V4HNO3R5LNH5T2S4NHJQ,10,3,0.3,0.0,
AHOY46LP7JHU6XIG2BIFODERF2OA,10,4,0.4,0.0,0.0
AHOZDFOCSXPNFDP5KZPQA6G5ZFEQ,10,1,0.1,0.0,0.0
AHP4SUEDAEQ245POTW2S3GRTINGA,10,9,0.9,0.0,0.0
AHP6GV5BUYKMTM3TZ5VBMTSRHGLQ,10,6,0.6,0.0,
AHPADE4GXIL27RNENBLDDZNYML5A,10,1,0.1,0.0,0.0
AHPEL2W2CY5IDDXR6DO7D46VUCWA,10,2,0.2,0.0,0.0
AHPFHP43AXWRYZZ4HPNCW7I7J3ZQ,10,2,0.2,0.0,0.0
AHPG65LKS3QKRWDUWAKZNLEK5RZQ,10,0,0.0,0.0,
AHPHB42X5G2Q4BIDEAB5PGRQBNHQ,10,2,0.2,0.0,0.0
AHPHVQQS4HHPCKFBOGTOYQ3G46SA,10,3,0.3,0.0,
AHPOVOFCT7EFFHI7HGU5QQTWGN4A,10,0,0.0,0.0,0.0
AHPT4UW32VRA6UF4PSPLNMGG3NTQ,10,2,0.2,0.0,0.0
AHPUFPZBLT5FNKXNNNMGMSE4O72A,10,2,0.2,0.0,0.0
AHPUPAZYHWFP2OAONBT6UDRSM6FQ,10,0,0.0,0.0,0.0
AHPYP6L4SFNFTW5MU3LHUR6VFQVQ,10,1,0.1,0.0,
AHPZ6VMNE7YJQ67RVOX4XPAPUFWQ,10,1,0.1,0.0,0.0
AHQ2B7J6O63XJU6D7PGOS3LNEONQ,10,0,0.0,0.0,
AHQ3D2NSTAUAXJ4WMYZHEMR4SM5Q,10,1,0.1,0.0,0.0
AHQ6JUW2JR4E4SATH7RQL73YYRVQ,10,4,0.4,0.0,
AHQ6LXS7RRO35EPT3GUASCGUC2XA,10,2,0.2,0.0,
AHQ7D2BQLS42WTCZR32QWG3VRFCA,10,2,0.2,0.0,0.0
AHQ7NMNTQCQCYZSLFBA3YKSKFZRA,10,2,0.2,0.0,0.0
AHQCRSAU63LRJRMGTV2ZYJJZ54KA,10,0,0.0,0.0,0.0
AHQDGG24AT6SLAPGE3MUIZNWW6YQ,10,1,0.1,0.0,
AHQF2VXWQPUBKYR3RMJ6VDFDYUSQ,10,5,0.5,0.0,
AHQG4L3AEH4SXNJJDSYDRNE66LAQ,10,0,0.0,0.0,
AHQHOQ5OMLE3WTOGP5D3EWVFTZHQ,10,5,0.5,0.0,
AHQJIDLHAMC6RQCVVOKNU5NFR3JQ,10,0,0.0,0.0,
AHQMWIPOOE5GHLHIFVEPYLY5R6UQ,10,0,0.0,0.0,0.0
AHQRPAPQ6XTQDYO4OSLPM6UWN6OQ,10,0,0.0,0.0,
AHQTH4NPZW2TOM2LTNCKOERIZEHA,10,1,0.1,0.0,
AHQVQBSU55YEG4IOSFAR3VWMDC7A,10,2,0.2,0.0,0.0
AHQXH4F5YDWOD4FCSRDRBKFKCC7A,10,4,0.4,0.0,
AHQXVWLZDAUU7AHWWMRBQCPOQ5JQ,10,2,0.2,0.0,0.0
AHR2DGO6W46QT6VNDWQSKRQHCXHQ,10,1,0.1,0.0,0.0
AHR2PVBDNMZRXPN5ALKXVNPTWD7A,10,3,0.3,0.0,
AHR4MHDLPWKWZV6F64OBA5OBKF3A,10,0,0.0,0.0,
AHR5UPHW7JTZY2QUTBQL77V6Q7JA,10,0,0.0,0.0,0.0
AHR6G7IV2TM3T7SK4NV7TBGHUZOA,10,0,0.0,0.0,
AHREKRWM46C4QJNJBOU7B6SCUTNQ,10,1,0.1,0.0,
AHRGVWNFDLZI4JITQGYLKPYACAJA,10,1,0.1,0.0,0.0
AHRKX23GMWLK2HUPEKFIJYN3AUFQ,10,4,0.4,0.25,
AHRM4WTYRIO2IJNRLYX4O5BKLAVA,10,5,0.5,0.0,
AHRP3KIADBDKJX2PO2PP2WSUUDPA,10,2,0.2,0.0,0.0
AHRRB4DPYCQK7MPKDX5KLM7B44XQ,10,3,0.3,0.0,
AHRSDFN4DJ7SHUZVGH7GKWCMUAYA,10,2,0.2,0.0,0.0
AHRV7TCSEIPOZ6VB5V7Q6RRQGYAQ,10,4,0.4,0.0,0.0
AHRVZOJWMGJ5ESPUOLTYMSSTP34A,10,3,0.3,0.0,0.0
AHRY6FI53O4GO7UHMFB2Z3AN5PQA,10,3,0.3,0.4,
AHRYI2GT66AGOTCDJBVXTFZUJGSA,10,0,0.0,0.0,
AHS6522QITVGEU2JNWYQMGMBC6LA,10,2,0.2,0.0,0.0
AHS6EPS7R27WSEHR5DP5ODNMOJNA,10,0,0.0,0.0,0.0
AHSFEQ5ZMQPASWAKRXDXLYU3TCRA,10,0,0.0,0.0,0.0
AHSFQPCYWH23QG7N2ZKY5TN35VTQ,10,3,0.3,0.0,
AHSIMT3FPNR67R42XQXYATKX2OTA,10,3,0.3,0.0,0.0
AHSK5D7OBKCQCWSOWSLXDGA6ZCBQ,10,2,0.2,0.0,0.0
AHSLHYUXUZ4BUGGS7LPYD6FMK4NA,10,0,0.0,0.0,0.0
AHSNHIPANYAMDTPAVUBV222AD6FA,10,1,0.1,0.0,0.0
AHSPBUK3GIEJ3AAVLVMJVEVBAYRA,10,1,0.1,0.0,0.0
AHSSSHWULOHRNPEMO6SJVGMAVZ4Q,10,0,0.0,0.0,0.0
AHSTHKGETO7CATP2RZ5UFO2CP2EA,10,3,0.3,0.0,0.0
AHSTYCG5Z3T3O7VMA4NDBWR5NDYA,10,7,0.7,0.0,0.0
AHSVZZJGFSJNZDZ4HTRDHNR2LXIQ,10,4,0.4,0.0,
AHSW6GTG7CTWRIIKSLMAHZ5UGV6Q,10,1,0.1,0.0,0.0
AHSZ4XGGFVDUJZYYTDVOUDDWA4OQ,10,3,0.3,0.0,
AHT2X6NY6VY7KFQPGKKVNERQDVPA,10,0,0.0,0.0,
AHT4FTOB4E63DCALDMJSKEIZR44Q,10,2,0.2,0.0,
AHT76NFW5YGQA53HISE4ACN6CG4Q,10,2,0.2,0.0,
AHTBKFGP4VB3G7MWNX5DTLUL5CUA,10,2,0.2,0.0,0.0
AHTH6ZVBISSFHN2CYZCCNWU2LBJQ,10,2,0.2,0.0,
AHTJE7UCULBTKD6SSNBQLPRRCQMQ,10,0,0.0,0.0,0.0
AHTJX37C4WZYZA7LPXZNQHNRIUNA,10,10,1.0,0.0,0.0
AHTLBNDHKCOVVPK55GYL42YJBP5A,10,3,0.3,0.0,
AHTNFSP7L4UEOL3M2EJTV6MIRRAA,10,1,0.1,0.0,0.0
AHTRI5Y4QU3P76VNLEN5TOCOIKAA,10,0,0.0,0.0,
AHTUKIGN3UIGSM73RW56PKRWPGMA,10,1,0.1,0.0,
AHTVG62EKINEGTA6S5RL7N5R6UZA,10,2,0.2,0.0,0.0
AHTXA6JEGQ4Z2XOK6VT7X2XZKQEA,10,1,0.1,0.0,0.0
AHU2HOKQW43TT75HTZTUGQKHELFQ,10,3,0.3,0.0,
AHU65DZGTJUSEA3QY2RKKZKHFAJA,10,1,0.1,0.0,0.0
AHU66OWAT65EGAQHZVJDZFBMUAEA,10,4,0.4,0.0,0.0
AHUALHQGIUD6HTNZD5AUQK5UTZOQ,10,1,0.1,0.0,0.0
AHUDTIODG5MYT7KGMOS4BJK7PSJA,10,6,0.6,0.14285714285714285,0.0
AHUEK63ZJS3LWSZWL73MT75YWBYA,10,3,0.3,0.0,0.0
AHUFESQQCYRM6AYVJUAR4HUDOYEQ,10,8,0.8,0.0,0.0
AHUFLGX7PDNTC7JAHTT72GWUCUWA,10,1,0.1,0.0,0.0
AHUFXHGENLW7LS5XVUHZWZALJTZA,10,3,0.3,0.0,0.0
AHUH7DSHIROUQWXQ4F2RT5GKSD3A,10,3,0.3,0.0,0.0
AHUIFUPJ7TX6C7UJTX7HB2FMLV2Q,10,3,0.3,0.0,
AHUJSMFSTWJYI34S5PWGWV2ABQUA,10,0,0.0,0.0,0.0
AHUK6FFS5MKUQO6TEKNZW5ESUO2Q,10,6,0.6,0.0,0.0
AHUMK57EQ57LE57UTOQ7VUUVJBVQ,10,10,1.0,0.0,0.0
AHUN3Y6S53NNWZSXNNEYDZ5ITD5A,10,2,0.2,0.0,0.0
AHUNZELDYCYFYPBTECNTUMA6NI6Q,10,8,0.8,0.0,
AHURCZXJJQPLP7WNIKAS7R7CN7UA,10,0,0.0,0.0,0.0
AHURXXYNHZVWH3GOMYJJY4PQPJFQ,10,0,0.0,0.0,
AHUY6YMAXSR5Q4RLJSOU5X7SZTQQ,10,1,0.1,0.0,
AHV2JI6GAKDWJDNPEXR5V2QTMP4A,10,2,0.2,0.0,
AHV2VTH3DO4LWKLXB2BTYMLVLGYQ,10,1,0.1,0.0,0.0
AHVAMPJUUCJMHRGZS5WZO7VCWTPA,10,0,0.0,0.0,0.0
AHVANMKTGZMW75SEYHVZJPKMCJHQ,10,2,0.2,0.0,
AHVKYKLHG4J2PPDY2ILDSRRYNHOQ,10,5,0.5,0.0,
AHVNPE7LYJL3EAUTJOKBIGJ6THTQ,10,3,0.3,0.0,
AHVO5OFVJEHI2YWZYNWMWSGYLDAQ,10,0,0.0,0.0,0.0
AHVPENM4MEQY33LRSMOELN2MVKHQ,10,0,0.0,0.0,0.0
AHVPT7GZUSBW53MJVATJBNTJKGZA,10,1,0.1,0.0,
AHVTH3GTWVKHO6UZKJMADAMEVPZQ,10,2,0.2,0.0,0.0
AHVW4WGTUKPFAUESD3VZPWTFPTFA,10,0,0.0,0.0,
AHVW5NEO4B7SI3E7KHNLEQDJQQ5Q,10,1,0.1,0.0,0.0
AHW3TLGGNUINL2OB6K7SDIJM4BYA,10,2,0.2,0.0,
AHW53GXECBG3IN2C5YZ7I7QEJH5Q,10,1,0.1,0.0,0.0
AHW6BF7A57LSA2DSZSTLXSOTU32Q,10,1,0.1,0.0,
AHW6NPATYHJJ4F75UUDKEJI7OGQQ,10,1,0.1,0.0,
AHW6YJXKMUV4TUNZSYOFSUKCGD2A,10,0,0.0,0.1,0.0
AHWB4JND5BLAONVAEDILDP5LMX4Q,10,1,0.1,0.0,0.0
AHWE2ESZEI7N45TVEATOFRLNTWRA,10,1,0.1,0.0,0.0
AHWFVBDSKM7QTZXWUUX6Q4CZIWZA,10,0,0.0,0.0,0.0
AHWGMLTTRZRZGDNAATGFOJKVMK5Q,10,0,0.0,0.0,
AHWGXUH6HLZGKWEEYOGN64BUXDDA,10,2,0.2,0.0,0.0
AHWHSWZNYBBBFG6R3V5ANKVQAO6Q,10,6,0.6,0.0,0.0
AHWI6M5IAVGWQA7Q7ORSHK5JMYFA,10,2,0.2,0.0,0.0
AHWKKWX626EFSYLPNKKMLRRHNYVA,10,10,1.0,0.0,
AHWKMB3AOI6O3NKEJJTUWRVI64OQ,10,4,0.4,0.0,0.0
AHWLU6AC7NSWMVVH24OL7IHENUTQ,10,0,0.0,0.0,0.0
AHWOAZAYYM2S3RJRNKWTPAEFIT2Q,10,1,0.1,0.0,0.0
AHWTHNC6SGRTE6RWRDP5COGXXITQ,10,1,0.1,0.2,0.0
AHWXRCOXX7EBDE5PHAOFTLE5BGLA,10,0,0.0,0.2,0.0
AHWXRYZA5YJKYILXD6UR3QZT3QVQ,10,5,0.5,0.0,0.0
AHWYJN7KO5UKNNG242UPQ6QQKYEA,10,0,0.0,0.0,0.0
AHWYPJ52IBKDEUNOTLOLIF42GS2A,10,10,1.0,0.0,0.0
AHWZETQZQCQGV4TJKEFXG67Q4A3A,10,1,0.1,0.0,0.0
AHX3M6ACUAD2JYYYFJBF2QO6BPNQ,10,1,0.1,0.0,
AHX4DZ75CUPIIPFMFULH76YFGKMA,10,0,0.0,0.0,0.0
AHX5NFYQKKFFJ3ODDWRHBRVF2NIQ,10,1,0.1,0.07142857142857142,
AHX7CGMK37YC2BTDBVYRJJCM5S7A,10,1,0.1,0.0,0.0
AHXB4U7JJWIEGLK4CY5UVCY7LHUA,10,1,0.1,0.0,0.0
AHXCUDRAP5MPBKYBWHVLRJZSEI3Q,10,8,0.8,0.0,0.0
AHXH2FZREMLUVLJDFWAEVFJCUS4Q,10,1,0.1,0.0,
AHXIXB5GU5AODB26FIJVGN76OU3A,10,1,0.1,0.0,
AHXKOXDKOJCGLJISITIWZO3AZZ3Q,10,3,0.3,0.0,0.0
AHXKZOGUU674KUYIBHHEW7N3CLRQ,10,1,0.1,0.0,0.0
AHXPFAV67BJ4HZBBQVUE5DACWTBA,10,0,0.0,0.0,0.0
AHXVJRI7Y33F4ZLH66NQ4FIUTMNA,10,0,0.0,0.0,
AHY2RTVM2IXL2M3AINZUSSL5QLYQ,10,0,0.0,0.0,
AHY52B6X3PA6SNZ54OYIC3OTWY2A,10,2,0.2,0.0,0.0
AHY5AQIO27FYGCFNKJBL3TF2GD3A,10,0,0.0,0.0,0.0
AHY67IQXT5DTKIBOALRECK7DFROQ,10,2,0.2,0.0,0.0
AHY764XOXAKJTGMRBVYHSPJ6PBTQ,10,1,0.1,0.0,0.0
AHYAGPWVMGOZY24LZFQ3UKOEFHMA,10,5,0.5,0.0,
AHYBR4CBAFGI67PUJBAYRZX25CBQ,10,1,0.1,0.0,0.0
AHYCJXMQZKCSWGOGZHBHUAMULAZQ,10,4,0.4,0.0,0.0
AHYDZXS7MPPJWI5TRKNY3IA4NTYQ,10,10,1.0,0.0,0.0
AHYN6Q5FYHPXLI7G3FRRJ7C2TTXA,10,0,0.0,0.0,0.0
AHYPZ7KDLCA6DMBJDVUCRNFGMLUQ,10,3,0.3,0.0,0.0
AHYR4SLZFIWQGWJYVGHYYPLDCEQQ,10,3,0.3,0.0,0.0
AHYRJ3OE7KHYNWMSOTJLM4ULR77Q,10,0,0.0,0.0,0.0
AHYRP2WDSE7O3Y4NUUBHRWLC3I2Q,10,2,0.2,0.0,0.0
AHYTX5ULPQZXZ2QD3OYPZW4IJCKA,10,0,0.0,0.0,0.0
AHYUGLGGO7PTTMBVT5XQ4RLJPOMQ,10,0,0.0,0.0,0.0
AHYYS2K7YF7WRU3GZBXCHYI7LH6A,10,0,0.0,0.0,0.0
AHYZUSXC6UD7O7OCOJZI6X2QP6BA,10,2,0.2,0.0,
AHZ2XHXAAWYC2KRKXM3USBZL7C5Q,10,0,0.0,0.0,0.0
AHZ46KYZTN5NM74QIIFKVSBGYUKQ,10,8,0.8,0.0,0.0
AHZDCOFRHU6VDXLXZ6VA73ED4QSQ,10,1,0.1,0.0,0.0
AHZEDKV3PSD36NO4AEC5GCLE3GRQ,10,4,0.4,0.0,0.0
AHZFB3BH5VENRYAFHBJPADWMKUNA,10,1,0.1,0.0,0.0
AHZG66YIJOOWNIRABEC63BOHEEPQ,10,0,0.0,0.0,0.0
AHZHAKSHUBW5LWZUIHUFMIW76HKA,10,3,0.3,0.0,0.0
AHZJNVVWTOLAEPBUMRAON5QFB35Q,10,2,0.2,0.0,
AHZMVM7Q74J23RR2VBHYJRQCJLBA,10,0,0.0,0.0,0.0
AHZPIKP74RSTBYH3G2SRZEJRWEKA,10,2,0.2,0.0,
AHZQPSHEYJODQN7UT4LCW6IY77VQ,10,0,0.0,0.0,0.0
AHZTBWAQJCFN3OK33YJPOWXRFPAQ,10,1,0.1,0.0,0.0
AHZU3I6ZY2OETMYY7QPBRWWOQH2A,10,0,0.0,0.0,0.0
